user_id,email_subject,sender_email_domain,Department,hover_time_ms,clicked_link,reported_email,device_type,browser_used,email_received_time,session_duration_sec,geo_location,email_language
5855edec-216a-4fdd-9f3b-14d83fef657e,Hospital cause simply.,leonard.com,Finance,3139,no,no,mobile,Edge,2025-02-19T19:48:02,264,"48.9992835,12.888175",French
494e756a-9b8e-4da1-bd16-5906fa846395,Play identify Democrat director.,bridges-smith.org,Operations,934,yes,yes,desktop,Edge,2025-01-28T14:30:40,263,"59.0786685,-93.727570",English
72d18c59-da69-4995-b03b-7d43bb094443,Compare population happen tree our.,morris-hanson.com,Sales,2367,yes,no,desktop,Safari,2025-01-05T19:35:17,227,"-41.6574815,-17.439238",Japanese
bd92dd2f-cbd9-4481-9276-e7108c0bafdb,Continue smile back successful.,rowe-ibarra.com,Marketing,6876,yes,yes,desktop,Firefox,2025-03-23T02:45:45,214,"-86.8348325,-139.476991",German
146ce2ee-2e6e-4963-9b37-4ae09aa2dc2a,Collection individual entire official bar work best.,hampton.biz,Sales,2868,yes,no,desktop,Chrome,2025-02-05T23:31:42,570,"52.047245,83.387666",Spanish
047d7b29-2aa7-4319-a278-5aaf34ba2efa,Small market majority agree more whom attack.,anderson.com,Marketing,2719,yes,no,mobile,Chrome,2025-02-10T17:12:29,409,"28.165231,-59.510344",English
42f39707-1682-4d35-a481-cf8d79e50b6d,Recently mind pattern to land national.,patel.com,Sales,2062,yes,no,mobile,Safari,2025-02-04T08:45:13,29,"18.9581145,-85.742699",Japanese
b2d1c1ad-fa2b-4fd5-8611-2f673db88ed5,Pretty instead growth field rule cup student.,farmer-graham.com,Operations,9722,yes,no,mobile,Opera,2025-02-11T02:52:50,49,"-34.3698705,109.344671",German
034f810a-d5c2-4710-aaf0-1cdb00834982,Certain specific support trade determine likely.,pratt.com,Operations,2535,no,yes,desktop,Firefox,2025-01-04T14:15:11,323,"-52.037061,-61.751515",French
f9422237-ec9b-43d6-b442-e45a2af26be5,Base often all election forget.,mcdaniel.com,IT,3827,no,no,mobile,Safari,2025-03-17T06:20:57,552,"20.102364,45.721218",French
f40c5513-f978-4109-8d4a-0d1a3255e487,Give interview indeed book green hear water.,gregory.net,Operations,7385,no,yes,desktop,Chrome,2025-01-19T12:50:00,38,"62.972370,-50.992594",English
36387eb3-af95-425f-90be-945d5ab49a78,Politics according too.,henry-hammond.com,HR,7334,yes,yes,desktop,Opera,2025-01-27T21:28:00,413,"-61.394219,77.003410",French
323d6f02-7004-42cc-b5de-62ad0a708c25,Experience speech pretty investment.,harris.com,Finance,6938,no,yes,mobile,Safari,2025-01-28T23:26:11,13,"31.144214,-172.064787",English
eb06163e-9b6b-4d89-85d9-5829dd1de5f9,Authority particularly and success money.,henry.net,Sales,7935,yes,yes,desktop,Firefox,2025-01-06T22:03:24,573,"-42.713346,65.695921",Chinese
7d7f6946-81c1-414e-a447-c9a6233ebd7b,Around detail production.,diaz-williams.com,Operations,7765,no,yes,desktop,Safari,2025-03-28T01:06:45,577,"-35.167957,156.174739",English
82e7fc27-366c-4c3d-bca9-e096df09a7c5,Bed seven air discover agent care.,smith-merritt.com,Marketing,1875,no,yes,mobile,Safari,2025-03-23T06:51:00,461,"-87.436368,-138.516043",German
de054efd-4fc4-49ce-86ba-30da9ffdca46,Place gun wife draw.,stewart.com,Finance,2904,yes,no,desktop,Safari,2025-02-14T16:24:30,243,"-19.6980665,-40.630660",English
bff56d6b-220b-4fae-ba45-667a45a83b20,Beat whole institution list improve.,mitchell.com,HR,8203,no,yes,desktop,Safari,2025-02-20T06:02:53,18,"1.5657645,104.906262",Japanese
1d19543c-8d7e-4b67-bdcd-34ac951b137c,Whose himself administration anyone company remember full.,rios.com,HR,6818,no,yes,desktop,Edge,2025-01-04T02:40:47,582,"60.1363435,-42.785719",Spanish
8bba0a6b-5d98-48e0-a024-22dee2b45dc5,Sing night want affect manage ever it various.,stewart.com,IT,5632,yes,no,mobile,Firefox,2025-01-19T12:51:32,72,"74.3137605,84.367257",English
75fd29b2-9ded-4c2a-beff-d613a99428b4,Rise PM wind various soldier.,sullivan.info,Finance,3677,no,no,mobile,Firefox,2025-03-25T00:29:43,262,"27.9769345,-50.772305",Japanese
e878bb6a-00c8-47f5-9484-927cf0fdf6d9,Smile six Mr travel exactly life how.,cisneros-johnson.info,Operations,2030,no,no,mobile,Edge,2025-01-28T14:24:44,308,"-59.5181685,155.809452",French
e0da9551-b8f9-4ba7-b95c-65afd45a94d0,Participant mother miss fall recognize seven.,wilson-james.com,Sales,8483,yes,no,desktop,Firefox,2025-02-21T18:40:53,52,"70.8282105,119.651367",Chinese
bfe0da98-e50c-45c6-ae7f-309aad4c6f59,History all thousand according difficult live reality civil.,walker.com,IT,8039,no,no,desktop,Opera,2025-03-31T19:12:22,161,"51.336055,-7.175224",English
24c81b3e-ccd0-4e00-8957-9c97a2cfeef7,Score professional modern only religious understand cell meeting.,wood.com,HR,2844,yes,yes,mobile,Firefox,2025-01-12T05:25:33,508,"46.272891,21.636512",Japanese
a0efce57-44a4-4d8a-b6d4-1999a66def0f,Goal western identify management tell modern.,wilson.info,IT,8088,yes,yes,mobile,Edge,2025-02-25T17:50:55,225,"76.296076,-8.694608",Japanese
7c8a8ab5-caaa-4e34-9235-f901f2728cd4,Thousand think decade as its early.,daniel-wyatt.com,Sales,3516,yes,yes,desktop,Chrome,2025-03-21T13:25:22,357,"-76.849899,101.176350",German
30d851ff-9242-40d4-99a0-8272a9fd6027,Level fear action spend term address building.,zamora.org,Sales,3721,yes,no,mobile,Safari,2025-03-19T05:53:10,486,"86.522702,-57.230327",Spanish
c223b70e-8006-4ab3-b7b7-d430a1641109,System risk investment same meeting.,yates-parker.org,Operations,9458,no,no,desktop,Safari,2025-02-14T10:34:42,524,"51.1430385,50.900551",Chinese
538ae8a2-5a48-48ec-96f4-eb21179a02e0,Traditional threat hot media wish allow vote.,rodriguez-nunez.com,Sales,1479,yes,yes,desktop,Chrome,2025-02-18T21:56:13,68,"65.1585975,24.451976",Spanish
c6e7d575-8cbb-4a2b-8fa6-a75865b15a51,Us wide wait begin beyond.,taylor.org,Finance,8213,no,yes,desktop,Edge,2025-03-13T08:43:11,311,"-36.0053315,70.235711",English
f0cfd251-f225-49cf-935b-f2108a6f26d6,Bar study current imagine.,campbell.com,HR,7841,yes,yes,mobile,Safari,2025-03-11T20:48:54,450,"42.2509315,-49.073413",Spanish
dc1407b1-4a45-4f53-a9d8-acc37d88820f,May policy new current.,williams.org,Finance,2715,no,yes,desktop,Safari,2025-03-21T12:16:42,404,"9.558550,-66.896355",Spanish
76ba8f77-ba26-42b5-8590-409cb7eb5d87,Late various understand.,diaz.com,Finance,1618,yes,yes,mobile,Edge,2025-03-31T16:30:00,574,"15.845775,-73.553337",English
ab5633e5-39b0-4cef-9603-6ee2349e0153,Alone couple listen left necessary.,hill.info,Finance,7732,no,yes,mobile,Chrome,2025-03-03T07:14:24,62,"10.4072055,75.201956",German
78d2576e-4099-4dc0-964a-4cec1b33e032,White him low although quality push partner.,wells.com,Operations,4266,no,no,mobile,Firefox,2025-01-18T07:26:26,169,"-19.763538,-55.302769",English
7c4c3f03-03e1-4924-af56-82819bfbda2c,Opportunity their smile vote night.,guerrero.com,HR,2045,yes,yes,desktop,Edge,2025-03-03T02:00:49,572,"-77.4756215,-168.432418",German
f3cb9810-865a-4fd5-bcab-e64bf8930704,Able goal education.,jones-erickson.com,Operations,6023,yes,no,desktop,Firefox,2025-02-23T05:06:11,229,"-12.227457,87.600087",German
653e9d45-00ea-4051-bc1c-a37ce89bec38,Him kitchen bed.,byrd.com,Marketing,3105,yes,no,desktop,Opera,2025-01-02T01:42:09,449,"40.7786365,-47.284518",Spanish
5a6382df-8a29-405a-9099-a3fece865a41,Boy decision rock activity available.,coffey-johnson.com,Finance,6271,yes,no,desktop,Chrome,2025-01-13T14:59:07,555,"-58.936124,115.748434",Japanese
a01a4b4e-5031-4f75-8008-765897c7c394,Nothing for who sometimes control identify trade.,watson.com,HR,5287,yes,no,mobile,Edge,2025-02-13T18:04:01,365,"-25.8857595,-164.776857",English
384a89e9-36a8-41e7-9245-591a2406976e,System visit myself.,erickson-powers.biz,Operations,2807,yes,yes,desktop,Opera,2025-03-17T07:12:46,403,"-62.7116525,-148.546760",English
0f3d265a-1b5b-46d5-a1a4-ae81d1d70964,There across drive seem at former.,johnson-daniel.com,Operations,8727,yes,no,mobile,Opera,2025-03-30T00:00:51,10,"34.7780245,48.528275",Chinese
2c0cbe2e-b54e-49be-a75e-bca56b2e2192,Study opportunity throw service.,alvarado.com,Marketing,9814,no,yes,mobile,Edge,2025-01-12T23:17:43,409,"-67.9849175,90.034157",Chinese
4486c0f3-9b24-4cce-aa50-5e5580a1c84b,Position budget detail.,miller.com,Operations,9427,yes,yes,mobile,Edge,2025-01-02T23:46:09,225,"73.642458,128.646909",Japanese
5fcf3b36-b1ef-43d2-8b5e-bd4a0abc1aed,Practice mother rate artist.,morales-zhang.com,Finance,1541,no,yes,mobile,Edge,2025-02-21T08:22:31,319,"46.0691665,7.255263",Japanese
a68a09b0-206d-46cb-8771-28333e928777,Boy admit director record measure information perhaps.,davis.biz,Operations,5183,yes,yes,mobile,Opera,2025-02-03T10:59:29,196,"-35.953652,34.612737",English
14504a5b-3234-4696-9a3b-5e268c39ecb0,Relationship child human.,jarvis.com,HR,2194,yes,yes,mobile,Edge,2025-01-06T21:40:07,468,"-54.390281,-32.264063",Chinese
180c480e-e7c6-4187-8fa3-5fa566ed8566,Ability keep star above set.,bates.org,HR,5281,yes,yes,mobile,Opera,2025-03-18T06:43:11,78,"59.972816,76.374790",French
2f0439e9-06ec-4c1e-92c7-1518cd621322,Rise really develop adult standard moment.,rojas.com,HR,4648,yes,no,mobile,Opera,2025-01-22T02:12:34,283,"43.696690,-144.405412",English
ef521c41-a6ce-48cf-93ed-82ad12a35c71,Believe make there interview drug.,mahoney.info,Operations,5227,yes,yes,mobile,Firefox,2025-01-04T20:47:44,282,"54.035073,46.134935",Spanish
9eec51c1-d261-4896-b428-64ee3d73722e,Daughter positive machine dark.,cohen.com,HR,8855,no,yes,desktop,Firefox,2025-01-25T09:36:39,283,"78.5486925,-9.984844",Japanese
171a16d8-46b2-4170-8a38-a74d64b82edd,International recent us read.,arroyo-norman.com,HR,4838,yes,no,desktop,Edge,2025-03-25T15:26:38,289,"26.987807,-91.220863",Spanish
16a0cc3d-453b-430c-bf4e-f437fe4a477b,Small soon show operation them director chance.,lopez.com,Sales,2519,no,yes,mobile,Opera,2025-03-25T05:33:12,405,"-41.8067735,-39.909404",French
2022ddaf-9b6c-4728-9431-255a37e2b12b,Dog tend seek lead memory.,gomez.com,Marketing,5622,yes,no,mobile,Firefox,2025-02-18T03:08:55,569,"85.8926655,-118.754653",Spanish
dc5af657-dd56-45ea-a803-0062193f1826,Doctor list in recognize special we middle.,hopkins-farrell.org,IT,2714,yes,no,desktop,Safari,2025-03-31T14:16:39,129,"7.230040,-44.000301",Japanese
36baab66-f6c9-4576-80dd-6e00ad82cc8f,Rest use event race new.,walker.com,Marketing,2137,yes,no,mobile,Edge,2025-03-19T06:35:48,348,"52.236263,98.685921",German
e54491fb-72e7-4f9b-b2e3-36b950fe259e,Only western marriage court best east listen.,burns-colon.info,Operations,3024,no,yes,mobile,Safari,2025-03-05T23:37:01,37,"-28.848158,-59.261117",Chinese
136e901a-5a15-4e62-b6e3-da334345f74d,From expert sign six change simple voice.,douglas.org,Operations,7597,no,no,desktop,Firefox,2025-01-27T23:49:33,55,"89.544854,40.367953",English
979b3b71-f6bd-4f44-ac05-a94f4bf73d22,Myself well performance recently.,walker-ellis.com,Marketing,4615,no,yes,mobile,Firefox,2025-03-17T18:37:27,379,"89.027446,-60.908786",French
e31997b0-273b-40be-a85e-e259224282c3,Suddenly behind cell including matter development.,young.net,Marketing,8185,yes,yes,desktop,Firefox,2025-03-31T15:16:13,487,"5.2026315,76.509961",French
0e2b5f6c-8d4a-444d-b910-57dd0db97a15,Put within door factor city yeah.,mann-dorsey.net,HR,6999,yes,no,desktop,Safari,2025-04-01T11:43:44,436,"34.901223,125.093657",English
aa3e93fa-4446-4941-88e2-82db7de60075,Goal think animal building.,solomon.net,Operations,3030,yes,no,mobile,Opera,2025-03-16T04:58:09,151,"-16.165136,93.023531",French
7a655a7d-9aee-42bc-ae37-440481a84216,Should at player power bit professor.,nichols.com,Finance,8071,no,yes,mobile,Firefox,2025-03-13T01:25:58,40,"-2.998369,83.601449",French
e08bb3c5-ceaa-43b0-8c37-1e701a0a4be4,Somebody poor them dark agency mind total.,mitchell.com,HR,9978,yes,yes,desktop,Safari,2025-01-19T17:20:52,507,"88.8539665,-20.008659",French
49c6a231-9a48-42cb-ae43-cacdb9b1dbf4,Relationship agreement mind why member responsibility blood.,davis.com,IT,2155,yes,yes,desktop,Safari,2025-03-07T17:14:22,461,"60.2923445,-121.655010",Spanish
64e5388c-d2b4-4c28-b923-20556c173dfc,Or budget American smile your.,myers.com,Operations,6524,yes,yes,mobile,Safari,2025-03-26T12:20:57,193,"31.1715525,-52.736126",German
a679a628-f879-43ee-8263-aacd31e25255,Be also husband who far.,atkinson-miller.com,IT,1171,yes,yes,mobile,Safari,2025-01-03T11:35:56,361,"7.032999,106.802075",German
7f3c029b-5ab5-4f86-844d-7020d3307bb1,Film particular on health marriage medical senior.,clark.com,IT,625,yes,yes,mobile,Firefox,2025-01-13T01:00:47,91,"56.734604,27.435061",Chinese
d61df87c-b241-42db-b2db-6f569b028110,Sit line pressure rise coach rate.,garcia.com,Marketing,8103,no,no,mobile,Opera,2025-03-01T04:12:41,41,"-18.2795495,107.589172",Japanese
ec8a456b-53c9-4754-88d1-1a6c7fbf5f80,Example standard sure condition research relate son.,garcia-collins.info,IT,8159,yes,yes,mobile,Edge,2025-01-01T13:40:43,467,"-64.012248,71.029764",German
041f17fe-2968-4421-8f89-ccd724fce515,Knowledge sing everyone film detail appear.,johnson.com,Operations,2096,yes,no,desktop,Firefox,2025-01-23T18:43:16,269,"-65.202337,-109.787333",Chinese
697e361a-b759-4bc2-b785-2ae98a59ac6f,Range drop detail herself through character.,simpson-hendricks.com,Finance,8561,no,no,desktop,Safari,2025-01-26T07:40:58,15,"40.0326955,57.213409",French
2bdcc464-d08b-4649-8179-2505541b01d7,Game various president teacher white throughout.,davis-nguyen.com,IT,1457,yes,yes,mobile,Chrome,2025-03-30T15:47:08,450,"-65.7594305,-7.826210",Chinese
1bd962ec-f376-4fc5-9e11-c0e7140cea4b,Dark purpose natural recent cut read note.,nelson-roberts.com,HR,5741,no,yes,mobile,Edge,2025-03-27T09:30:04,255,"54.172543,152.152703",Chinese
e514f2ad-6841-4b37-9e17-a4df6be03073,Year who product she involve always.,warren.net,Operations,9554,yes,no,mobile,Opera,2025-01-25T23:20:01,361,"-65.8064555,-8.526047",English
78225c20-4df6-487b-9561-cbc21b852d2d,Drug what social model race third perform account.,smith.com,HR,1849,no,yes,desktop,Chrome,2025-03-28T19:21:43,206,"60.8939095,-62.690236",Japanese
898c2c93-cc71-4042-a969-dcfe958fab15,Six guy our body type southern door.,hoover.com,Marketing,5960,no,no,mobile,Safari,2025-02-05T00:13:14,575,"-79.018077,-55.254246",Japanese
3abd9949-a99e-4e6e-b938-e7023b266e82,Lot defense term course.,mills.com,IT,8994,yes,no,desktop,Safari,2025-01-03T21:42:34,570,"-19.5324065,-120.217428",Chinese
6cec7417-e8f6-4800-a4c2-847d1d24a710,Only attack nice myself art room.,roberts-willis.com,Sales,7667,no,no,mobile,Edge,2025-03-27T04:49:33,363,"44.5649775,166.170264",French
b7b2ebc0-4eb0-4460-9ea4-b24b0fd2eb45,Information bill key institution.,brady.com,Operations,6354,yes,no,desktop,Chrome,2025-03-29T01:10:03,264,"-14.9954005,-81.690899",Spanish
1c8b6500-ed16-4dd5-aafd-4f46096121da,Room of paper war.,young.com,Sales,4720,no,no,mobile,Opera,2025-03-01T20:46:50,482,"5.6525125,59.855775",Japanese
7d172ea3-1ab5-4f2b-bfc4-7a3318490120,Once more generation need great street.,williams-mcintyre.net,Finance,6717,no,no,desktop,Opera,2025-02-14T02:29:32,351,"-27.1705555,9.373851",Chinese
4aaa4aee-378f-4a00-9522-96feab078ecf,Customer group let carry development health because.,holland.com,HR,9954,no,no,desktop,Firefox,2025-02-04T22:41:36,50,"-31.680196,85.068414",English
3daf5725-e2b6-493d-b266-9370c3aae465,Treat ready indicate outside south than arm store.,ramos-cook.com,Sales,9863,no,yes,desktop,Edge,2025-03-14T22:30:00,580,"78.8675915,-148.604148",Spanish
08432b43-770f-4a73-80d2-3c12139e6497,Report area administration research.,morales.com,Marketing,700,yes,yes,mobile,Edge,2025-01-30T08:31:24,179,"48.535671,118.970327",English
b16b883b-e5fd-4402-aee1-6439a9fd444c,Likely decade together.,moody.info,IT,9349,yes,yes,desktop,Chrome,2025-01-13T07:29:48,423,"-33.850092,173.771576",German
3fdc3e80-a524-4fdb-b17a-b76c4e6f0cbd,Capital owner industry look maintain affect tell.,wilson.com,Finance,4184,yes,yes,desktop,Firefox,2025-01-14T10:43:03,185,"-71.4029545,131.029564",Japanese
b6bde716-f528-46b8-b641-40ec888a3aeb,Account prevent young though of.,reed.net,Sales,5490,no,yes,mobile,Safari,2025-02-02T11:36:43,525,"76.365533,74.893969",Chinese
6a66b867-eadc-448d-a810-755bfba06e94,Carry north particularly piece.,hogan.info,Operations,6733,yes,yes,desktop,Firefox,2025-03-06T03:12:15,20,"-24.866375,-105.977366",German
1d3bf76f-f65b-4f2d-b4eb-25bd6c9fa9ac,Him half weight plant ready song.,olson.org,IT,4497,no,yes,desktop,Edge,2025-02-13T05:13:30,539,"-9.974951,-83.221540",English
fae6e082-6470-46c5-be90-2079be0f86ed,Agree none factor street.,russell-stanley.org,HR,8305,yes,yes,mobile,Firefox,2025-01-09T15:48:11,195,"65.8556935,-12.906861",German
ac1c1ca6-0257-4f43-ac21-a652e7071afb,During step detail seven key.,levy-james.com,Sales,8210,no,yes,desktop,Safari,2025-01-13T17:22:19,184,"-19.8681535,-133.439100",Spanish
268510a2-fd0c-4cb8-b7a4-5879937e1750,Talk nor place help story hot.,howard.com,HR,3441,yes,no,desktop,Edge,2025-01-29T01:04:01,91,"-45.7916745,164.179455",German
f9e13d28-24ee-49ff-af00-6db178fbef24,Claim year sometimes really pressure room consider.,gill-franklin.org,HR,5532,no,yes,desktop,Opera,2025-01-15T11:46:56,255,"-70.961838,-55.203521",Chinese
3ce22475-cff3-4854-b6db-12408c5aaac6,Deal see me price happy.,meyer-rivas.com,Finance,7831,yes,no,mobile,Firefox,2025-03-30T16:55:00,209,"-10.014353,105.286914",English
57f82fdc-81a5-4104-b721-893904e5faca,End impact floor race tend teach.,ross.biz,Operations,7474,no,yes,mobile,Edge,2025-03-05T05:19:36,237,"47.1046795,-170.085398",Spanish
944f09d2-1944-41fe-adc2-67f55594ab2e,Must whether month nothing tough.,strong.com,Sales,4008,no,no,mobile,Chrome,2025-03-22T00:40:26,12,"37.1132855,-87.232844",Japanese
dc008c0b-3cee-4bd2-af33-3734aa70d257,True green rule staff.,lin.net,HR,3706,no,yes,mobile,Edge,2025-01-07T14:21:36,485,"28.452002,-62.644682",English
5ac3c2c9-406b-4d13-8591-11dff8bfb446,Second view source oil receive talk world.,brooks.net,Finance,7295,yes,no,desktop,Edge,2025-01-23T05:33:05,221,"-72.591951,36.440086",English
eee51972-c436-4640-aaa3-826472e410c2,Deep poor still order.,lambert.org,HR,8640,yes,no,mobile,Opera,2025-01-12T22:30:51,113,"-11.7751785,-152.027861",German
056d342c-3f67-4443-b389-d4242590fda6,Star bad north establish.,gomez.com,HR,1691,yes,yes,desktop,Firefox,2025-03-02T22:00:49,44,"-68.0577225,-178.660913",English
9fef3193-ac01-416c-a0e4-34e90bbd0ed8,Actually true off cup artist impact.,roberts.com,Marketing,4474,yes,yes,mobile,Edge,2025-04-04T02:35:20,184,"73.423890,147.523155",German
fa2adadc-4a80-4f41-8e2a-80938f3abab1,House property somebody seem fight radio where.,valdez.biz,Finance,963,no,no,mobile,Chrome,2025-01-07T11:52:34,516,"-67.576737,-157.794687",Chinese
d9b45a48-0dbf-4221-b262-e32ecb3f89fe,Hard deal turn maybe money crime.,griffith-small.info,Marketing,5600,yes,yes,mobile,Edge,2025-01-27T05:13:36,526,"46.9328295,-121.092175",Chinese
40ee292d-530a-42ef-97f2-1ab210057113,Fund interesting truth along father.,evans.org,Finance,6799,no,no,desktop,Firefox,2025-03-09T22:11:47,262,"87.282457,-63.819803",German
7b405c6c-836a-4a71-b06a-d222b5b5ecc9,Character attorney yes stuff dream age change community.,bell.net,Marketing,2230,no,yes,mobile,Edge,2025-01-14T03:45:11,52,"61.5531275,-10.309520",Japanese
070ab719-4b8e-4ae3-8d44-d154e0e6e7c4,A often door city morning.,adams.com,Sales,6861,yes,no,mobile,Edge,2025-02-06T14:39:26,398,"-82.6749945,2.081815",French
d6b435b7-61f0-4103-88b2-337b415212de,Avoid place scene white product century here then.,hill-roberts.com,Marketing,4295,yes,yes,desktop,Safari,2025-03-26T01:42:40,148,"-40.830480,-127.499402",English
b34bd0a6-25ca-471e-abc8-3f0f4531cfac,Own field than tax authority decision.,yang.com,Sales,8980,no,yes,desktop,Chrome,2025-03-14T03:09:43,467,"50.818630,-79.001554",German
e2263cad-61d9-4fe8-9537-9489bf51fd87,Something step magazine to young general reduce.,mitchell-bailey.org,Operations,9889,yes,yes,desktop,Safari,2025-03-12T19:51:33,90,"78.2614195,2.355491",French
cbe34a2d-6036-43e2-a9a0-6c91993b2d1a,World mother natural practice parent save.,palmer.com,Sales,5206,yes,yes,mobile,Opera,2025-03-03T03:50:06,364,"21.370185,-76.614109",Japanese
b5dba3c0-250b-4843-adeb-c8ccf25cee40,Agency special democratic view thousand.,johnson.net,Marketing,1867,yes,yes,desktop,Firefox,2025-02-10T18:28:07,600,"9.344759,33.730236",German
99171262-7fe3-4043-8e53-37db08003211,Visit talk detail southern.,cain.biz,IT,8968,no,yes,desktop,Firefox,2025-03-07T17:32:29,352,"-19.3088665,104.735965",Chinese
a09c9626-a0d8-46f8-ad5e-36875a2f25e7,Case specific lead technology boy ability cell.,johnson-lee.com,Marketing,3418,yes,no,desktop,Edge,2025-01-06T20:02:05,462,"51.0045185,45.987712",German
dd760616-a3b8-4ec4-887e-355bf24a5f9c,Daughter research sit term.,welch.com,Finance,7723,no,yes,desktop,Chrome,2025-02-09T20:04:22,75,"-7.506335,-118.663089",Japanese
0257f0a3-89e1-4850-ac43-1bb50e4e3a32,Explain trouble fish next.,valdez.org,IT,7220,yes,no,desktop,Chrome,2025-01-19T16:18:58,310,"13.374035,27.927305",Chinese
185a38ee-5329-48c7-bbfb-e2687251c21e,Indeed great top fear forget important structure.,snyder.com,Finance,9584,yes,yes,desktop,Edge,2025-02-20T19:04:20,321,"-58.6522685,72.533431",Spanish
3427c774-bdae-47fc-bf91-dc29deafdb98,Sea health study sea pattern resource dinner about.,garza.com,Marketing,1982,no,yes,desktop,Chrome,2025-02-16T05:48:47,153,"-41.965325,-60.374725",English
e37a4f79-3c69-4458-9468-f3867073e3d7,At in less include each identify.,mullins.com,IT,9897,yes,no,desktop,Opera,2025-03-07T20:31:10,555,"81.9689655,105.915293",Japanese
69da7830-4abe-4e65-9e94-2e0a252ae979,Relationship its she ten already.,davis-powell.com,Sales,9361,no,no,desktop,Chrome,2025-03-20T07:26:31,393,"-82.5307695,-27.334559",French
b06cd057-05b0-4f3b-b224-61dbda418d57,Give sea could west election remember then.,ford.com,HR,6885,no,yes,mobile,Safari,2025-01-22T06:10:21,356,"-7.7080635,-98.348580",German
edb046bb-3c78-4811-ae6c-29e972ca718d,Single drop side hard.,hughes-golden.com,Marketing,7332,yes,no,mobile,Safari,2025-01-10T19:10:32,202,"0.2764905,-92.550118",Chinese
8aef8e47-b436-4fe4-8392-4df6b4b13440,Lot call new simply.,cox-higgins.com,Operations,6198,yes,yes,desktop,Firefox,2025-03-08T00:35:27,517,"-65.0329995,122.490910",Japanese
76f88e98-7ec0-456a-aff5-059a5c21d738,May whatever reality alone rich.,zuniga-dean.net,Operations,538,no,no,mobile,Opera,2025-01-20T05:02:00,533,"14.2358055,-63.440097",English
ade95efb-2622-440d-92c7-87e6681b870a,By land sometimes seat class.,james-chapman.com,Marketing,520,no,yes,mobile,Firefox,2025-01-11T13:29:19,273,"82.250468,-88.863626",English
2a9fb49e-eae7-42f1-b34b-902dc6f0b736,Rock listen attention case sound mouth general.,jacobs.biz,Operations,763,yes,yes,desktop,Chrome,2025-01-14T15:51:35,108,"25.204014,-169.915978",French
67b2e716-94d9-498f-b1f4-037b8d703ce7,Camera board avoid when central.,bell.com,Sales,7513,yes,yes,mobile,Safari,2025-03-14T00:14:57,117,"-19.076590,102.484540",French
9a1793fe-a1af-417e-8a8f-78909e71feb3,Century so heart whose.,morgan.com,HR,8154,yes,yes,desktop,Safari,2025-02-28T21:21:44,280,"63.2557425,-89.548188",Chinese
7dabffe2-9cbd-434c-9f5b-5b451d6f44bc,Surface task laugh meeting turn.,cooley-hall.com,IT,9431,yes,yes,mobile,Opera,2025-01-02T14:42:49,246,"53.439821,126.260251",English
c4249b99-29e7-4411-a4c7-d517cae26160,Senior close act child.,haney-gibson.info,Sales,2808,no,no,desktop,Firefox,2025-03-29T11:01:30,319,"-74.430334,-95.759248",Chinese
86130117-67a2-4109-8804-db5c7b72daf4,Cup move meet last toward generation.,sanchez-hayes.biz,IT,3474,no,no,desktop,Edge,2025-03-18T03:46:51,97,"56.017690,130.563094",German
1439375c-1644-4dc8-b7e7-145c68c260d3,Recently red vote behind option why thought.,mcclain-green.org,Finance,2563,yes,no,mobile,Firefox,2025-01-11T17:18:16,342,"-33.7401815,117.799900",Japanese
84b5ec1d-65a0-43c6-8c5a-8c159d7d6e0d,Time turn side authority.,stevens.com,Finance,8803,no,no,mobile,Chrome,2025-03-18T08:56:42,222,"-6.462962,137.966866",French
2cf5d899-d643-4000-8b95-55dc5e6b41eb,Congress claim performance.,johnson.biz,Operations,7769,yes,no,mobile,Firefox,2025-02-19T08:20:13,525,"-1.622427,-26.597918",French
d5d92b0c-ddb5-4e2a-b798-d1e407a64b9d,Picture fact well argue who.,massey-taylor.com,Sales,6884,yes,no,desktop,Edge,2025-01-19T23:03:18,75,"-33.234693,-22.706886",English
2c9ebeff-71f8-4f33-b718-922c22e11c8d,Site pass history per military.,johnson.com,Finance,2388,no,no,desktop,Chrome,2025-02-03T14:26:51,467,"-84.5670955,-39.488791",French
7f4bfdbf-1d90-4568-94fc-a9bf9bf5646c,City staff get.,boone-perry.com,IT,9945,no,no,desktop,Safari,2025-03-26T18:36:35,17,"-42.694362,12.415654",French
663ba4b3-8254-4a62-87ad-1d9eb59500f4,Land series true life key across others.,mcmahon.biz,Finance,9608,yes,no,desktop,Firefox,2025-02-02T21:08:52,47,"-50.7949595,20.928442",French
74a4791c-c331-44ea-8bb0-6824b15aa726,Could eye listen final show.,harris-taylor.net,IT,6105,yes,yes,mobile,Opera,2025-02-05T05:06:40,295,"-48.769919,93.377391",Spanish
a917353d-0196-4af1-aacb-d2cd16e70b9f,Too together be show food and.,moreno.biz,Operations,3674,no,no,desktop,Safari,2025-02-14T18:38:17,334,"75.5109765,-5.310369",French
bd046a3c-c5e6-47a0-9ad6-db2ac6fc4dc0,Area can likely ground Congress admit decision.,chavez.com,HR,7425,no,no,desktop,Chrome,2025-02-25T02:02:20,123,"-75.5554545,97.913704",English
6f6a462a-8f62-4d75-a4ff-108aa4f655d9,Hard support fill gas because citizen.,holmes.com,Sales,4966,no,yes,mobile,Opera,2025-02-18T00:38:05,475,"37.441913,0.832531",German
f6d41d9f-6b43-455f-b327-033e05d482cf,Top hope yard bag student.,miller.net,Finance,1873,no,yes,desktop,Firefox,2025-03-04T19:20:25,426,"-29.496781,-91.920605",Japanese
66ae5295-d615-4fed-a519-50f1eebdf4d8,Seek full citizen challenge woman factor radio.,hardin.com,Finance,6594,no,yes,desktop,Opera,2025-01-21T14:58:49,574,"-73.224508,155.500039",Japanese
8a0ea273-6596-4f05-ab8e-ac6a2bc6963a,Seat week upon break sport.,thompson.info,IT,7130,no,yes,desktop,Opera,2025-02-21T01:40:50,379,"-36.4462115,-68.972982",Japanese
a4805b71-ccff-454a-a39b-b28a0707f8ff,General yard along appear yeah.,wallace.com,IT,3556,no,yes,desktop,Chrome,2025-03-26T13:28:09,475,"-4.6553185,-27.560943",German
4281ea43-5182-46f3-8a0b-796551fb4854,Late economy long fund college receive decision.,knight.com,HR,3214,yes,yes,desktop,Edge,2025-01-01T09:39:08,549,"11.248003,-110.202949",German
441ba490-a9ff-4ca1-96ba-3c3ede990cc5,Food left paper federal employee respond data.,hunt-brooks.com,IT,5179,no,no,mobile,Chrome,2025-01-05T11:25:39,405,"-10.6395245,-170.234881",Chinese
7d077f78-11c0-46b3-a333-18b1fe89537e,Long office sure firm watch trial discuss her.,smith.biz,HR,2682,yes,yes,mobile,Opera,2025-03-10T19:59:06,51,"-59.1401985,16.289602",French
e9dae7ee-853d-43b7-8c20-4c14b36052ec,Site capital data.,allen.com,IT,7668,no,yes,desktop,Edge,2025-02-10T00:49:02,247,"83.4263555,-29.389642",French
183139f6-ff4d-4879-8f3a-bbdffe0ca6d6,This federal project their ability wish.,allen.net,HR,884,yes,yes,mobile,Firefox,2025-03-27T03:59:54,164,"-15.2391105,-166.924185",Chinese
11eb1124-cddd-402b-a994-b8b852d82b9b,Military career today.,klein.com,Marketing,3498,yes,yes,mobile,Edge,2025-01-18T21:19:51,143,"66.5575605,107.905532",French
3a78e8a2-8a21-4c8e-9042-806d03817d6e,Company arrive structure discussion six.,wong.biz,Operations,5935,yes,yes,desktop,Safari,2025-03-03T08:55:36,63,"-77.0719945,-17.632620",English
cf5fac61-bdf6-4c99-b7e7-093247fe7749,Pay own say stage.,moore.org,IT,5294,yes,yes,desktop,Safari,2025-03-27T08:17:21,514,"25.1923055,-84.762531",Chinese
c4661036-0196-4b99-a12b-a8c5984a2892,Heavy size culture.,williams.net,Sales,8532,no,no,mobile,Edge,2025-01-10T20:42:40,588,"-44.4452485,-149.597519",French
5257bb22-8932-47f1-80c9-a0fd3c556e47,Region get sea machine so wrong.,moore.info,HR,5019,no,yes,mobile,Chrome,2025-02-27T11:49:32,471,"13.8219805,-94.588228",English
c7bd1b4a-0ef4-4eaf-be84-ac199e6aac4f,Political build brother born.,boyd.com,Finance,5170,no,no,desktop,Firefox,2025-01-26T13:52:00,348,"56.6294225,155.966865",French
a4990648-73fe-4415-8e84-6602bf999bc8,Individual may training area business decade.,young-chambers.com,Sales,1886,yes,no,desktop,Edge,2025-01-18T06:13:14,362,"-65.857006,-73.815071",Spanish
31280394-8fb6-4b3d-a78b-b8b51c0c6b78,From station story front else.,williams.biz,Operations,8327,yes,no,desktop,Opera,2025-01-01T03:40:41,275,"9.010506,23.113913",English
865ff6f4-83a3-4598-8202-c243ece620dc,Present deep above front begin believe image first.,porter.biz,Marketing,2520,yes,no,desktop,Firefox,2025-01-17T18:15:47,129,"-53.4587225,-3.402784",Spanish
15262eef-f208-4b60-8b8b-a911565c5360,Customer necessary expect act stage street.,vazquez.org,Operations,2965,no,no,desktop,Edge,2025-03-12T02:05:36,116,"-23.1499565,-55.304312",German
8c6bfa90-0ffa-4bb9-bca3-6fb1acf7c502,Action college player fly teach.,vang.info,HR,9825,no,yes,desktop,Firefox,2025-02-13T12:01:08,91,"88.508343,16.699941",German
f10ea60a-3ba2-462e-92ed-c8c79f57105a,Relate sea others decision just why.,mills.net,HR,744,no,no,mobile,Firefox,2025-02-11T14:07:55,219,"80.179312,15.896713",French
90c2889a-6126-4e71-888f-309175ba90be,Professional mean mission report late interest.,walsh.com,HR,3144,no,no,desktop,Firefox,2025-01-18T05:02:54,267,"-33.723283,167.539474",Japanese
334f3a58-93e7-4dc3-80be-36f34eb1fa2a,Glass recently scientist professor.,greene.org,Sales,2605,yes,no,mobile,Edge,2025-01-26T18:53:15,402,"-11.812755,95.634301",German
c5a5e16b-58a0-4ca7-9a61-ac26e30bc659,Keep mean analysis trial.,castro.info,Marketing,1235,yes,yes,mobile,Chrome,2025-01-05T21:03:18,493,"-86.4691055,-12.726793",German
9b23c7fe-ba2a-4f88-816e-11be64137eb0,Science marriage off focus.,welch-smith.info,HR,5830,no,yes,mobile,Chrome,2025-03-04T22:14:15,103,"-80.526891,34.533088",Japanese
4ce72297-6a41-42d1-b4cc-749932bd00e8,Team somebody door idea Mrs scene song.,mcdonald-williams.info,Marketing,7788,no,yes,mobile,Safari,2025-03-23T12:29:14,381,"-74.839471,-0.615921",Chinese
cba64966-897a-4ae2-b303-6e5f9490ea68,Hair move any medical.,clarke-henson.com,Sales,6910,yes,yes,mobile,Firefox,2025-03-22T22:43:52,243,"58.5935215,101.327384",French
1e5c4d20-edcc-48b8-a470-3876c39deb31,National dream thus step begin continue.,valdez.com,Sales,6948,no,yes,mobile,Safari,2025-01-24T01:50:00,18,"-70.2180175,-71.986562",English
e758d863-6110-4617-b0be-d48376c01208,Model make house writer stage wear.,freeman.info,Operations,7110,yes,no,desktop,Safari,2025-03-29T01:43:25,290,"-0.3475105,-119.623399",Spanish
c022a477-a41c-48e5-b18e-08b787689deb,Page television simply recently.,hunter-shaw.com,Finance,2587,no,no,mobile,Chrome,2025-03-03T02:25:44,267,"65.805537,-79.447248",Japanese
3a090d1a-6d70-4691-86e4-7cfd9d1214fb,Respond language treat.,bass.org,Operations,2200,yes,yes,mobile,Safari,2025-02-06T12:36:32,27,"24.397123,-5.949044",French
8afa9d3f-1539-47a9-a26c-741bce4bfa06,Rate night both how policy everyone house.,benitez-moreno.com,Sales,8215,no,yes,mobile,Opera,2025-01-04T13:19:14,387,"71.640458,-4.305702",German
d27e19ed-eb59-489d-a55d-eca24788c3d6,Least leader field age force rock.,cox.org,Operations,5702,no,no,mobile,Chrome,2025-01-19T18:12:22,507,"-42.1606585,32.717076",Japanese
b5e20076-8f2e-46ba-aa9f-6c7773b3897b,One now difference young.,green.com,Operations,4353,no,no,mobile,Edge,2025-02-16T11:44:43,268,"32.679987,119.520270",German
f3a795b8-fabb-48cf-8923-888a0820c10f,Expert control show many everything collection guy.,shah.com,Sales,5796,no,yes,desktop,Opera,2025-04-03T16:38:48,52,"-2.564783,103.493168",Spanish
14fe1ca6-efc8-47f9-90e2-e225321f7f73,Most book rock professional civil.,cruz.com,IT,8107,no,no,mobile,Opera,2025-01-28T06:18:38,106,"32.373714,146.114607",English
f295708b-8964-4016-84fa-81c6e24f3861,Either situation conference each consider ago on.,wilson.com,Operations,1361,no,no,mobile,Chrome,2025-03-12T17:28:50,456,"-75.809551,72.125013",English
cca16346-2588-4269-8c13-3613b0d1588f,Series this young establish make.,townsend.com,IT,2820,yes,no,desktop,Opera,2025-01-24T04:59:17,397,"53.394414,-6.622983",Chinese
63d0c4f6-3535-4371-aeb4-01667fb19a76,List white most participant necessary particularly inside whatever.,thompson.info,Marketing,6645,yes,no,desktop,Chrome,2025-04-04T02:16:22,305,"-34.7503865,-11.215952",Spanish
a943579a-e755-48bb-ae7f-01c7c549cc2c,Other final interesting system power system through.,robinson.info,Marketing,9177,yes,no,mobile,Edge,2025-03-20T23:36:27,341,"70.125695,130.417621",Japanese
0ad4d010-37a2-4df7-a052-fa6ca0c77800,Address thought top quite my drop plan.,johns.org,HR,5202,no,yes,desktop,Firefox,2025-02-16T05:24:01,354,"-1.1458275,108.222287",Spanish
b7fbddc9-0b92-445e-9744-490bd809a27f,Major per federal doctor cup partner must.,sweeney-cole.info,Marketing,7042,yes,no,mobile,Chrome,2025-03-24T10:09:08,240,"9.675516,-149.902083",English
de238cb6-deb3-4c23-bcf1-2c98bc590cbe,Drop against father exist.,edwards-simmons.com,IT,2029,yes,no,desktop,Edge,2025-03-13T21:31:35,47,"52.685964,-50.833917",German
92f6b4af-d8fc-4cee-8530-4d03da72e0a3,Piece truth leg foot.,horne.com,Marketing,5659,no,yes,mobile,Safari,2025-01-29T23:18:51,194,"-40.8080205,112.449676",English
3a1b7adb-8168-4e96-880f-85851ddc5407,Cultural offer million together owner option set.,miles.com,Marketing,6585,no,no,desktop,Safari,2025-03-11T02:36:57,375,"46.9387585,-54.636081",French
b389074d-5de2-4710-93e6-5b158982d235,Reason sister respond.,anderson.com,Operations,3726,yes,yes,desktop,Firefox,2025-02-26T19:46:32,334,"-54.5849105,-90.457151",German
4aade8ac-9336-4f48-8a1f-7dddf7a50747,Fall create song ability all citizen important.,ramirez.com,Sales,2800,no,yes,desktop,Opera,2025-01-09T11:00:06,190,"20.7021425,-26.992312",German
4e84be3f-992a-40dd-a9aa-03914428e293,Cup condition carry issue.,roberts.com,Operations,3989,yes,yes,desktop,Edge,2025-04-01T13:32:00,433,"-84.082588,125.905929",Chinese
a9877453-a5c1-4a80-b282-d2fed4744e68,My though government name reflect possible member.,young.com,Sales,4934,yes,no,mobile,Opera,2025-03-07T19:36:20,191,"-32.180610,108.939807",French
fcd40c21-34cd-450d-90c1-dbc7bba89805,Serve science idea television help.,lee.net,IT,3675,yes,yes,desktop,Firefox,2025-01-08T01:59:12,62,"78.369801,-96.143976",German
24fd2c2c-1556-4e5d-825b-6e9557e7319a,Must cover event teach.,thompson.com,Sales,5649,yes,no,desktop,Safari,2025-02-03T11:02:54,260,"-37.2867435,-157.907272",Chinese
1c1501f3-f80d-45a0-98de-2a5c4631d752,Process high would debate must deep.,patel-valentine.com,Marketing,1145,yes,yes,desktop,Edge,2025-03-12T19:41:24,414,"20.757311,-163.950452",German
02561179-ffbf-4209-8260-322d441d1760,Stop security month history example set Congress heavy.,lindsey-morgan.biz,Sales,7779,no,yes,desktop,Edge,2025-02-22T08:23:23,211,"65.592937,139.193918",German
d88bd79b-8d85-463d-81e9-da51d8679554,Together positive if record pay note.,cox.com,Finance,7416,no,no,desktop,Firefox,2025-02-24T17:12:40,376,"-31.894220,157.171512",French
7a93998a-8c39-4477-9805-4f3d0f39c926,Another understand teacher bit energy against.,anderson.net,Marketing,9220,yes,yes,desktop,Edge,2025-02-04T17:34:53,478,"24.973591,-124.767415",Japanese
bfbd2d54-0a19-4c21-a9a5-e690c352fded,Leader push century go.,hernandez.com,Marketing,4107,no,yes,desktop,Firefox,2025-03-30T16:14:46,13,"8.520834,74.948878",English
a30dc1a5-f594-47e3-87da-6fd692486267,Phone deal stage fund scientist bag training.,duffy.com,Operations,4313,no,no,desktop,Firefox,2025-02-22T20:10:20,73,"61.4539285,19.327954",English
5bf6d1a3-8772-4cf9-9ef2-6a3a0724bb1c,Sea defense fish improve front court hit.,houston.info,Marketing,2994,no,no,desktop,Chrome,2025-01-24T10:02:49,45,"-75.8058605,-39.357678",Japanese
146e808e-8b1d-4d80-9be5-d83b9c229ea4,Response course party same quality commercial sister.,reyes.com,Sales,5814,yes,no,mobile,Chrome,2025-02-04T15:07:06,145,"85.6694225,-129.222116",Japanese
ffff6aa1-de53-437d-a833-83cea47e72a3,Time if inside pass continue.,young-brooks.com,HR,1333,yes,yes,desktop,Firefox,2025-01-11T06:49:16,519,"-20.213303,63.399192",Spanish
17a8fd84-08b0-40ca-89e1-07264ee2d1f1,Ten crime relationship require ground week.,scott.net,IT,6689,no,no,desktop,Safari,2025-03-06T16:35:18,577,"24.994846,90.840071",Spanish
05bc348c-d59c-4f01-af74-5e01160e02fb,Back body time meet system.,choi-young.biz,Sales,3801,yes,no,mobile,Opera,2025-03-31T14:52:58,366,"40.1998515,-131.031939",Japanese
6e6d3b4a-a472-4dff-aeae-6c9db7dab652,Candidate watch ok participant election open writer.,mendez-johnson.com,HR,2771,no,no,mobile,Firefox,2025-02-16T20:19:42,348,"52.0999655,114.526729",Spanish
6c874c70-899d-4f1a-9ec6-0f50efca29ae,Wish enter know try red.,villegas-sullivan.com,HR,6898,yes,no,desktop,Firefox,2025-03-20T15:30:16,24,"40.188735,163.731811",English
fd15bcde-a053-4428-b5f8-9e1b196e6ce3,Almost than around world security style couple idea.,wheeler.biz,Finance,8991,no,yes,desktop,Safari,2025-03-11T04:56:49,498,"3.797043,57.767827",Spanish
aaf21d48-2552-40d4-b4f4-59efb53ad08c,Memory general feel past of subject baby.,nelson-powell.net,IT,896,no,no,desktop,Opera,2025-01-10T14:38:20,123,"-35.0001615,-163.961231",English
a9d8af80-6c62-48dc-a53b-ef3b5945b0e1,Will magazine direction six bill.,tapia-ward.biz,Operations,8911,no,no,desktop,Safari,2025-02-05T20:27:21,109,"-52.410279,-37.041586",German
50e66592-af60-4db5-bf40-b63486bf9205,Anyone year operation color during past.,sanchez.com,Sales,2748,no,yes,mobile,Chrome,2025-01-06T00:03:47,244,"-32.263077,-84.632258",Chinese
4349bf90-cae0-4737-bacc-e4e023e7e54a,Recently agree more purpose may effect benefit.,ramirez-reyes.org,HR,1937,no,no,mobile,Chrome,2025-01-28T16:04:32,289,"31.3905575,73.401868",Japanese
f00a4b6e-01c2-4d0b-a7db-c07833937ba0,Option to hospital major Republican drug suffer.,gonzalez.com,Marketing,664,no,no,desktop,Firefox,2025-03-14T14:31:58,512,"-56.7996525,-138.975716",German
2b5d266a-874f-498a-9adb-1ba2226a48d7,Field firm soldier in.,pierce.com,HR,960,yes,yes,desktop,Edge,2025-02-11T11:35:42,486,"67.295544,85.579765",French
12f17fc2-c2a0-4469-8f07-deaf294d4b1b,Thought wall mention thousand star water party.,wilkinson-neal.org,Sales,980,no,yes,mobile,Safari,2025-03-30T15:05:59,152,"55.634623,37.881718",French
e1be89a3-17fe-4cbd-8033-cb0f24ffcfaf,Magazine necessary up special.,walker.info,Sales,9855,yes,yes,mobile,Firefox,2025-02-14T05:40:43,329,"84.344105,143.612679",Japanese
06dc17ad-1f79-447c-a011-fbcf7e021ccf,Must consumer price account within if.,williams.com,Finance,1205,no,no,desktop,Chrome,2025-02-26T03:57:04,67,"-2.2183105,165.363957",Spanish
655464fb-eeef-46c2-8d0d-e5433f7cab8f,High system environment fire side other small.,bond.com,Sales,8107,no,yes,desktop,Chrome,2025-01-15T22:28:07,265,"-4.499595,-51.705894",German
40da5c0b-7802-49f8-992a-66882d5da9fb,Cell company rule try election tonight.,brooks.com,IT,1728,yes,no,desktop,Safari,2025-01-06T19:59:36,481,"75.7380995,175.467438",French
24c2fe78-2b34-41b4-89ca-81575d505cf6,Audience door lay present.,chambers.com,Operations,5369,yes,yes,desktop,Opera,2025-01-26T05:44:01,343,"1.1321285,138.673631",Chinese
db619c74-2176-4bab-887e-c5298f1b9134,Morning bed among continue according.,peterson.com,Marketing,7828,no,no,desktop,Edge,2025-02-10T17:40:30,82,"-31.0187585,-169.877157",English
022e247f-d89a-4a50-9ba9-d72b0ac9d64b,Administration they similar role talk mouth great strategy.,gregory-sharp.com,Marketing,9404,yes,yes,desktop,Chrome,2025-03-01T12:54:10,108,"62.8547815,93.888523",Spanish
55d5a885-451d-43f9-8569-d64bf205f1dc,Level investment large receive.,hall.org,Operations,3119,no,yes,mobile,Edge,2025-03-07T05:39:02,476,"42.788315,14.217178",Chinese
a45691bb-eedc-49fa-aef5-ff81e2642054,Catch face quite more.,sanders-bradford.com,Operations,9222,no,yes,mobile,Opera,2025-01-04T12:30:33,258,"-9.741476,-54.114485",French
04957974-12a0-47f1-b3e0-0ba083a0aaee,Heart middle door effect skill would any benefit.,ruiz.com,Sales,3290,yes,yes,desktop,Chrome,2025-03-04T14:08:02,572,"-17.229814,-170.528318",English
5584cbd9-ec8c-45c6-a75d-79390a079e0c,Father only help go most.,green-martin.com,HR,626,yes,no,mobile,Safari,2025-02-21T08:53:58,408,"29.3467515,148.297295",Japanese
b8a14f74-2fc1-4263-8546-b36605b73d7a,Site fire fill guy.,freeman.info,HR,4870,no,no,mobile,Edge,2025-03-14T09:32:07,302,"-75.7087225,23.354666",French
c7a65648-f837-475a-aecf-4d81fa7370fc,Protect physical say boy blue candidate.,miller.com,Sales,5195,no,yes,desktop,Firefox,2025-03-16T18:11:40,512,"-31.0830705,-138.006497",French
72d1a48a-f91b-4727-8d70-c7702446ea89,Street meeting wear join American.,white.com,Sales,9863,no,yes,desktop,Chrome,2025-01-02T22:34:22,100,"79.4150185,-109.067075",German
dabcf0fe-3797-42ac-8b04-0e41445d3c1e,Relate race yeah mission method seven listen lay.,elliott.biz,Operations,2916,yes,yes,desktop,Edge,2025-03-28T09:41:05,375,"-86.942224,-106.280019",German
a59f4b69-c372-473a-bc60-e247dce70042,Have beat wife fund foreign fire.,jones-bradford.info,HR,2931,yes,no,desktop,Safari,2025-03-25T00:27:06,439,"-33.9654415,34.765928",English
cdddaac0-7cbd-4a06-8367-c3079f6248d5,Hot here deal smile trip many determine.,gibson.com,HR,8009,yes,no,mobile,Opera,2025-02-10T14:18:18,420,"30.7848775,-175.030895",English
085db3b1-a679-43e4-9f04-1d9a87641e25,Our building adult.,perez.com,IT,6108,no,yes,desktop,Firefox,2025-01-07T05:08:20,187,"2.595576,-93.710914",English
770a5de6-e37c-4e31-ad9b-464b2f4c6116,Population theory knowledge mention military.,white.com,Finance,9737,yes,no,mobile,Opera,2025-02-12T00:51:40,95,"44.0855415,-21.565280",French
da94c52b-7d9a-4369-be1b-4d4eff360f83,Effect kitchen beautiful specific Mrs.,dickerson-hoover.org,IT,8957,no,no,desktop,Chrome,2025-01-27T11:44:12,471,"73.507403,-31.563396",Chinese
ea449585-5546-470c-b051-0c5039b15e08,Put reach example why issue cost.,singleton-jackson.com,Operations,2624,no,no,mobile,Chrome,2025-03-03T16:43:41,84,"-64.3121145,147.530873",French
4f3bdad3-0d93-43ba-8338-23d50d3e03b9,Rise stay view back but above beautiful.,thomas.biz,Operations,9303,no,yes,mobile,Firefox,2025-01-03T06:38:24,508,"78.392449,-33.265933",Chinese
a6b2d459-9999-4558-851e-8df356621fc6,Buy arm memory student team free let.,carpenter.info,HR,2979,yes,yes,mobile,Safari,2025-02-24T19:26:12,276,"77.0115605,-135.922331",English
1bcfbb85-32bc-463d-ad06-2141b1eb8a1f,Still actually player popular less yeah main.,baxter-boyle.org,Marketing,6801,no,yes,desktop,Opera,2025-02-03T09:32:42,501,"-76.702470,11.017527",French
887aab84-4cb6-45b1-b50f-77ca68e259b5,Necessary away dark maintain hope major good.,johnson.net,HR,5706,no,no,mobile,Firefox,2025-03-27T00:37:08,426,"-48.2970505,35.843580",Spanish
0d7b3649-0a44-43d1-abf9-eed6c6b2f0f5,Away care land very.,yates-lee.info,Marketing,9935,no,yes,desktop,Chrome,2025-03-15T20:23:40,314,"-37.722052,138.495412",English
49a51d4c-2162-4d3d-92cd-f3db27814d3f,Practice require meeting more.,waller.com,HR,1847,yes,no,mobile,Opera,2025-03-31T21:36:44,232,"83.3155815,14.474024",French
823036a6-8e9f-4886-a553-deba94200aac,Everything cultural industry edge challenge create them.,bishop.org,Sales,3117,yes,yes,mobile,Chrome,2025-02-17T10:46:21,469,"-31.8711945,79.872258",Japanese
bcc82844-1881-4479-b00e-50f02421e7ab,Something any win despite.,gonzalez-flores.net,IT,1650,yes,yes,mobile,Firefox,2025-03-26T04:01:29,143,"37.786316,-89.213409",German
415456bf-5e67-436e-bb2c-8d3b42246223,Bit science past thought.,robinson-mcbride.com,Sales,4246,yes,no,mobile,Firefox,2025-01-19T18:11:04,509,"23.6422225,25.928405",French
e07e3ad8-1f22-4b58-a740-ee494bbf2801,Save outside than past break wind accept.,martinez.com,Sales,5298,yes,yes,mobile,Firefox,2025-04-04T04:04:40,73,"-27.107824,22.644744",Chinese
87f05143-0d8e-4ddf-a843-f88e8a18b7e4,Like start under big reveal.,white-dennis.com,IT,8411,yes,no,desktop,Safari,2025-01-23T11:42:31,357,"-42.3395855,17.611319",German
f5667335-148c-46d4-a5a1-7fd00e2a4405,Point mind daughter state I we coach.,harvey.info,Operations,3186,no,yes,desktop,Opera,2025-03-01T23:28:27,14,"-35.317125,22.308228",Japanese
cd0909ad-6055-49cf-bd06-f832cc617db5,Career purpose statement after road.,vaughan.com,Marketing,5835,no,no,desktop,Edge,2025-01-25T04:04:00,405,"51.649251,25.131775",Japanese
fef7d836-67ad-43c8-9986-6e729bf227e3,Stop relate next compare radio environment full.,johnson.biz,HR,7517,no,no,desktop,Safari,2025-02-23T19:49:52,280,"-46.576437,-174.031438",Japanese
35aabcb8-5976-4c35-aa84-ee0a3aa4090c,Model direction beautiful heart carry.,johnson-haney.com,Sales,2156,yes,yes,mobile,Chrome,2025-02-20T14:03:49,71,"84.670493,97.899522",Chinese
20ef8237-3080-473d-92c8-39322ae3e170,Several over star morning.,alvarado.com,Marketing,1173,no,no,mobile,Firefox,2025-01-30T06:55:19,574,"-25.702744,-125.173025",Japanese
28392f1e-b485-43d2-9d6e-4a029e7194db,Authority art west new senior.,williams-kennedy.net,Finance,5971,yes,no,mobile,Chrome,2025-02-11T10:47:31,380,"87.1119115,-88.308996",French
1edd3963-9b3c-4073-889c-f8aef2a099c6,Member let provide.,barnett.com,Marketing,1193,yes,no,desktop,Opera,2025-02-17T04:50:26,272,"-37.040207,-176.301633",Japanese
bf31d426-c80f-460f-9efa-e551bd7a3435,Determine exactly what current.,williams.info,Sales,8844,no,yes,desktop,Edge,2025-01-09T11:19:39,326,"-27.4424645,-133.412952",Spanish
3eb3bfcb-6b83-4e8e-9e88-956336347130,Man special deal conference left.,maldonado.org,Sales,696,yes,no,mobile,Chrome,2025-02-11T01:44:21,236,"54.333512,102.971255",Spanish
038e4641-9653-44e1-9fa3-1105b2fbb72e,Material receive as before.,smith.com,HR,3736,no,yes,mobile,Chrome,2025-03-18T02:12:58,314,"37.8582305,-91.873307",German
ab616dfe-dcb3-4e97-bfaf-d6f8a433b87e,Despite produce yard home top increase eye.,hudson.info,Sales,5602,no,no,mobile,Edge,2025-01-23T17:59:49,222,"-30.8105135,-68.695139",French
edf6313a-3ca8-4343-bd0c-cad5fee43f3b,Among project ability charge.,mason.net,Finance,7424,no,yes,mobile,Chrome,2025-01-24T15:08:59,334,"-12.368726,177.964874",Chinese
29ad1160-9db8-460c-ad80-db0a11afc4c2,Explain fear detail statement.,perry.com,IT,1389,no,no,desktop,Opera,2025-01-04T16:11:49,481,"70.139753,-120.971943",Chinese
1cf4833e-959b-49c5-b1b1-d97adc389021,Cut father look practice head only.,russell.net,Marketing,9502,yes,no,desktop,Edge,2025-03-27T22:59:25,481,"70.5660585,-20.104135",English
16f1a8ba-43bf-4886-8ec1-165a882a5d1e,Ground off last off.,ward.net,HR,6855,no,no,mobile,Safari,2025-01-14T13:28:12,152,"8.215505,-24.873601",French
b304e1cb-25f3-4805-af67-935b8cc4f9a9,Cover room yet purpose.,kennedy.com,HR,6226,no,yes,mobile,Chrome,2025-01-10T21:52:37,430,"57.6480585,-56.439943",Chinese
0c2612ef-5703-48f2-92f0-535fce1b4ea3,Eat develop most someone financial note.,ramirez-huff.info,Finance,6444,no,yes,mobile,Firefox,2025-01-05T00:49:17,428,"0.385562,-30.433304",Spanish
1df712c9-4886-4070-b2b5-77eeef296afb,Everything much girl instead research wish.,bond.com,Finance,2430,yes,yes,mobile,Opera,2025-03-18T14:28:52,416,"-4.1959445,-86.305977",Spanish
f83ca239-d5c0-47ea-b5a3-e7fb6c342190,Product win compare that.,brandt-reed.info,Sales,5023,yes,yes,mobile,Chrome,2025-02-27T08:57:13,466,"47.653141,46.345641",German
25d27355-5da3-4b02-93c8-4fc3c538716b,Either assume production sure four.,owens-wagner.com,Operations,8538,no,no,desktop,Safari,2025-03-31T08:24:01,235,"28.141082,77.615863",French
ca6d8b67-fb37-494b-85a9-a8197959fabb,Sign talk sign never but.,miller.com,Finance,1835,yes,yes,desktop,Chrome,2025-02-02T23:05:48,427,"-51.8791605,-167.684725",German
b1dcdc8a-45af-46e4-82fd-dfdaca470d42,Management writer page care hard occur.,harrison.info,IT,2913,yes,yes,mobile,Safari,2025-03-24T13:40:05,159,"83.2834125,-7.827001",French
39b35921-59f3-4bea-b1ff-2b966640a392,Job back play work marriage throughout.,johnson-ramsey.biz,HR,2890,yes,no,desktop,Opera,2025-01-27T18:48:23,529,"-33.8609945,155.845278",Japanese
663cdd8f-290a-457b-8b64-edbd5eaa064c,Total piece as case.,jones-griffin.com,Sales,4392,no,no,mobile,Safari,2025-03-15T20:17:12,480,"-71.923481,46.852941",Japanese
11aab467-682f-4fb5-89e6-d179ea37621f,Bit how design civil green news.,smith-ryan.biz,HR,3270,yes,no,desktop,Firefox,2025-03-31T16:10:44,158,"-86.841044,104.594329",German
588852dc-fdc4-4ea9-a02d-67dc26e25a88,Character safe could while trial.,watson.org,Finance,824,no,yes,desktop,Safari,2025-01-19T16:21:23,167,"-24.800223,55.673668",Chinese
27fce68f-0478-42e6-947b-b63439a22253,Series happy against sing keep develop part.,king-washington.com,IT,1010,no,yes,desktop,Safari,2025-03-27T18:15:10,446,"-44.005051,-55.059206",Chinese
d0998a24-28fe-44b8-b946-4854ad854abd,Long mean character turn.,sharp.net,Finance,6406,no,no,desktop,Chrome,2025-03-01T21:44:10,516,"-73.7633345,39.685424",Chinese
780bda03-7d91-4af0-ad09-69ff38607d51,Administration difference much others music cup entire.,romero-davis.com,IT,7095,yes,yes,desktop,Chrome,2025-02-07T19:47:53,26,"-52.448751,40.815597",German
4140065e-0ae6-42ad-98cd-cb6bd79f0f60,Position per yard perhaps.,roberts.com,Operations,8504,no,no,mobile,Firefox,2025-01-17T10:15:15,311,"-81.7597045,147.798395",French
ad9aa519-35fc-41e4-9694-acfa71924071,National action tough at.,guzman.org,Finance,2821,no,yes,desktop,Firefox,2025-03-14T22:02:33,100,"-73.995669,73.523856",French
0bce8041-74e0-4827-8dfe-fa9ed500036d,Investment chair measure radio.,hart-thompson.com,Operations,5072,yes,no,mobile,Firefox,2025-01-18T23:08:01,551,"-34.5913095,138.348830",German
47ec0159-ecea-4860-b208-2c91d727bf25,Whole condition quickly fire.,kim-lyons.net,Marketing,3731,no,no,desktop,Opera,2025-04-02T03:47:39,99,"-69.8885105,61.892465",Japanese
00fce21b-3cee-4a5f-9e3c-9b8483f36916,Necessary hope answer last.,garcia-hicks.org,Finance,2582,no,yes,desktop,Edge,2025-03-04T13:27:46,425,"72.117595,114.851385",French
3b5e6676-3a68-462f-b7c9-04fce63ea2e7,Course finally loss design.,carson.info,Operations,6317,yes,yes,mobile,Firefox,2025-03-24T10:23:16,229,"40.3065015,-179.549136",Chinese
dd00b817-3eef-4b78-bebb-3601a28ae2e6,Week shake involve high.,green.info,Operations,8761,yes,no,desktop,Chrome,2025-01-23T04:27:55,42,"9.4698405,168.043372",Spanish
c6e953ee-3945-45a8-a955-5adec9e1df0e,Network debate if language.,chang.net,Operations,5453,no,no,mobile,Chrome,2025-02-25T14:27:01,530,"-65.564757,174.099709",German
37b0947c-207c-4d75-8e1f-8466b110bb67,Policy back believe until how than environmental general.,davis-rogers.biz,Marketing,543,no,yes,desktop,Opera,2025-04-02T17:15:51,357,"-30.439234,69.622039",French
1ab87afa-7701-4677-87c0-16d7ca534e44,Direction respond professional number itself too accept become.,young.net,IT,9305,no,yes,desktop,Safari,2025-02-01T14:11:30,498,"68.9099705,115.179829",German
ea436149-43fd-425a-b8d5-0c4b3463faa9,Subject benefit recent condition human buy.,dunn.com,HR,3272,yes,no,desktop,Opera,2025-01-30T13:51:11,346,"3.345151,-95.834645",English
1be435ba-9c66-4528-a6cb-14f48ab924dc,May finish serve.,meyers.biz,Marketing,6885,no,yes,mobile,Firefox,2025-03-20T14:32:26,467,"11.813023,40.011744",English
1c719b15-424c-498e-be23-d8f5e6d79ed3,Two moment figure very through law life.,gonzales.org,Sales,6736,no,yes,desktop,Edge,2025-03-11T02:12:32,525,"-7.920486,74.755756",English
c5abeb87-d4a9-452f-a740-2190354ed607,Evening stand because who.,castro.net,Operations,618,no,no,desktop,Safari,2025-02-14T08:31:50,347,"65.8411645,-45.017931",Chinese
cee8852f-898f-4dc9-abc0-285b3875edc8,Whole old situation there network.,humphrey-johnson.com,Operations,608,yes,yes,mobile,Edge,2025-01-25T10:42:32,526,"31.1818435,-114.799767",Spanish
b10ab259-2b53-4e92-ad63-18178816ec03,Have mission guy.,ayala.com,IT,5354,yes,yes,mobile,Edge,2025-01-20T18:46:35,72,"15.9132645,-114.908027",Chinese
ba92738b-44b1-4e36-a979-fa21f375b6a7,Word laugh create business plan budget Mrs.,williams.com,HR,2652,yes,no,mobile,Opera,2025-02-25T13:07:44,345,"12.6417205,-78.596339",German
b59e0654-5496-4dd8-9d2c-67e66d833a39,Identify important pass half treat.,campbell.org,Marketing,8209,no,yes,desktop,Firefox,2025-02-25T01:29:24,556,"28.9637325,-88.133684",German
46b29bc4-a6e6-479e-afd7-318a899619d9,Resource per continue group why none common.,flores.com,Sales,5171,no,no,desktop,Chrome,2025-01-30T19:25:38,472,"40.0935455,169.781994",Chinese
bc3bc051-f1c3-4dd4-be68-0cc0aa912ba3,Town behavior current dark however item analysis.,garza.com,HR,4146,no,yes,mobile,Chrome,2025-01-04T09:42:02,204,"-28.0011365,-148.278543",Chinese
ed274a2b-b7bf-43dd-acc3-2e2cea27f741,Loss what but crime.,garcia.com,IT,8286,yes,no,desktop,Chrome,2025-03-21T01:13:53,559,"28.937017,-162.830692",Chinese
0659eb3d-46d6-4e80-961c-35a0416c2afd,Note culture us.,lewis-henry.net,IT,5707,yes,no,mobile,Chrome,2025-03-25T06:24:04,222,"0.287613,-40.618843",German
60321fd6-e223-4a14-8911-d155296bb268,Determine general lawyer.,patton.com,HR,9761,yes,no,desktop,Opera,2025-03-25T09:50:34,50,"-21.1738235,1.241226",Japanese
b44b1666-5935-467a-9e1a-44c2567aedca,Pattern perhaps Republican wind these state enter turn.,miller.com,Finance,6565,no,yes,desktop,Edge,2025-01-13T22:30:08,369,"-30.4660565,-20.601968",English
ad9f11be-d0ac-44c3-b95e-435232df2338,Wide sometimes call conference few theory page.,shah.com,Sales,9040,no,yes,desktop,Chrome,2025-01-12T20:08:37,453,"-50.2065155,-111.784227",French
15208bb7-a9b2-4463-876b-21930c455611,Young feeling scientist wind authority fish music.,newton-turner.biz,Marketing,1356,no,yes,mobile,Edge,2025-01-10T15:52:48,523,"-50.3801585,51.797313",German
24fd00bf-b1a9-417a-af6b-9447af2609bf,Nice single argue ten job.,foster.com,Marketing,1895,no,no,desktop,Firefox,2025-03-22T13:02:03,121,"74.900999,-21.869469",English
1b61eaf5-0b65-4e81-92a7-3fae6bb2db6d,Show indicate organization might pass.,smith.net,Marketing,8572,yes,yes,desktop,Safari,2025-02-24T11:24:48,197,"80.532871,32.994109",Chinese
172a499b-b9c2-4bf8-80a5-259ef9786b9e,Reality participant already manage.,medina-horn.org,Sales,4040,no,no,desktop,Edge,2025-02-17T19:57:18,348,"-52.9541145,55.820417",Spanish
fc5ae658-7684-4a19-b7b1-ccfdbb73c7d6,Style outside line sell piece time.,cook.com,Finance,6567,no,yes,desktop,Edge,2025-01-22T20:21:04,105,"-53.8352605,-137.012387",English
ce6f6a64-5b15-4d38-b1d9-146e9712ab38,Minute newspaper one group activity million position quite.,hicks-lyons.org,Finance,2611,no,yes,mobile,Safari,2025-03-05T08:29:52,142,"-65.0688355,53.688246",English
c07f27ae-3ce5-45d8-be52-ac5a365202ef,Ask system voice result exactly window job.,scott-ross.com,Operations,6097,no,yes,mobile,Safari,2025-03-27T08:19:30,332,"61.1213485,129.792892",German
6889153c-c1a9-434e-ad18-5d3430b59745,Natural white everything page.,vasquez.biz,Sales,7108,yes,yes,desktop,Safari,2025-03-11T04:34:44,83,"-64.0813355,1.220405",Spanish
faf31002-a5cc-4e1d-94e0-7174bf30fda8,Company goal from call task page thought.,bryan.org,IT,1791,yes,yes,mobile,Firefox,2025-01-10T06:06:47,374,"35.349834,-2.625257",Chinese
4761f8fd-e95a-48f1-b6d9-da04f1e3b39c,West responsibility watch worker run on choice.,galloway.biz,Finance,9238,yes,no,mobile,Firefox,2025-01-09T07:15:50,352,"-72.899161,-179.808364",Spanish
ea9a6763-4a1d-4da6-ab74-ed8211ab2709,Collection push begin husband beautiful.,walker-turner.org,HR,4437,yes,yes,desktop,Opera,2025-01-20T11:17:53,421,"86.358028,36.090713",Japanese
93acdb20-8a41-4cec-bcbb-96fd59ad162a,Water move everything approach thank prevent family matter.,alexander.net,Marketing,1946,no,yes,desktop,Opera,2025-02-21T08:26:33,111,"83.1581815,-58.876523",German
38deb4d9-6304-44d4-bf91-f9ebda527732,Dog image light practice walk these.,wiggins.info,Sales,5357,no,yes,mobile,Firefox,2025-03-30T23:06:26,523,"1.970238,25.895392",French
b5a77255-3f49-4675-a108-6d253dc20755,Food owner accept air again center coach.,beasley.com,Marketing,1277,yes,yes,desktop,Opera,2025-03-07T00:28:34,82,"-0.751610,63.440786",Japanese
83ac973c-dd03-4d72-b7e3-c260c1f53028,Investment dinner will turn economic necessary.,garcia-burgess.com,Finance,8032,no,yes,mobile,Chrome,2025-03-21T07:46:37,36,"-9.2452135,91.635342",Chinese
6633b3b3-335a-43ce-8c02-de85cb53fb2b,Wish suffer boy in.,johnson-webster.org,IT,9122,no,no,mobile,Opera,2025-01-25T15:46:35,106,"-78.4657515,-22.773104",German
98f20050-8872-47fb-a2d1-4545dddd9b5b,Them production remain nothing military religious future.,martin.com,Finance,9180,no,yes,mobile,Safari,2025-01-27T08:04:14,254,"-81.3155555,-14.329167",English
ea7db6e0-e8fa-4b75-8d77-a24416c3dab9,Among stock window admit floor.,aguilar.com,IT,4732,no,yes,desktop,Chrome,2025-02-12T10:47:07,420,"-43.6978075,102.787068",Spanish
87627db3-e657-44e2-a012-c89f9c45e8ff,Either better medical mother course reach go.,henderson.org,Marketing,3081,no,no,mobile,Safari,2025-03-30T10:13:05,57,"59.282047,-160.276612",Japanese
6d1661b8-2eb1-43dc-83e1-7a0792d30050,Only then need result.,king.biz,Marketing,5338,no,yes,mobile,Firefox,2025-03-10T08:49:45,422,"-21.869077,98.884634",Spanish
25cad40f-ebab-487f-b8a9-c2a940f5b9a8,Money according life local foot history note relate.,anderson.com,Marketing,3488,no,no,desktop,Safari,2025-02-26T10:50:02,424,"-35.2182455,-65.828339",Japanese
e949302a-cec6-43c5-b60f-83467cf26d2d,Officer response young single paper.,patel.org,Sales,9162,yes,no,desktop,Edge,2025-01-12T18:26:36,313,"2.718123,61.511767",Chinese
e067be54-8b6c-47f5-b5be-40616fdcca00,Work show offer American process call cover admit.,moore.com,Finance,9637,yes,yes,desktop,Safari,2025-03-18T17:39:56,51,"72.511962,-157.935631",German
4c3ce9c9-51e7-4872-bb38-275f8aa5ee8b,Take size woman keep near ask.,chaney-kim.com,Operations,7066,yes,no,mobile,Chrome,2025-03-28T17:40:19,350,"35.702008,153.307003",Japanese
e251a753-641d-47e8-831a-cad080e24b26,President view southern happen possible.,williamson.com,Finance,9256,no,no,mobile,Safari,2025-02-10T15:55:34,182,"57.6878805,-70.897671",French
7faaf059-4818-4d36-ba0f-59f99dc7d956,National miss ago mean.,white-richardson.com,Finance,5216,yes,no,desktop,Chrome,2025-03-10T21:14:54,41,"66.624008,140.308125",German
c2df2f00-043b-4ec4-a3a3-bece0b244443,Recent blue reveal town.,guzman.com,IT,10000,yes,no,desktop,Edge,2025-03-02T21:53:39,479,"10.7910925,118.054537",Chinese
134f8d73-c0e6-4802-9fed-870540ccde8e,Cold decision despite able follow official at.,greer.com,IT,8687,yes,no,mobile,Firefox,2025-03-02T18:24:15,67,"-89.2399115,-117.590203",German
ce5734bc-f3c2-4593-a2d5-cf5749dc434d,Assume with lead picture office goal lot.,clark.com,Sales,3220,yes,yes,desktop,Opera,2025-03-22T04:01:36,468,"-77.3860825,-173.550188",Chinese
69584fa9-eb97-4be4-a791-89566481f21e,Present whom former on.,hamilton.com,HR,8248,no,no,desktop,Chrome,2025-01-27T11:25:17,598,"-22.0461705,-119.893824",French
d73477f0-f97d-4feb-8899-c659524eab8f,Difference bad minute whose mission message cell.,dean.net,Finance,1852,no,no,desktop,Edge,2025-02-20T02:54:24,240,"2.998572,-137.936289",Chinese
82839585-38b4-48a7-af28-d5a006b0fb24,Focus week goal professional get.,norris.com,Finance,2090,no,yes,desktop,Safari,2025-01-26T11:14:49,549,"-81.572186,-101.297487",Spanish
7c9e6136-8c8a-4593-8c7b-809d3d9e2ef3,Morning point small attack anything.,lucas.net,Sales,6078,yes,yes,mobile,Opera,2025-03-29T01:43:31,463,"39.698269,-134.721189",English
b08eff16-57c6-4ca9-ab16-30f67b04caec,When relationship tough movement attorney when card.,howard.com,Finance,7247,yes,yes,mobile,Chrome,2025-01-25T19:40:29,285,"48.821008,6.709133",Chinese
1ef05a40-0995-4438-8088-cfb865312b43,Enter argue know hear never tell feel.,garcia-moore.net,Finance,5356,yes,yes,mobile,Chrome,2025-01-28T23:53:18,337,"76.113584,157.190850",Chinese
292f59f6-0840-4ea0-b55d-8b3cf8a1f3fc,Fill those score upon heart outside.,richard.com,Marketing,8907,no,yes,desktop,Edge,2025-02-22T08:02:17,280,"-69.876280,14.883990",German
7cc66220-d109-4c00-8638-f4452dc140ec,Boy might drop why start issue.,sullivan.com,Finance,3800,yes,yes,desktop,Safari,2025-01-24T01:36:51,358,"-73.107545,-132.873521",French
904820fb-8e3f-4e9f-bc5a-36d5f0de0ddb,Thousand sign item area hope exactly.,willis.com,Marketing,8513,yes,no,desktop,Safari,2025-02-26T04:52:30,534,"75.5047005,70.240411",Spanish
f90a8c57-de10-4f07-9520-f1aeff1fe1b8,We last per.,levy.net,Operations,8743,no,no,mobile,Firefox,2025-01-29T02:57:59,173,"33.8601355,-0.220816",English
e2266b7b-2742-4c52-9899-f4521a6763bc,On then more tough rock more next.,peterson-newman.info,HR,9845,no,yes,desktop,Opera,2025-03-14T17:11:52,349,"-50.762960,10.612724",Japanese
153547ef-0872-4645-8bd3-fd7350b7647d,Physical somebody church.,juarez.net,Finance,8653,yes,no,mobile,Chrome,2025-03-20T23:40:35,571,"63.944109,-11.081519",Chinese
b9999e89-7808-494d-b379-1aea64adc47b,Create both knowledge arm true feel.,holt.com,IT,4693,no,no,mobile,Firefox,2025-03-13T02:53:40,339,"-59.458391,-104.251082",Japanese
2b6ffab8-4b3b-4f63-ada1-c1435ce77167,Tv first speech look increase organization prevent effect.,collins.com,IT,3585,yes,no,mobile,Safari,2025-03-31T11:43:29,486,"-35.200579,55.583268",French
f11c56ac-504d-450e-b295-9da4915b09b8,Read radio spend sometimes.,harris-ramos.com,Finance,6896,no,yes,mobile,Firefox,2025-01-06T21:59:40,359,"-2.9958425,36.358899",Japanese
56d457b4-f469-4d7e-ad41-0290af58b835,Spring shake prepare able bit door.,pruitt.biz,Marketing,8692,no,yes,mobile,Chrome,2025-02-16T01:04:36,290,"-61.9686685,39.780959",French
affea534-9518-48dd-9885-611d68d41487,Single financial stop.,henry.com,Sales,9364,no,yes,mobile,Chrome,2025-02-24T22:23:53,475,"14.576820,138.566848",German
9c19b7b4-3f48-49f0-ac6c-920b815e57fe,Laugh offer policy move heavy the too.,knight-andrews.com,Sales,5187,yes,yes,desktop,Firefox,2025-03-26T16:24:00,387,"-36.979527,41.261480",English
7f093a32-1b89-46a8-9d67-8d7ad9535fae,Stock common page ten buy huge good.,mcdonald.com,HR,704,no,no,desktop,Chrome,2025-03-21T18:37:04,508,"-80.199739,-29.868752",Japanese
5dde5a07-8564-4607-8ecb-8ece645cee32,Red leg its rise process.,brown.com,Sales,8265,no,yes,desktop,Edge,2025-01-18T23:00:40,461,"70.9696575,-177.090222",English
689992f9-1f27-4742-9fbf-d67607cbae7a,Itself two field sing raise.,sanchez-avila.com,Sales,7424,yes,no,mobile,Opera,2025-03-14T11:36:45,23,"38.760918,70.277928",Japanese
4b0c9bbd-2b83-4252-b19d-74c34238cff0,During tax large yourself image how.,white.com,Finance,1064,yes,yes,mobile,Chrome,2025-03-18T04:08:00,406,"-67.6575935,-150.769724",Japanese
eefbde42-703e-4d3f-ab1a-9aa095265bb2,Economy break here fine officer since central.,diaz-hernandez.com,IT,3329,no,yes,mobile,Opera,2025-01-19T19:06:50,337,"-68.7634885,2.349961",Chinese
24da38e1-5921-45d5-92e4-978feab9e1d3,Whole day federal respond development well country.,smith.org,HR,2835,no,yes,mobile,Firefox,2025-03-17T19:57:54,379,"-22.306408,73.019189",German
4e2674de-b131-4161-812c-1b80ecca2cdf,Republican either fire culture baby.,martinez-grant.com,Finance,8618,no,yes,desktop,Safari,2025-04-01T21:20:16,330,"-0.6509035,-78.524217",Chinese
2371e7dc-e5ab-4bdc-b3c3-c1e87257f946,Box help case way blue effort author.,baldwin.com,Sales,1396,yes,yes,mobile,Opera,2025-01-06T21:34:38,81,"-84.146536,-142.924786",French
43f2a234-4201-413f-a09a-ec46477e5001,Or she west film point.,molina-williams.com,Finance,7840,no,no,desktop,Edge,2025-03-13T09:01:40,262,"73.3144095,31.438368",German
bae11c92-6853-47c1-a6bc-8a0d830d67aa,Candidate cut agreement could pass.,shea-anderson.biz,HR,5107,no,no,mobile,Edge,2025-01-18T13:55:40,362,"-76.240977,78.200790",Japanese
126558c3-d129-472e-94fe-8fe5270f81f5,Laugh accept activity treat strategy.,burke-rice.com,Finance,6253,no,no,desktop,Firefox,2025-02-27T17:27:53,187,"-9.178850,8.474245",Chinese
01001910-8981-4fe5-93e9-f0bbb3fbf2cd,Through power knowledge opportunity account age soon.,wilson.org,HR,4156,yes,yes,desktop,Chrome,2025-02-18T09:00:08,286,"-21.621675,-75.735164",English
33d75868-d96f-4a71-b387-40ef199b7d94,Theory another dinner memory simply blood.,snyder-yu.com,Operations,4642,no,yes,mobile,Safari,2025-01-06T12:07:01,190,"-46.181189,75.132372",German
f3a7ec53-8ca6-4695-873d-a78a95ea04d0,Difficult thing answer push strategy nation.,rodriguez-russell.com,Marketing,6713,yes,yes,mobile,Edge,2025-04-01T14:58:32,484,"-47.991710,-3.245329",English
07763a84-1bb3-4b0a-9aa2-001dacb6bfe0,Exactly human mission nice first.,sosa.com,Sales,4803,yes,yes,desktop,Firefox,2025-01-22T10:28:59,520,"6.263486,-61.609290",French
76b2d01e-5c99-4230-bd65-0e8cc14b593c,Skill over affect analysis read.,wade.biz,Sales,9235,no,yes,mobile,Chrome,2025-02-08T04:21:58,64,"44.937808,66.888256",German
79250fa1-e3bb-49e1-a738-5cd0adf96b1d,Reason current score billion wind trade.,cooper.com,Marketing,2456,no,yes,mobile,Chrome,2025-01-04T22:46:19,385,"-64.056909,-28.597646",German
710b4601-1633-4a2c-8678-a7af3cbfb374,Stage side since thing recent.,farley.com,Sales,8126,no,yes,desktop,Firefox,2025-03-16T05:25:43,61,"-79.135113,179.972131",Japanese
b03225c3-c839-4968-b97b-3e5bc5426c0d,During four tough must appear glass adult structure.,aguilar.com,Operations,8022,no,no,mobile,Opera,2025-02-20T12:08:28,458,"-28.971663,162.813572",French
940efac9-2402-4e10-b6ae-a9b63a715c76,Say popular hard camera.,elliott.com,Sales,6897,yes,no,mobile,Safari,2025-02-04T10:17:32,66,"86.9518535,-16.445905",English
c375f7e0-26b1-4e37-b4a1-a0c6d265dd1d,Operation chair clearly space score ask analysis talk.,choi.org,Operations,6366,yes,yes,mobile,Firefox,2025-03-20T22:20:36,575,"-42.2552035,-143.542647",Japanese
f6993747-b023-48fc-8574-a3af7bc20c83,White play world.,kemp-castro.com,Operations,5597,no,yes,desktop,Edge,2025-01-02T14:05:46,447,"-60.1333605,-102.279634",Chinese
b7aae5c0-bbe2-4e16-9b73-62a6f6678a92,House decade rate.,flores.biz,Sales,9038,yes,no,mobile,Safari,2025-01-30T18:22:18,300,"-79.337530,46.337305",English
12659dc3-517d-4959-b648-cd00bcaebe2c,Page first nice democratic skin whole.,andrews.net,IT,1549,yes,yes,desktop,Safari,2025-01-29T06:44:53,519,"-54.4494435,-173.995387",Japanese
b3d2b229-4a5c-47b7-97fa-80fcc75a26b1,Teach safe computer task possible out personal.,ruiz-tapia.org,Marketing,8650,yes,no,desktop,Safari,2025-02-01T00:48:52,528,"59.914833,-115.388860",Spanish
54d01f42-2511-4048-b3e3-adff713541ef,Then put off.,woods.com,Sales,3031,no,no,desktop,Opera,2025-02-26T11:12:20,541,"-32.5190555,11.660541",French
618a1151-53c8-4ef9-9cd7-43aa22a1d54e,Better may all.,vazquez.net,Operations,539,yes,yes,desktop,Edge,2025-02-02T00:45:54,421,"-43.6232635,35.349649",German
f05c4931-83e2-4c1d-b6ed-a02730698d1f,Score cost serve else environment.,miller-lindsey.com,Sales,9070,yes,yes,mobile,Safari,2025-03-17T09:26:06,272,"37.372995,175.284245",Chinese
605248f1-2e1a-4446-95fb-15b533b27bc8,Piece research thought like wish.,newman.com,Sales,4813,yes,yes,mobile,Edge,2025-03-26T03:51:36,342,"-4.883467,-117.618521",German
4a7c528c-0d16-4b79-acc2-b78d55780374,Professor purpose local team they should.,hogan.com,Operations,6697,yes,yes,mobile,Chrome,2025-03-06T01:18:56,50,"53.6849285,-169.885346",English
b6f11b5b-799e-4868-9e6c-db1b493f89cb,Fine prepare get which either.,chen.org,IT,7197,no,yes,desktop,Firefox,2025-03-09T02:33:41,531,"81.871677,-13.443324",English
6a813de5-f8eb-4d22-93d2-b482bdb34290,Response include series door professor leave born court.,cain-gonzalez.net,Finance,8753,no,yes,desktop,Chrome,2025-01-25T03:55:23,417,"-63.046901,11.805803",German
29ffaeb4-6cd4-4913-9bbe-4d8b444b55f1,Both claim hard.,welch.com,Marketing,3582,yes,no,desktop,Safari,2025-02-13T05:02:16,526,"-39.8973775,174.059893",Japanese
1db34b9e-3433-4984-8cbb-89bdcd344166,Adult finish leave marriage response ready.,gates.com,Marketing,4630,yes,no,mobile,Safari,2025-02-23T06:21:36,444,"19.056876,161.435910",Chinese
068e05a6-4274-45c8-996f-de68145396c5,Important continue collection born scientist tend.,davis.com,Finance,1159,no,yes,mobile,Opera,2025-02-17T07:50:09,181,"-9.8734045,42.047778",Chinese
fb4245cb-d9f9-4928-8f03-7a5b8db24e00,Easy old hundred campaign without reduce idea.,clark.com,IT,1738,yes,no,desktop,Edge,2025-02-27T20:17:16,276,"-56.3132665,-29.305198",German
e07d75a6-2be4-4b50-a294-be9e2d1b0b07,Already shoulder various order cover admit.,pratt.net,IT,9334,yes,no,desktop,Edge,2025-03-25T16:29:06,562,"79.492071,160.982665",French
7723f145-0ab9-488e-8965-8f5372d41055,Firm article civil her after item reason.,garcia-martinez.net,Sales,4801,yes,yes,mobile,Chrome,2025-01-27T21:55:54,541,"-1.5588275,-57.352097",German
c60b7e4b-af01-4988-b8a0-818659ce620f,Economy western miss well relationship moment.,cuevas.com,Finance,2928,no,yes,mobile,Edge,2025-01-31T17:36:50,544,"81.011968,-75.777438",French
3d8e7253-8965-4847-997c-0c1b92ebe1c5,Season which voice.,mueller.biz,Finance,9244,yes,yes,desktop,Opera,2025-03-06T13:33:21,296,"-39.8735175,-142.305723",Chinese
6738a240-46c4-42cd-ae39-9199245a17d3,Range PM their source entire last.,cruz-lane.biz,Finance,1810,yes,no,mobile,Safari,2025-02-03T05:38:33,135,"-39.205349,28.717873",Chinese
238cdaa4-3229-4811-956a-deaa753c4f77,Child hard life.,payne-chandler.info,Operations,3073,no,yes,desktop,Firefox,2025-03-31T07:45:19,327,"-1.121114,-159.675749",Chinese
e6633494-46e7-4763-a51f-4d620b5fb3f0,Great know if talk draw.,anderson.com,Finance,1188,no,no,mobile,Chrome,2025-03-20T15:36:19,431,"78.409701,-13.146632",English
dbcc85aa-8b00-42a2-bbe5-e6ae9e704547,Course rate arm official.,rogers-wilson.com,Finance,4999,yes,no,desktop,Chrome,2025-02-23T16:11:49,128,"45.3660615,-150.620807",German
da3c8920-e3d2-4b94-a24e-e4a10ced02cd,People bad couple around either high.,contreras.com,Sales,9744,no,no,desktop,Opera,2025-01-03T21:22:14,297,"80.8223975,33.322538",Spanish
2260b6be-3afd-4bc6-8da7-d11c240dac95,Until change describe recent.,klein.biz,Finance,8667,no,yes,mobile,Chrome,2025-01-18T10:54:12,480,"58.9557425,-23.358173",Spanish
85507f58-974f-492c-8f9b-c3fea8b6b7e4,Record site wait break themselves special participant.,sanders.com,HR,4198,no,yes,mobile,Opera,2025-01-08T23:30:58,175,"30.0621005,151.444941",Spanish
4db4bf6f-d809-42c3-bba2-bdba006d2682,Direction item fine full debate beat fish.,lopez-perez.info,Finance,8702,no,no,mobile,Opera,2025-01-03T19:00:30,217,"-11.735367,52.444245",Japanese
b787853b-d130-4d6f-9ea4-7c397ca96378,Defense positive participant news office step save.,harris-mcdonald.net,Marketing,5824,yes,yes,desktop,Chrome,2025-03-14T10:14:14,381,"85.504370,63.234267",English
b8eaa708-13e9-4cf7-b37a-b62fd6ed24ea,Event stock sign wish win bar.,deleon-boyd.com,Sales,1231,yes,yes,mobile,Opera,2025-01-07T07:31:46,524,"21.1975005,101.931202",English
b24638db-f2a6-4828-94bf-66996b53d101,As capital step ready evidence throughout provide.,perez.com,Operations,2733,yes,yes,mobile,Opera,2025-01-19T20:34:33,466,"-17.458692,-68.251790",English
0f3c078e-1ca3-4801-8667-ee354beb1442,Lose case fast opportunity same tax concern.,bruce.org,IT,4246,no,yes,mobile,Safari,2025-02-13T16:44:54,583,"47.625895,5.178989",Spanish
abbbb94d-6262-458b-a6fe-f84dfa4373fd,Condition practice listen continue hotel sign.,hall.com,Sales,1548,yes,yes,mobile,Edge,2025-03-17T07:27:54,84,"-28.886966,-159.549306",German
a70e001c-2067-4577-9864-7ee93c1dddff,Area but similar situation sometimes.,moore.com,IT,3392,no,yes,mobile,Edge,2025-03-27T00:31:59,277,"16.504133,-12.571595",Chinese
6464ccc1-72e7-4706-85c6-27322bba9343,Several it experience Congress discover return.,scott-hurst.info,Operations,5336,no,yes,mobile,Edge,2025-03-04T12:52:49,66,"5.188524,71.602839",German
5afc8b3e-963f-4875-96f7-a323e53452ee,Always central bit no light begin.,carter-thornton.net,Marketing,8599,no,yes,mobile,Opera,2025-03-23T05:13:22,590,"-55.9204565,-91.100947",Japanese
d62ba848-2550-406f-9013-feba3c9c88e1,Who into short.,ramos.com,IT,5209,yes,no,desktop,Opera,2025-02-27T06:26:58,24,"-8.1581365,116.095433",Spanish
c37fa52a-560b-4b76-9584-ae05144b4012,Only score fall anyone.,johnson.com,Operations,5321,yes,yes,mobile,Edge,2025-02-04T20:41:30,405,"-36.5711535,11.862686",Japanese
30608c3d-7b1c-47b7-bcb2-e27c56358536,Unit child trade research exist person special.,carter.org,Marketing,8319,no,no,desktop,Edge,2025-03-26T07:09:22,214,"-10.8066185,126.204547",German
1e498099-6f05-4584-bfd2-a7ea84ac2659,Site sing century education.,bush-wilkins.com,Finance,3468,yes,no,mobile,Chrome,2025-03-20T14:51:10,536,"37.8969565,93.454804",German
b2be7e07-130b-49a7-a8e4-ff5ee67c0b5c,Age answer receive tax cost.,shepard.biz,Operations,7981,no,no,mobile,Firefox,2025-03-24T14:35:22,230,"-75.1035355,-46.228909",Chinese
f1d0a729-3d5c-4fff-b9e1-fe40b1f696d0,Continue owner discuss product soldier like.,martin.com,HR,8339,yes,yes,desktop,Firefox,2025-02-05T05:54:14,298,"78.8262335,-74.265941",Chinese
82e2b1ef-870b-4d4c-ae87-ffcba1a7432a,Surface parent yard much off her.,bryant-peterson.biz,Finance,7195,yes,no,desktop,Chrome,2025-01-22T07:33:16,459,"-62.831554,25.152328",Japanese
1c8a074f-4a7f-4205-9657-9365df074624,Already same finish letter glass finish.,payne.net,IT,4388,no,yes,mobile,Chrome,2025-02-26T09:15:53,149,"-74.573667,39.240618",Japanese
2200a70e-453a-4938-9114-f9497ded29ab,Whose second event fish huge in.,green.com,Marketing,3589,no,yes,desktop,Firefox,2025-02-01T14:30:02,530,"12.795360,76.139309",Chinese
70d5eb75-1c76-4b19-a2a7-37daaa6baa03,Ahead minute response front two force that.,valentine.com,Sales,2285,yes,no,desktop,Edge,2025-01-09T09:45:53,145,"12.846764,135.569930",French
001c72b0-503a-44d2-87f2-7232ae1ca889,Their follow mother style billion.,cole.org,IT,6287,no,no,desktop,Safari,2025-03-26T21:10:57,410,"-14.5750795,166.150899",Japanese
948b0a1a-065e-4ed9-98e9-4463352052d2,Performance camera talk fund hold.,garza.org,HR,4644,yes,no,desktop,Chrome,2025-02-04T11:29:32,139,"-18.5323245,128.083703",Chinese
df681637-b0f2-422a-9c99-3ae277a1f044,Job window security others writer society east.,green-key.com,Finance,8996,no,no,mobile,Safari,2025-03-02T14:23:27,528,"-23.718368,-140.953678",English
14da5ec8-c200-496d-8224-dfca48aa321c,Allow analysis TV budget.,guerra-rivers.com,Sales,5266,no,yes,mobile,Firefox,2025-01-23T22:49:34,431,"13.6801185,59.296328",Spanish
56ddaf35-fcb4-4550-87f8-648d86ae96fc,Door big study.,reyes-morrow.com,Sales,4386,no,yes,mobile,Firefox,2025-02-04T19:03:42,311,"-8.3230195,174.105326",English
1f7a91c8-3330-4303-b21d-e0a59fd22e27,Certainly account yet parent.,jensen-atkins.com,Marketing,1019,yes,yes,desktop,Chrome,2025-01-26T22:22:24,181,"50.928102,6.775594",Spanish
b90a9d1a-d664-4389-809c-45403a19b985,Far reason dinner.,jackson.net,Sales,6560,no,no,mobile,Chrome,2025-03-04T06:54:26,242,"-67.0405875,-12.585433",English
a5254e6c-fe17-463b-b287-dac3c156c832,Still democratic truth guy get rock seven impact.,sharp-mullins.org,Marketing,4701,yes,no,mobile,Safari,2025-02-03T23:24:02,422,"-79.990837,-28.341593",English
282db172-80f5-48a2-bb02-2a3a19daa663,Cell week peace idea interest anyone.,dean.com,Sales,7995,yes,yes,mobile,Firefox,2025-02-01T21:14:10,315,"-49.6198065,-143.437566",German
f169bff4-c329-475d-a324-60d5cfc8e6df,Ball example company project subject that room.,stevenson-smith.com,Operations,2181,yes,no,desktop,Chrome,2025-01-31T14:56:37,388,"85.427989,60.494978",French
4a298935-6103-41b1-abfe-5c8607c8aa60,His enough according per.,davis.com,Finance,1188,no,yes,mobile,Safari,2025-01-09T20:38:57,145,"-20.010247,59.896900",English
c3b79fd8-fa1b-4190-809e-474374a9c416,Support get realize discuss.,landry.org,Finance,7555,no,yes,mobile,Safari,2025-04-03T16:57:12,301,"-6.786626,129.664863",German
ce89de9a-b99d-43ea-91d7-f3e8c7a6bb09,Seem final agree.,james.com,Marketing,9670,yes,no,desktop,Opera,2025-01-26T07:56:13,484,"67.261910,-14.597121",English
e7af34fb-e6aa-4af5-9ecb-ba0816ec806d,History short one every goal reality.,byrd.com,HR,1350,no,no,desktop,Safari,2025-03-28T04:07:05,317,"55.043681,18.870511",Spanish
e98ca99c-d713-40f8-84ee-98172c5daf0e,Knowledge catch clearly.,lyons-vazquez.com,Sales,4577,yes,yes,mobile,Edge,2025-01-22T19:01:48,519,"19.7846295,-74.283005",Spanish
21bc6eb2-399d-4151-8b9b-1d0376718ea2,Star standard item side financial.,cox.biz,Finance,8960,no,yes,desktop,Firefox,2025-03-12T08:04:59,571,"-21.1402675,-167.034044",Chinese
56c74ba2-8998-4a1a-88cb-d5be4af253c0,Sense prepare billion and.,solomon.com,IT,6050,no,no,mobile,Edge,2025-01-25T11:41:33,518,"-39.120706,-90.076155",Spanish
b139ec1e-6904-4d2c-8d55-72d4ed86d4d6,Possible speech girl begin dinner concern.,mendoza.com,Marketing,5005,yes,no,mobile,Firefox,2025-02-18T18:56:34,53,"43.046761,-106.527602",German
4886ff57-0d08-4738-bbd6-b82b693c9afa,Respond add field bar have world cup.,peterson.com,IT,5605,yes,no,mobile,Edge,2025-04-02T08:07:24,388,"-1.056684,-50.175904",Spanish
f669053b-1b85-4b6f-b958-9f6e1d74eea6,Report like out.,herman.net,Sales,5073,yes,yes,desktop,Safari,2025-02-03T01:39:26,321,"82.023517,51.260090",French
119cbda6-7f3d-453e-a30b-e54745d99932,Brother however bring door money check responsibility worry.,norman.com,Operations,1795,yes,yes,mobile,Chrome,2025-02-19T03:39:27,54,"24.1170455,-16.272464",English
70d4723a-368f-40ce-ac25-83dff2a8f724,Next soldier suffer floor finish type Republican.,jackson.com,Sales,8305,no,yes,desktop,Firefox,2025-01-06T13:17:32,110,"-18.8079445,-146.459142",English
48286d02-9b25-4a70-be0d-c42f8221396a,Beautiful knowledge able here.,cox.net,IT,9744,no,yes,desktop,Chrome,2025-02-11T10:42:45,511,"-31.307391,-22.207896",German
fbef74ac-7dae-4c21-ba24-6b8952a0cb6e,Single consider movie fear adult crime.,jensen-ortiz.net,HR,7295,no,yes,desktop,Firefox,2025-02-09T19:22:13,569,"-37.018810,-36.042946",Chinese
f17b4bb2-2f57-4de0-8aa0-683a7abaf715,Figure walk simple.,kelly.info,IT,2546,no,yes,desktop,Edge,2025-01-19T21:21:33,218,"-51.3037315,10.728738",French
78119c2e-c27a-4277-b41b-bc856ce997ea,Hospital mission mean trouble.,smith.com,Marketing,4274,no,yes,desktop,Edge,2025-03-06T16:35:12,258,"61.8679545,-15.618208",Spanish
de5eb187-4100-4c15-8da5-6cd8e95b3615,Deal be conference choice environment again.,blake-duran.com,Sales,7655,no,no,desktop,Opera,2025-01-11T17:15:35,566,"-7.9381155,47.369309",Chinese
9b892e58-2cfb-4d3b-b3ed-c85a2c09836f,Thousand like allow deal unit own.,sexton.com,Marketing,7882,yes,no,mobile,Edge,2025-01-31T14:46:35,391,"34.121548,-154.686210",German
1fb15dfe-997c-4ba0-9a9b-2ed41efbc32d,Common race visit up real.,thompson.org,Sales,6507,yes,no,desktop,Firefox,2025-02-16T17:58:16,157,"69.9639815,81.499930",Japanese
a3fa8b2a-cc60-4d11-a044-524de8438bd8,Strategy matter from per she.,beard-hernandez.com,Operations,5806,yes,yes,mobile,Opera,2025-01-30T08:03:00,592,"55.0035465,-61.550700",French
45872556-de09-4f1e-9a5b-1d8492fd42a5,Assume here agent still.,lopez.biz,Operations,5560,yes,yes,mobile,Safari,2025-02-24T09:08:47,238,"9.076847,140.111968",German
66f1c469-3d9e-4109-a49b-90df9d1c0598,Compare answer check prove.,miller.com,HR,1608,yes,no,desktop,Opera,2025-02-07T11:40:02,258,"-88.6705625,159.951470",Chinese
542c0177-06e9-417b-9be5-1184b00f2380,Pass value garden design tree growth loss.,mcpherson-clay.biz,Operations,9262,no,no,desktop,Edge,2025-01-09T15:30:52,453,"84.608746,-76.961937",English
8b5f5552-1f60-4a64-afa2-b39498d4724d,Choice chair heavy we.,beard.org,HR,8578,no,yes,desktop,Opera,2025-03-18T08:28:18,539,"50.9912935,112.302115",German
b0fe3056-38af-43fb-b097-e888b86854fe,Room fight public everything consider.,miller.com,IT,5977,yes,no,mobile,Firefox,2025-04-02T15:18:08,161,"13.8119195,-132.041460",French
b16db025-feac-479f-855b-af2f96417b39,Better woman type enjoy language.,carter.com,Marketing,1796,yes,yes,desktop,Edge,2025-01-21T14:33:36,151,"-3.1537725,-164.122222",French
09bd5a45-c0b8-4b33-b16c-50e1f7374f3e,Land investment simple whom.,warner-lopez.com,Operations,523,no,no,mobile,Safari,2025-02-12T19:31:45,253,"-56.6173595,73.378622",Spanish
d7cf24a0-06f1-4203-8bf2-f1b8ee739617,Star build walk compare owner yeah.,mcfarland-johnson.biz,Marketing,5105,yes,yes,desktop,Chrome,2025-02-14T15:16:31,384,"-40.180301,145.912606",German
25f932f0-aca7-4ced-b48c-c61fd56bdd2e,See easy play public rich.,leblanc.net,IT,7974,yes,no,desktop,Safari,2025-02-22T14:45:47,93,"72.845034,-65.088142",French
8e9d9335-121e-4947-84e3-b5d6f1193e18,Free religious onto including artist like.,ponce.com,HR,6901,yes,yes,mobile,Edge,2025-01-24T01:15:36,206,"-81.518615,51.846665",Spanish
11faa270-f771-424d-9fba-fe464b7aaa37,North international political maintain south increase start.,bauer.com,IT,5876,no,no,desktop,Firefox,2025-02-05T20:53:20,304,"-6.232431,144.724887",Chinese
92670fad-a5cb-4238-80d0-bcba0055bf88,Believe here current too drive cut far.,rangel-james.com,Marketing,7357,yes,yes,mobile,Chrome,2025-01-03T06:26:55,486,"87.849447,-136.849585",Spanish
6d1a66f4-730e-49c7-8686-9cf64ef0b40d,Himself region level reach free pass.,hicks.com,HR,6416,yes,yes,mobile,Firefox,2025-03-14T07:56:25,107,"-48.182256,-63.242914",German
5c41f4bf-5b6b-4bc7-a4bb-402706a10339,Organization would these guess method.,burns.biz,Operations,8849,no,no,desktop,Edge,2025-03-24T10:17:28,411,"-3.287972,-51.840149",Chinese
58570221-7628-45f5-b489-af7220fac748,Leader price push radio theory over return see.,williams-hall.net,Operations,804,yes,no,desktop,Opera,2025-02-27T01:24:07,40,"-24.323015,78.083364",German
37056392-619a-4351-992d-e3fe3c83bf3f,Hit street identify news cover single court serve.,martin.com,Marketing,2055,no,no,mobile,Opera,2025-01-15T19:27:39,385,"76.9536385,-22.665559",English
4dd57b03-6341-4dfa-91c2-565353b8cd7f,Arm light cover pass experience anything.,davis.net,Operations,5462,no,no,desktop,Chrome,2025-03-23T22:39:30,165,"47.410607,114.804028",French
fc18328d-a136-4732-b3a3-94ab4a743dd1,Information close draw gas character.,black-alvarez.biz,IT,8286,no,yes,mobile,Opera,2025-03-26T06:09:30,164,"15.144676,119.536857",Spanish
ba5eedb9-6fcc-487e-827e-656668cdd029,Consider take use form cup many mission.,acevedo-martin.com,Finance,9466,no,no,desktop,Safari,2025-03-18T18:32:06,396,"41.0437195,-88.676602",Japanese
937c294e-ee17-4c97-a89c-5618e5e12437,Another baby never example weight base.,johnson.biz,Finance,1333,no,yes,desktop,Opera,2025-01-28T02:59:02,294,"-25.229064,33.366620",Japanese
be6292e6-ac41-4dd2-a65a-43b9a46a042c,Treatment girl who hair mission though.,lee-douglas.info,Sales,1406,no,yes,mobile,Chrome,2025-04-02T07:28:51,345,"-78.4254335,1.794401",English
322c2cb8-3e57-4ccd-b6c7-b2fc08b4f7dc,Yet section between marriage would factor instead quite.,hendricks.com,IT,8392,no,no,desktop,Chrome,2025-01-01T03:43:30,175,"-65.669665,160.553201",German
3294754d-5096-47d6-81df-1791abfb165d,Line sell produce let already performance blood.,michael-allen.net,Finance,4562,no,no,desktop,Opera,2025-01-21T17:50:25,176,"18.6569455,-115.942127",Spanish
2e50371a-4485-437f-8023-faf2df25db59,Involve leg spend operation treatment government customer.,ray-anderson.com,Operations,3299,no,no,mobile,Edge,2025-02-15T06:35:08,439,"-71.141741,-3.083754",Spanish
bf0b5668-4b9a-4b7e-a03b-d543a4a32514,Throughout later accept deep quite.,hall-ramirez.com,Sales,7867,no,no,desktop,Chrome,2025-02-06T23:32:31,386,"-20.8256075,117.888089",Chinese
7c80b7ea-4ab3-4956-87ba-0ef958fa8211,Seek speech specific spend.,dickerson.com,Marketing,5227,yes,no,desktop,Edge,2025-01-17T14:13:43,497,"16.784678,-45.671800",English
788df3f5-0521-4a0e-895b-91a801ec3651,Whole cup add agree.,barry.net,IT,1804,yes,no,desktop,Edge,2025-01-30T08:02:30,456,"-46.188069,-113.754478",French
32c75ada-e1a5-48eb-8d4e-26a00bfc2476,Now security marriage economy near on.,scott-williams.com,Operations,1393,yes,yes,desktop,Opera,2025-03-01T10:29:59,366,"35.458168,-50.911237",French
57bfa290-0e18-4b36-8185-548a9b154d7e,Keep eight in everybody.,washington-garcia.com,Marketing,5364,no,yes,desktop,Opera,2025-03-07T07:55:52,129,"-72.264902,178.031535",English
96bb06e9-b9e1-43fd-82f9-68fb40a36ec6,Even build true course long memory.,mcbride.com,HR,4750,yes,yes,desktop,Opera,2025-03-31T02:16:18,575,"-13.829115,64.797569",English
899958bc-77fd-45f2-805d-75866953975d,Stuff wait see water.,sanchez.com,Marketing,8856,no,no,desktop,Safari,2025-03-22T02:02:46,391,"-41.622740,15.944389",Japanese
4a4d9ffb-329b-4014-ab34-ba498257d7fb,List daughter subject tree history eat from.,hayes.com,Sales,872,yes,yes,desktop,Opera,2025-03-24T05:54:19,113,"70.240687,79.153248",Spanish
561b0fd0-9824-4815-85e6-8d6c419d9c37,Administration point of enough development.,krause-harris.net,HR,1209,no,no,mobile,Opera,2025-03-13T15:29:08,477,"51.5747155,79.486725",English
c528970a-9c0a-416d-b001-f893e19a588b,As practice dream meet.,carter.info,Operations,5358,yes,yes,mobile,Chrome,2025-02-17T14:19:20,148,"-20.8119995,-1.589219",Japanese
19548ada-8196-451c-9c81-ef425332400d,Unit nice population all your.,brown.com,Operations,8159,yes,no,mobile,Firefox,2025-01-15T13:58:31,157,"-41.161908,-166.364446",German
f15dc7a8-244d-41ed-a760-c33dc635b5b5,Travel dog own find whole behavior ok.,malone-harmon.com,Operations,3017,yes,no,mobile,Firefox,2025-02-17T10:52:10,496,"65.608283,169.172185",Spanish
e3ce2ac1-0d32-40cc-b85f-46ae70054a52,Bill find culture require already.,fisher-smith.com,Finance,9982,no,no,mobile,Chrome,2025-01-22T03:04:49,83,"10.2504385,126.218143",English
70f0248c-0fae-44e6-beaa-4c919854f687,Once everything four west.,poole.com,Marketing,1345,no,no,desktop,Chrome,2025-03-31T23:10:12,487,"34.561584,134.257804",English
19a11c25-99e5-4525-9ec9-da5eebd6f4ad,Successful question why create.,morris.biz,Finance,4951,no,no,desktop,Safari,2025-01-24T07:25:33,314,"-50.413896,82.015428",German
a7d7d5a6-24d3-416f-8805-a1e831320f36,Check occur seek citizen magazine.,richards.org,Operations,7039,no,no,mobile,Chrome,2025-01-24T03:52:49,27,"20.8039845,178.216257",English
ea02d476-196e-4794-83cb-ca009fb9ab40,Allow side social attorney measure position project go.,simpson.info,HR,4655,no,yes,mobile,Edge,2025-02-26T04:03:54,91,"47.547556,-167.501538",German
3e46bd27-c5a1-4c06-a476-b0973435816f,Author cause usually language.,arnold-williams.com,Operations,9613,no,yes,mobile,Edge,2025-03-17T07:36:01,129,"-45.023521,103.394627",Japanese
1bea2a9a-70f7-4085-9ea6-f8321d044a2d,Experience off development free recent Mr several.,hamilton.com,Operations,4244,yes,yes,desktop,Edge,2025-01-20T16:21:02,488,"55.955851,-37.106634",German
6325658f-8a01-4c6d-9cc9-6f8e837e2270,Much fact candidate can south.,wise.com,Sales,901,no,yes,desktop,Opera,2025-04-01T19:12:21,340,"-1.4517205,-108.986536",German
3ae4520c-9e55-4591-9b20-bbc8127376fd,Will apply example computer.,clark.com,HR,1344,no,no,mobile,Firefox,2025-01-09T23:29:42,490,"52.835018,-120.539747",German
7a31b07e-a248-4e41-84f0-b4920cd7859e,Offer last especially indeed seek environmental civil.,parks-reilly.com,Sales,8015,no,yes,mobile,Safari,2025-03-23T07:22:47,89,"41.386156,117.897202",English
d21373ed-4c0d-435c-9738-b5351ec2bd57,None mission throughout white threat maintain vote without.,white.com,Sales,9348,no,no,desktop,Edge,2025-02-07T20:43:22,183,"45.152487,-150.787664",English
1e8e97a6-bf00-4fb0-8bcb-d16defb6499f,Walk decision school quality class including region role.,black.com,IT,4217,yes,yes,desktop,Safari,2025-02-03T20:22:02,190,"62.747141,78.416650",Spanish
b50a295c-6c3a-45f1-986e-d65ed8eb618c,Everything answer try success produce southern.,willis-roberts.org,Sales,3448,no,yes,mobile,Opera,2025-03-30T12:02:13,173,"29.2988185,57.964000",English
69ceb842-f1b1-4ef9-9e69-c738698fe44d,Find guess since until involve all edge.,campbell.com,HR,4004,yes,yes,mobile,Opera,2025-01-09T09:58:41,28,"-51.6099105,-61.495051",Japanese
9dee7660-7373-43a6-bef4-206a3dbda859,Everyone road across.,vasquez-arnold.com,Sales,7494,yes,yes,desktop,Firefox,2025-02-08T19:36:25,221,"-37.954182,177.828792",English
588c7c2a-c145-4f6b-9296-998d8f5e9cfe,Sign choice add laugh computer anything ago task.,spence.com,Finance,7630,yes,no,mobile,Edge,2025-01-01T16:35:34,215,"-37.932793,13.720713",Chinese
5a517f07-5292-4545-a325-ba58263a9c99,Toward draw resource.,dunn.org,Sales,4607,yes,no,desktop,Firefox,2025-03-03T13:29:17,504,"66.8575985,-89.791247",Spanish
b9f1317c-009b-4243-ba1f-804e60ac4c44,Great range fill amount catch.,lee-johnson.com,Sales,2793,no,no,desktop,Edge,2025-02-03T04:08:52,231,"-87.5791685,19.993156",Spanish
7e95a686-55e4-4e25-b44b-9dbd2540c7c8,Manager section image other per.,wilson.com,Sales,2371,yes,no,desktop,Chrome,2025-03-20T01:03:27,367,"-84.6004765,-104.944843",German
a322c53a-8927-4402-b59c-a7780ba3c382,Commercial know people travel reality write story.,johnson.biz,HR,1197,no,yes,mobile,Edge,2025-03-14T00:49:05,567,"-0.279109,-117.681469",German
7b48ea83-8f13-400a-b87e-b2022568ae3b,Former represent song player whether large.,mills.info,IT,8087,yes,yes,desktop,Safari,2025-03-18T01:03:30,191,"14.6621675,157.751373",Spanish
1f3d29f3-928a-4b01-a737-01579ee07684,Memory offer sense teach environmental.,walker-logan.com,Sales,3526,no,no,desktop,Firefox,2025-02-01T16:54:41,20,"-23.0627205,-118.372055",English
115f5c5a-4773-406f-8b33-48683242d571,Table nor first society focus nor.,bryant.info,IT,6694,no,no,desktop,Opera,2025-03-24T03:38:32,143,"54.159490,93.742543",Spanish
b0ce410e-221c-484d-9599-6a961af9b375,Cell believe investment act easy loss loss.,cannon.com,Marketing,8849,yes,yes,mobile,Safari,2025-01-24T01:58:32,207,"24.6432975,36.287389",French
d01785aa-ae41-4f31-bcf4-066a57df0063,Else past charge force.,larson.biz,Operations,7850,no,yes,desktop,Opera,2025-01-26T07:35:37,337,"-3.293996,-132.611067",Japanese
eaef22e6-37ef-4228-ae5b-338b2a5ef45e,Difference item establish south write coach stay.,mendez.net,IT,4753,no,no,mobile,Safari,2025-01-18T05:49:15,588,"57.820964,-177.417823",Japanese
db6f548e-36f9-4213-9c16-67693a69ada7,Staff offer sport fact financial material campaign.,johnson-palmer.com,Finance,5292,no,no,desktop,Opera,2025-01-10T17:44:12,421,"24.568410,61.628928",Chinese
e900da2a-16e9-42fb-b3ad-60a40ff8efdc,Mind grow ever section.,villarreal-levine.com,Sales,7058,no,yes,desktop,Safari,2025-04-02T04:14:27,259,"7.8230125,-31.091744",Chinese
aad1d100-07ce-49b0-a62b-3aba522f6cf9,Local deal young term compare third.,henderson.com,IT,1063,no,yes,desktop,Opera,2025-04-03T02:45:08,191,"41.7710815,113.639900",English
283dccc1-fb9c-4713-a6d8-3e79a53d5a5a,Open address without executive special.,todd-mann.info,HR,1875,yes,no,desktop,Edge,2025-03-12T14:03:43,124,"-61.870422,96.002439",French
12808268-dcaf-4abf-bced-25b6566b7da4,Reduce other yourself modern store during general.,ingram.info,HR,2731,no,no,mobile,Chrome,2025-01-21T15:15:42,79,"-89.344181,153.504212",Spanish
e25c46be-22b1-4b40-bc35-9f2688fbb0bc,Behind quite can.,lopez.org,IT,8528,yes,no,desktop,Edge,2025-01-26T04:36:37,487,"13.1210275,-174.960475",English
1136ef60-3519-450e-858c-2a876598fcd2,Reach respond this want all girl party.,underwood-ramirez.com,Operations,3377,yes,no,desktop,Safari,2025-01-13T06:35:31,186,"-44.802319,-34.146794",Spanish
4648bb8f-ec9c-4eeb-b14c-47a697aff162,Moment professional seat hot guy senior.,guerra-thompson.com,IT,5203,no,no,mobile,Edge,2025-03-15T01:39:33,409,"-64.349024,-28.182442",Chinese
c440d982-5c0b-4b4f-936e-20962118125c,Month different spring southern one modern know.,harvey.com,IT,5104,yes,yes,desktop,Chrome,2025-03-25T10:22:01,324,"35.410869,62.270832",German
8d453e81-0e64-48ab-b884-024ad5dda0fb,Car manage course method physical like.,rollins-clark.net,Operations,6800,yes,no,desktop,Safari,2025-03-17T07:24:44,425,"12.778681,179.800383",French
ce3aab03-288e-4269-9185-c72853430718,Bar successful read market.,strickland-winters.biz,Finance,1237,yes,no,mobile,Opera,2025-02-13T13:39:48,518,"-47.037742,141.708311",English
0932ea90-c08d-45a9-8980-f455d97dda9f,Prepare religious per north ago form choice.,graves.org,Finance,8233,yes,no,mobile,Opera,2025-01-06T12:37:41,110,"47.5750825,116.559445",French
bc6a819b-57ba-440f-9b62-9c851a07805e,Do attack sound.,owens.com,Finance,5907,yes,no,mobile,Opera,2025-02-27T10:49:17,503,"3.6039185,-7.896322",English
fe9c9494-c866-4567-9ff6-ed092f3c9615,We serious have begin.,barnett.info,IT,9618,yes,no,mobile,Firefox,2025-02-21T20:22:03,34,"28.435750,137.986752",German
d86f12a3-21f8-4ec8-976b-9630edf6eca5,Process protect north manage agree.,butler.com,Finance,1782,no,yes,desktop,Edge,2025-03-11T15:07:27,456,"-24.4873975,-84.622113",German
ff92221c-c1a4-41b0-9911-adcdb2ad5c4c,Be material act important forward.,cruz-rush.com,IT,5594,yes,no,desktop,Chrome,2025-03-09T14:48:49,137,"47.9962445,28.225702",German
606b3465-756e-420e-a8de-2329e59d09c2,Animal drop respond.,rose.com,Sales,516,yes,no,mobile,Firefox,2025-01-11T04:58:54,118,"77.7063265,-89.675380",French
c0625a90-7697-4d5c-9801-17b9031da257,Long note can religious alone arm watch.,moore-johnson.org,IT,4677,no,no,desktop,Safari,2025-01-12T09:26:21,337,"-59.8129585,9.072389",Spanish
b4c44b2e-4526-4a18-87eb-2aa410457040,Turn treat office radio heart away.,rodriguez.biz,Marketing,7371,yes,yes,desktop,Opera,2025-03-09T18:09:21,286,"-42.4515155,84.178937",Chinese
640f2edc-f995-4086-a0b3-8d4ff2201192,Everything civil save good leader.,figueroa.net,Sales,2074,yes,yes,mobile,Firefox,2025-01-11T00:53:28,215,"-37.0022745,-20.749906",French
7c7d566b-b37f-44a2-a4dd-90052a17f696,Mother this suggest democratic discover child production agent.,hill-palmer.com,IT,3933,yes,no,desktop,Chrome,2025-01-23T02:17:59,191,"69.801820,104.220359",Japanese
0d60c19c-c4d2-4013-a167-eb1aae7199a9,Drop learn something process red head.,campos.com,IT,9073,no,no,mobile,Chrome,2025-02-24T09:08:55,173,"-73.248844,-179.114021",German
e223c883-ac19-41f3-9549-f2d8cab3b8eb,Half operation best table particular themselves.,franklin-lee.biz,Operations,8481,yes,yes,desktop,Opera,2025-02-01T09:07:19,49,"76.377278,-101.634346",Spanish
7ee9298c-3a19-4440-980b-762246e6063d,President event kid sport culture interview.,taylor.info,Finance,961,no,no,mobile,Opera,2025-03-08T08:34:20,510,"56.072801,4.704516",English
508860f0-f454-4ab2-998b-ced38d4e2444,Fly what reality standard.,jones.net,Operations,7146,no,yes,desktop,Opera,2025-03-17T15:10:08,507,"27.517129,173.833920",French
9223f771-f059-417f-af2c-c8a41862b910,Four support teach seem dinner course window.,sanchez.com,HR,3187,no,no,mobile,Firefox,2025-03-16T15:51:59,189,"86.9723485,70.433089",Japanese
ff92a4a8-45e9-45a2-a59a-5417161565d5,Mention open interview.,lam.org,Operations,9084,no,no,desktop,Safari,2025-03-16T18:32:42,554,"45.2560225,63.492687",French
273010a5-619d-4c80-a965-e916601b8c00,Up none side light.,leonard.org,IT,4033,yes,no,mobile,Edge,2025-02-03T12:33:40,230,"-5.460110,71.796251",French
4bd962d0-baf4-4136-96fc-3a5a22af8914,More manager second will decision design around.,miller-schwartz.biz,IT,9729,yes,no,mobile,Opera,2025-03-13T08:45:21,557,"89.5849085,-171.161302",Spanish
5e5d97a7-f355-48c2-ae26-59ba91aeb477,Degree scientist eight policy.,lane-perez.org,Marketing,9913,no,yes,desktop,Opera,2025-02-22T19:58:11,392,"79.0711285,-92.224628",French
8ff5e70e-a3f0-4022-a7f9-c948b1cd640a,Community relationship to choose for organization surface.,short.com,Sales,4284,yes,yes,desktop,Edge,2025-02-26T09:56:05,81,"40.9994565,141.822916",English
d8f0c3a3-63df-4f35-a013-205f50ba5afd,Along ahead bar.,alvarado.com,Operations,1850,yes,no,mobile,Firefox,2025-01-09T06:41:13,232,"-46.877472,-17.513374",Spanish
1ec096ba-a2b5-4b4a-9176-cf737bf70174,We early television carry seven arrive nation alone.,graham.com,Operations,7417,yes,yes,desktop,Firefox,2025-02-18T10:54:18,121,"-53.841442,117.504186",Chinese
07c8efa5-169b-4070-83de-8d4991a29306,Program level produce defense already.,jones.info,HR,7834,no,no,mobile,Edge,2025-01-16T09:51:57,551,"84.432385,-148.112511",Spanish
2f04858d-4cd8-47a0-b4ae-259c2197e7c4,Rate crime movement audience.,young.net,IT,1478,yes,no,desktop,Opera,2025-02-08T15:24:11,437,"67.4631335,-136.698834",English
40bd5af4-ee79-45bf-a1fe-0743cae9f263,Street serve role beautiful important.,nelson.com,IT,7408,yes,no,mobile,Firefox,2025-03-22T14:38:14,429,"-32.2278725,119.701504",English
b8017a8f-ef1c-4837-be88-2ad514d1096a,Size particularly health brother finally.,hampton.biz,Marketing,1397,yes,no,mobile,Opera,2025-04-01T15:42:26,141,"-1.4784295,175.936406",German
d2262d55-e977-4916-a777-24f06f383290,Collection middle law military.,wade.com,Sales,2149,yes,no,mobile,Safari,2025-03-08T12:01:30,416,"-9.9266125,16.196547",Japanese
36d4ef1e-144c-4506-8ab4-0fb36e74d694,Need media else move fight country above.,martinez.com,Finance,7260,yes,yes,desktop,Firefox,2025-01-21T16:08:00,94,"-58.2297735,-119.170421",Spanish
47fd14df-4d0d-4132-aa5d-6de42a5ff042,Fire program box training.,watson.com,Sales,5668,yes,yes,mobile,Chrome,2025-01-06T08:46:24,514,"1.8466095,-48.230050",German
75590037-33cf-438d-9707-f49acd599027,Someone they sea perform under toward thought data.,harris.org,Finance,9364,no,yes,desktop,Chrome,2025-01-04T06:13:58,417,"-45.6529765,-40.155351",French
a3e4da02-29bc-4fa3-91aa-d1a3f874effb,According tax pass full defense put have.,reed-wood.net,Operations,8095,no,yes,desktop,Safari,2025-01-28T22:26:10,366,"84.372157,55.865545",German
17caf6de-102e-438a-b9db-bf56d9d2708a,Debate size other property pay.,martin-castro.com,Finance,893,no,yes,mobile,Opera,2025-04-02T17:24:31,60,"20.9412515,52.221341",English
273777ec-d00b-4f56-96c8-faa37af5e2f6,Avoid southern life build reach last.,gould.com,Operations,7264,no,no,mobile,Opera,2025-01-28T21:57:01,407,"25.551196,-45.253695",Chinese
56f9a90b-1025-444b-bead-99c2e6c1117e,Into today media capital career person.,rodriguez-manning.com,HR,9652,yes,yes,desktop,Edge,2025-02-26T19:53:36,493,"-11.3685875,-74.664859",English
3eabfb77-27b2-4582-962f-197bbbf974a7,Letter wear growth indeed guy drug.,mcguire.com,IT,2857,yes,no,mobile,Firefox,2025-02-12T18:13:45,277,"26.7816355,-71.808110",Japanese
2ddfdc24-3b3d-4ee5-b39d-790715f6eec2,Property clear interesting memory theory necessary.,barber.net,IT,4208,yes,yes,desktop,Opera,2025-01-10T23:18:32,491,"-71.737743,-112.537094",German
9c65fb8d-1918-4483-b611-32c99284c2f2,Street section public sister parent.,howe.com,HR,4767,yes,yes,desktop,Edge,2025-02-24T04:59:38,155,"35.5588275,135.980392",Spanish
dedcb761-7ff6-4068-b8a1-aa24c74b9bbd,Kitchen term threat travel game.,huang.com,Operations,5640,yes,yes,mobile,Firefox,2025-02-19T03:04:26,384,"-4.252520,144.078705",French
14d702e7-58a6-4b8b-8bc1-b0957ae07019,Cover believe tough role see rate way.,maxwell.net,IT,5658,no,no,mobile,Edge,2025-02-10T15:47:40,226,"61.053703,52.447172",Japanese
30371ad1-73c1-4b88-8173-e805e3602801,Why beyond real student her issue season.,torres-singh.com,Operations,9677,no,no,desktop,Firefox,2025-03-17T07:13:02,319,"49.3777565,58.749318",Chinese
de0c35b2-9d64-40ab-afb6-49747a6104e4,Something little a cut garden race ask.,holmes.com,Operations,5701,no,yes,desktop,Opera,2025-02-02T16:39:37,146,"-71.531564,-26.248617",English
12722ef0-6ea0-4ace-aa26-7078e27ce923,Off also boy experience day what.,strickland.net,HR,5742,no,no,mobile,Edge,2025-03-15T05:10:39,95,"-88.0233835,53.526009",Japanese
93d0017d-986d-4611-9d0c-32bbf752529d,She sense feeling door effect.,banks.com,IT,4911,yes,no,desktop,Safari,2025-02-25T03:15:27,435,"35.957224,25.271446",German
4314410d-23bd-45d2-9440-862c5ed103e0,Ready actually result research beautiful enjoy fine.,figueroa-malone.com,Operations,8369,yes,no,mobile,Edge,2025-02-16T03:00:39,316,"-40.1232765,-18.822536",Japanese
b5f38b15-3feb-49db-a0b5-a39cd28928ef,Since moment particularly without activity.,johnson-burke.info,Operations,7029,yes,no,desktop,Edge,2025-04-01T09:32:17,572,"-75.783257,158.460886",Chinese
1f43c932-2f13-4f9e-af82-1ec2a4f0f522,Drug attack that once people.,perkins-arnold.com,Marketing,8400,no,no,mobile,Safari,2025-01-11T08:08:48,299,"57.929983,13.874023",French
e27ffca4-5d80-49af-aabb-60cefe46b1ee,Guy interview measure size late book still.,bell-mckay.com,Marketing,9222,yes,no,desktop,Firefox,2025-02-06T15:07:31,81,"22.8233215,82.211935",Spanish
14bae962-fd31-4fed-9013-5f6eea6fd83f,Film analysis heart military property.,farley.info,Marketing,7139,yes,yes,mobile,Edge,2025-03-12T06:49:25,121,"-44.134774,110.760347",French
65893506-78f0-48c6-9a52-a6510214057f,Performance likely enter major.,edwards.org,Finance,3112,yes,no,desktop,Chrome,2025-03-16T13:16:38,549,"46.2940325,151.417054",English
bde2e30b-8729-43a8-a77d-100f7430f0b8,Evening ask information at subject.,chavez.com,Operations,4726,yes,yes,desktop,Safari,2025-02-25T11:30:51,187,"0.335360,-119.293517",English
89f62699-a2a3-4b4f-b11d-c30df50de79d,Enter agree down theory serve truth baby.,chang-glover.com,Finance,8875,no,yes,mobile,Edge,2025-01-05T23:02:07,225,"-39.915824,-96.994899",Japanese
cc32ca7f-0ae7-4121-be90-3de97ea9dff2,Until individual catch together.,rogers.com,Marketing,9167,yes,no,desktop,Safari,2025-03-19T17:51:54,549,"-43.4247475,-74.772676",Spanish
c7b8a983-0384-4a82-92e1-a46e17a52ead,Scientist eight another.,herrera.biz,Sales,6729,yes,no,desktop,Chrome,2025-01-19T21:10:03,304,"6.178805,72.805743",Chinese
0770604c-6759-4c9d-bfb1-ef5782b987d1,Strong know up land law act.,mayer-pratt.com,IT,7350,yes,no,desktop,Edge,2025-01-18T15:10:50,47,"-73.2712945,-32.941711",English
d6cba28d-a628-4c86-8166-94b94939c7a8,Rather visit activity song generation challenge note fast.,herrera.com,HR,5683,yes,yes,mobile,Edge,2025-02-15T18:38:36,92,"37.8029525,102.263172",French
e62f129e-97ce-450d-85b6-a4aa4d300a58,Whom according now campaign serve task.,lindsey.com,Operations,2567,yes,yes,mobile,Safari,2025-04-03T01:40:31,404,"84.141837,-2.124444",Japanese
987d0259-9b4f-4992-8d70-cf1be3c920dd,Candidate professor situation respond.,williams.com,Marketing,1039,no,yes,mobile,Firefox,2025-02-13T19:28:46,320,"79.439227,75.829048",Chinese
1cde0c45-6aaa-476a-92fb-c8d5fdd82a72,Fight long government.,johnson.net,Operations,9727,yes,no,mobile,Firefox,2025-03-31T18:57:26,129,"-76.0376175,107.800386",Chinese
09dd66c4-db49-4457-8940-0b3cc0db55b9,Prepare fear a write.,hanson.com,Marketing,6712,yes,no,mobile,Chrome,2025-03-09T18:20:51,170,"-65.304149,-27.185731",Japanese
db3b3bb5-b300-4bc7-ba6f-944cb0a19f72,Relationship thousand two word lay.,harrison.com,Operations,1004,yes,yes,desktop,Safari,2025-02-09T11:44:59,395,"48.8851425,41.812483",Chinese
9fdd4ed4-fa3d-4ea7-8dc2-d55b9a570ac1,Green human guy eight again choose.,maddox.com,Sales,2186,no,no,mobile,Safari,2025-02-23T12:42:55,486,"60.3113405,174.673683",Japanese
02b68401-8a65-489c-83ad-edbeaddd4e33,Require for fact middle whole.,nguyen.biz,Finance,6986,yes,yes,mobile,Safari,2025-02-12T01:26:00,44,"11.315032,59.200883",German
a1545f6f-0275-4f4d-a722-f2a90b2b1dce,Media step newspaper open culture model hair.,marsh.com,Operations,5711,no,yes,desktop,Edge,2025-03-09T16:32:02,503,"-11.704574,12.166555",Spanish
b66ec59a-5a09-4beb-92e8-51f4981bd776,Process say claim computer large person.,duffy.com,HR,2013,no,yes,mobile,Firefox,2025-03-13T14:29:14,479,"3.1214855,89.485285",Spanish
2d8f991a-b2a6-47af-bc0f-317f5079680c,Million shake right so true trade help local.,armstrong.com,Operations,1026,no,yes,desktop,Safari,2025-03-03T09:58:46,207,"89.898446,92.977848",Japanese
1930fe34-743c-4f26-97c8-9d432753e23a,Fact get stock floor surface American ready.,ward-morris.com,Sales,7216,no,yes,desktop,Edge,2025-02-26T18:43:46,409,"-4.5383435,-157.334414",Spanish
ce0f9fd2-57d9-4be8-8e11-fe3bb421f7db,Return five thousand sort to stuff keep.,parker.com,IT,9473,no,no,desktop,Safari,2025-03-25T21:49:39,69,"-33.0411915,-110.266813",German
45d540c5-43bd-402f-aa3c-67d24bf3ed92,Matter shake across artist opportunity whom system.,johnson-mendoza.com,Operations,8672,yes,yes,mobile,Opera,2025-01-28T16:41:50,240,"-32.713157,-104.693704",English
140ae3ca-3f3e-4653-b018-01f31a8b4873,Lawyer bring church hundred right water ahead.,english.com,Operations,8803,yes,no,desktop,Edge,2025-01-25T18:54:39,17,"11.452086,-165.348897",English
19369f88-b986-4b75-a891-3eec75157934,Join brother house continue blood.,mullins.info,Finance,5473,yes,no,desktop,Firefox,2025-01-12T02:23:55,458,"1.017603,-112.131572",German
5b778d0c-a6b8-483f-aa38-821e9e7c3aa6,Other state see section marriage.,bush-murphy.com,Sales,2482,yes,yes,desktop,Firefox,2025-02-21T12:14:41,250,"-56.2704825,-102.279133",Spanish
625f2683-c209-4085-9547-4d7c3cc58abe,Fine control want wall.,burns.info,Finance,4064,no,yes,mobile,Firefox,2025-03-15T07:20:49,17,"63.770464,107.183725",English
b0b9ab56-70cc-4bc9-94a4-4366ca78476a,Market turn agency significant run past.,wilson-howard.com,Operations,6502,no,yes,desktop,Safari,2025-01-06T02:13:22,533,"12.7164445,89.016654",Japanese
76c90c06-b722-46ae-924d-17a1ce27e6a9,Way oil four save machine go popular.,murray.com,IT,9058,yes,no,desktop,Chrome,2025-01-11T11:27:40,355,"71.705119,-17.562407",French
bf49a431-67d4-4e31-a557-d142b9cd74cd,Team road suffer stock once.,murray-sexton.com,Sales,886,yes,no,mobile,Firefox,2025-04-03T22:06:19,457,"47.944121,47.505392",Chinese
5cbcda57-5628-4aed-bdc0-d061776bf4d3,Gas score win listen.,gilmore-hardy.biz,HR,4686,yes,yes,mobile,Firefox,2025-03-30T23:11:45,206,"51.073862,97.592378",Chinese
d1e862db-e44a-4e87-b0ab-a0fe282bee2c,Week energy tax face senior drive direction business.,salinas-jackson.com,IT,5505,yes,yes,desktop,Safari,2025-04-01T22:57:04,326,"46.910607,-55.170249",Spanish
a7c2428b-35cc-4fef-9429-7d8b499dd60d,Certainly research attorney reason might identify cup.,jones.net,HR,5947,yes,no,desktop,Firefox,2025-01-12T15:39:03,394,"50.478021,-82.013389",Japanese
452bd37d-e9bb-41b7-9249-d2834914bfa2,Politics may us real artist million.,cantu.info,Sales,9540,yes,yes,desktop,Edge,2025-02-28T03:01:57,541,"-29.6685585,-78.602010",Chinese
59d918ec-5904-4bed-8cfe-0cf59ed61359,Whether cultural sound your education should heavy.,fuller.info,Finance,3332,no,no,mobile,Opera,2025-02-25T05:03:32,401,"-70.103765,-21.398723",Chinese
0e19c56d-16e8-4f15-a896-f7986cff26b7,Design direction hand concern day member reality.,daniel-montgomery.com,Finance,7081,no,no,desktop,Firefox,2025-01-22T22:06:47,484,"-30.8673175,72.220862",Chinese
1bcc07c8-af4b-4c81-b4a7-4cd41d2bcf9b,Author third maintain really inside bit.,friedman.com,Operations,3040,no,yes,mobile,Opera,2025-01-18T01:04:41,365,"-49.7072765,-125.679670",Japanese
20ecadb7-b08f-4f41-b12e-205c54f26f68,More much man.,holmes-guerrero.biz,Operations,8901,no,no,desktop,Safari,2025-02-09T08:08:07,597,"84.9231445,171.838223",English
6f42e8d2-1bbd-4965-81f4-1481043edb52,Plan million treatment success.,cisneros.com,Operations,3769,no,no,mobile,Safari,2025-03-30T14:42:42,503,"52.580962,-140.968893",Spanish
2945de5e-71cb-4224-a728-6e5fa61c76c7,Design road growth.,vazquez.com,IT,7914,yes,yes,mobile,Edge,2025-02-12T12:19:39,96,"-16.940617,-85.625163",French
505327d4-8a96-44f4-887c-90d9107532a5,Discuss create key employee relate turn power bar.,patrick.biz,Operations,5235,no,no,desktop,Opera,2025-03-10T01:30:31,134,"-34.3487355,-23.467514",French
49d26402-4d9b-4fb6-b4f8-869fb3f29e27,But whether generation agreement local allow dark.,miller.biz,HR,7854,yes,yes,desktop,Safari,2025-01-09T23:22:16,299,"-89.633932,-118.747900",English
29a7da6a-8f1b-4af0-8ee7-4e801abb133b,Task education including born.,grimes.info,HR,7828,yes,yes,mobile,Chrome,2025-01-11T04:45:24,104,"-85.360077,81.850454",Spanish
ae7cb7a1-d9ff-458c-b242-9d320516b3e7,Case product job office yes.,morgan-barrett.com,Finance,3807,no,no,desktop,Safari,2025-01-29T07:12:43,133,"-6.5752135,-43.651973",Chinese
14ab6da4-bfb6-43ad-a035-daa1ac97cc70,Good for technology.,benson-brown.biz,HR,7073,no,yes,mobile,Firefox,2025-04-03T03:44:28,90,"-75.021958,43.724426",German
b5dc1eef-12ab-4995-99ea-4fa05e0e724a,Allow person explain wonder social.,campbell-powell.com,Sales,9459,no,yes,desktop,Safari,2025-01-16T05:40:24,153,"44.0943785,-68.484939",German
7ceee49c-4b70-4b85-a34c-85d33ba130e4,Behind site reach moment wall.,king.com,Sales,1064,no,no,mobile,Edge,2025-03-19T15:37:54,281,"17.6920755,127.577120",English
a9cf3540-52bd-430d-82d6-4db9668f6f62,White represent involve trial individual product figure.,morales-williams.com,Finance,1630,yes,yes,mobile,Chrome,2025-02-13T21:23:45,56,"-23.9375715,-30.174775",English
a6d78d6a-82ba-41b7-a178-ee888e661caf,Third your speech staff book.,douglas-atkins.com,Finance,9708,yes,no,mobile,Firefox,2025-03-26T18:12:10,161,"-48.483660,-102.450349",Spanish
98969d86-cf2e-405d-a959-8bd34219b5ab,Course rule measure world.,young.biz,IT,5400,yes,yes,desktop,Opera,2025-02-05T12:07:13,585,"-4.143414,-112.049468",English
b446f65d-bc5b-41d7-90bd-654ee16337b4,Resource food fish partner difference fact how stop.,barrera.com,Sales,2232,no,no,desktop,Firefox,2025-03-25T16:44:43,482,"75.101510,-162.651775",German
d772f9e1-bdae-4515-b7da-d1dc829cacaf,Thought city serve list represent security.,white-mclaughlin.biz,Sales,9231,yes,yes,mobile,Opera,2025-03-28T11:56:36,88,"-1.563597,-165.998254",Japanese
0eea3482-3011-42a0-b8dd-ce4dfb5a7211,They treat know air section.,parker.com,IT,9996,no,yes,mobile,Safari,2025-02-17T14:51:37,585,"-82.473781,177.722172",Japanese
8ac53c66-02a0-4dc8-b065-7c7e7ace7850,Thus team surface social draw.,morrison-sanders.org,Finance,4627,no,no,desktop,Edge,2025-02-23T05:21:38,216,"-37.6843405,-30.520723",French
06c2b4a6-454d-4eee-906f-8c3171c441ae,Lose democratic of none test what evening now.,heath.com,Operations,1948,yes,no,mobile,Chrome,2025-02-04T13:37:01,330,"-7.294877,7.108119",Japanese
741c7901-677b-40fd-92c0-efc4c4e17cf5,Financial weight sport seek yet town effect.,dunlap-white.info,IT,5400,yes,yes,mobile,Opera,2025-03-27T17:48:54,92,"78.746611,130.393670",English
f5dae4e9-af12-4a77-a6cd-7786188d8790,Health service help house method radio.,davis.org,Finance,5304,yes,no,mobile,Firefox,2025-03-15T08:46:05,477,"42.987263,-150.923853",Chinese
2d4517ba-2785-449c-a923-0318c11d4348,Need character much read.,peters.com,Finance,9938,no,no,mobile,Opera,2025-03-17T08:55:38,595,"-62.1488545,68.876121",English
dead5115-88ad-44c8-af73-0aae78754135,Dinner time him million economy.,moore.com,Operations,9426,yes,no,desktop,Opera,2025-02-13T06:05:53,279,"-14.560877,-20.525042",Chinese
4048bba9-ebab-4333-88ff-becf2108709f,Yeah Democrat ask.,owens.com,HR,4764,no,yes,desktop,Edge,2025-03-29T22:38:39,287,"-44.509876,-146.955340",English
4e2edb5e-6647-485e-8d28-0ddd918f978b,Opportunity challenge food southern.,perez.com,IT,9509,yes,yes,mobile,Safari,2025-01-19T12:06:49,288,"71.071636,-74.498329",Japanese
1560312f-3066-4364-a9fb-6996446628bf,Space know benefit paper medical evening after.,hughes.com,Operations,3486,yes,no,desktop,Opera,2025-03-26T02:00:27,30,"-70.182278,-84.618834",Spanish
20a88c8c-cfdf-472d-947f-a480235e08ae,Course site like share large.,henson.com,Finance,1771,no,yes,desktop,Safari,2025-04-02T16:25:46,377,"-23.044885,117.838821",English
7923db24-2f4e-47e7-9288-05bbf1efc704,Hold church break hit those.,miller-rodriguez.com,Sales,6448,yes,no,mobile,Edge,2025-01-10T08:05:56,206,"70.7444145,-87.109893",Japanese
a1249eef-f840-45c1-98ae-7f31ecd91fda,Interview worry show perform.,williamson.com,Sales,5736,yes,yes,desktop,Opera,2025-03-08T22:32:36,261,"-42.2194495,148.328029",Chinese
f83bca84-26e5-4b68-ab09-0ad7ca7b61f3,Offer big laugh hair stuff I issue.,gardner.info,Operations,7286,yes,yes,mobile,Opera,2025-01-01T10:09:41,480,"39.550080,-117.704319",French
313200b0-eec9-42bb-8170-8c7eac76f61c,High beautiful talk character protect.,doyle.com,IT,3314,no,no,mobile,Edge,2025-01-26T21:09:03,270,"-11.418880,-90.858204",English
4a909786-cdac-4f7b-b67e-5194493d5b21,Billion natural join know message year bill.,nunez.net,Marketing,4229,yes,yes,mobile,Safari,2025-03-01T19:01:33,214,"10.3174685,41.206831",Japanese
ffaa2a94-ffaa-4ad1-9d40-c47edd108c2c,Consider what development beautiful chair music.,ramos-smith.com,Operations,2994,no,no,mobile,Firefox,2025-02-23T17:25:41,121,"5.514793,56.693594",German
6c169ce9-ba22-4e25-bd98-69deaed96620,From generation save father.,thompson-morgan.org,Sales,5494,yes,no,desktop,Edge,2025-03-10T06:47:38,586,"46.8542605,-71.318324",German
25edc06c-2fc0-4dc0-8610-5d3fe5df10a8,Care nothing respond politics customer open follow.,meyers.biz,IT,8695,yes,yes,desktop,Edge,2025-02-27T20:43:34,451,"-87.3841005,92.796093",French
927778bf-aa0a-4271-bdf0-3558d0ae58ba,Happen along give actually whose project among.,dorsey.biz,Sales,8757,no,yes,mobile,Edge,2025-03-30T13:57:09,393,"-28.553279,79.041009",Spanish
6757919c-c6db-44c6-b640-4efa170553bd,Member policy majority learn home cell.,vargas.com,Marketing,9556,yes,yes,mobile,Chrome,2025-03-09T09:12:21,555,"85.183193,-177.856634",Chinese
0a7f8384-2932-4428-9cc8-2218749b80a3,Group sure clear build.,franklin-riley.com,Finance,4191,yes,yes,mobile,Opera,2025-01-22T18:28:46,43,"47.4123405,152.875267",Spanish
7000edd2-efa3-4387-b65f-a66b024f14bd,Friend than garden ready event everybody.,benson.com,Operations,1399,yes,yes,mobile,Safari,2025-01-10T09:57:38,160,"-37.661570,-61.773959",English
f5bedd03-4d0e-444f-8bc8-41108f9169b5,And company rock blue home unit would.,campbell-davis.info,Sales,9656,yes,yes,desktop,Edge,2025-02-10T09:50:25,543,"32.7939345,91.986225",Japanese
dc05c799-0836-43a7-826d-6fafd426b01b,Special without include keep away hear professor.,washington-chapman.org,HR,4479,no,yes,desktop,Chrome,2025-02-21T04:23:36,381,"-21.392783,52.111896",Japanese
7703dbdd-3ebd-448b-9954-5f3830d04b94,State shake step these including population like.,barrett.com,Sales,4678,no,yes,mobile,Safari,2025-03-01T20:01:04,312,"-77.4948275,173.169252",Japanese
db0ccb94-4fc6-4b6f-a767-225856a75ad1,War learn issue buy there series.,rangel-richards.com,Sales,7514,no,yes,desktop,Edge,2025-02-19T23:52:23,466,"-4.025084,179.166894",Spanish
8582dbe9-1191-4270-b740-50b44f88d87c,Safe cover argue pick deep reality fine.,fletcher-sherman.com,Marketing,7828,yes,no,desktop,Chrome,2025-03-06T12:18:43,427,"51.316167,39.330245",Spanish
afd99a56-122c-4856-9c7d-03315ad4b96b,Certain policy modern dog.,smith-williams.com,Marketing,1843,no,yes,desktop,Chrome,2025-02-02T09:11:23,373,"-18.5830745,67.294382",Spanish
e77bb427-caaa-4aa5-a885-aa460138d144,Approach story story rock authority really health.,bernard.net,HR,3670,yes,yes,mobile,Chrome,2025-02-16T22:58:15,296,"-11.138473,129.527839",English
145bd167-d743-4066-901d-8d3356afba59,Her chance lawyer.,moran.com,IT,5576,no,no,mobile,Chrome,2025-03-09T19:34:17,118,"24.9931965,90.210677",Chinese
58418c4e-7e17-4878-9349-2c6b76c11846,Front trip total.,martinez.net,IT,6144,no,yes,mobile,Safari,2025-03-10T05:03:32,488,"-72.474014,177.791984",French
78f3168b-801e-408d-b9b3-6c23e0305141,Beyond worker amount.,cantu.com,Finance,9419,no,yes,desktop,Firefox,2025-01-01T09:15:38,275,"-10.481866,-170.368237",Spanish
9f76a5f8-1628-4bb5-afc9-6e690c53a7ff,Late employee car bad mission.,davis-stewart.net,HR,8618,no,no,desktop,Chrome,2025-03-24T11:24:06,209,"46.9129455,-132.070392",Spanish
9ce505f5-5c5b-4fc5-ad7b-dc558dd520fd,Key government remain support.,brooks.org,Operations,7362,yes,no,desktop,Safari,2025-03-15T03:35:48,75,"9.531782,-63.178668",Chinese
aabcfada-1680-43e9-a7ae-b3859d37d434,She election director bad force skill free.,smith.com,Marketing,7694,yes,yes,mobile,Firefox,2025-01-30T19:56:08,243,"89.775320,-48.581333",English
a148f5c0-2720-4602-aae3-7c44bf42f29f,His to group chair share foreign both.,cruz.com,IT,5920,yes,no,mobile,Chrome,2025-01-02T23:11:57,572,"78.6491915,-128.688336",English
fb394fd3-cdcc-4041-a236-30526cf29c7e,Hotel should year question lot clearly court.,reid.info,Operations,6640,no,no,desktop,Chrome,2025-03-02T01:00:53,374,"-74.397843,-62.200448",German
49e145b3-9f9e-4220-a1a2-58003e49fc58,Point receive stop woman.,barker.net,Operations,864,no,no,mobile,Chrome,2025-01-14T06:44:03,110,"-34.380136,17.968124",Spanish
cdda1f76-917b-4a4f-a7e1-bf3e843ee4a7,Garden clear television less.,gomez.biz,Operations,2250,yes,no,desktop,Safari,2025-02-24T01:55:54,170,"65.113367,35.257967",French
02876017-95ba-492c-b88d-f75eeedd9316,Card attack value option.,harrington-carter.info,Sales,3994,yes,yes,mobile,Chrome,2025-01-31T16:51:58,221,"53.5978665,-15.568664",Spanish
b7850ac1-045f-4765-a970-0b5ab4157d72,Enjoy staff reveal suggest choice wish cell.,yoder.com,Finance,8394,no,no,desktop,Safari,2025-01-02T11:41:51,324,"83.0002455,-42.646508",German
6e3e8b65-db07-45e5-af22-fea464cfe0c4,Home might night the follow.,warren-diaz.biz,Finance,8401,yes,yes,desktop,Opera,2025-03-17T14:15:46,78,"-48.3593075,-11.705220",German
47a5a048-f4b8-4de6-8e13-0d04f00591df,Room defense nation road society Congress.,jackson-zhang.biz,IT,3474,no,yes,mobile,Opera,2025-01-06T11:22:33,550,"48.710016,-98.889968",English
4b532de2-58dd-431f-8c24-b70a8b27c377,Trouble gun of heavy.,williams.info,IT,9872,no,yes,mobile,Edge,2025-01-23T22:23:52,58,"75.5084955,-56.047321",German
96f96704-7a34-403a-ba5a-de62e9995e1a,Page by third church list.,hoffman.com,Operations,7058,no,yes,desktop,Chrome,2025-02-15T02:56:26,235,"3.904627,145.811924",Chinese
a8ec90a8-3e25-4658-ae19-c11b527ef41d,Establish follow peace strategy central people.,anderson-carrillo.com,IT,5943,yes,no,desktop,Edge,2025-01-08T15:33:33,122,"5.426587,148.644333",Spanish
c8cef12d-cc2b-42c4-ba31-8c069bc523d4,Pm race call her.,hardy-collins.com,IT,1999,yes,no,mobile,Safari,2025-02-18T11:23:30,385,"-29.243501,55.949229",English
dc79eba0-0eac-4e12-929a-1e37363f5b5b,Major prove success policy.,walker.org,HR,6876,no,yes,mobile,Edge,2025-02-25T09:54:06,519,"88.541665,-2.698951",Japanese
8bcf7df1-7624-42d8-baa4-9fbdd15019d2,Animal item until avoid film material continue player.,peters.com,HR,536,yes,no,mobile,Opera,2025-03-11T17:01:15,423,"3.765337,-52.997061",Chinese
d567c862-e5cd-46c0-85d9-b81a9b9b05ed,Set movement society source reason line.,avery.info,HR,2319,no,yes,desktop,Opera,2025-03-12T08:15:11,142,"-41.743846,-93.134090",German
8f7f953d-f680-4385-9255-cf488a934c5b,Too stage center shake rock.,williams-blanchard.com,Marketing,1807,no,yes,mobile,Chrome,2025-02-28T06:43:49,435,"34.764411,61.171344",French
910e64ad-59f6-47cd-b5ca-03eeff83be29,Green wall career not floor drive.,cook.info,Sales,3303,no,no,desktop,Edge,2025-03-27T07:08:35,372,"38.5638605,176.560309",Japanese
16125a2d-8f3d-49c7-abe8-48c1e34d9caf,Center ask night cell go cost five.,moore.com,HR,9928,no,no,desktop,Chrome,2025-01-07T10:59:13,134,"31.1766935,-101.100376",Chinese
2c0a326c-78e2-4c00-853d-b378630ffd92,Central stop leave exactly thousand.,brown-carter.biz,IT,2250,yes,yes,desktop,Chrome,2025-01-21T06:13:52,362,"-28.806620,175.531282",Spanish
1ed90b02-ccf8-48a7-aa2b-3dd56cbb92a6,Simple message phone that throw chair.,gaines.com,Marketing,7150,no,yes,mobile,Edge,2025-01-10T07:21:26,54,"88.896622,8.918193",Japanese
c56e01b0-d62f-437b-9e52-70957247782b,Human design tax wonder reason.,merritt.com,Sales,2844,yes,no,desktop,Firefox,2025-03-15T17:54:03,443,"-55.881033,-147.479302",French
d67c5960-2363-4729-8452-5c60dee7a66d,Professional different may discover help share left.,manning.com,IT,8086,no,no,desktop,Opera,2025-03-08T08:23:01,343,"87.8140675,-77.170698",English
0a0f09a4-7d9b-46c9-82b0-477e370cfb9a,Behavior interest evidence response heart.,newman.com,HR,5363,yes,no,mobile,Opera,2025-01-04T19:14:45,367,"-43.6095265,175.744266",German
6a8a50b4-6a80-4b5a-a0bc-634ea2a41a14,Oil evening human.,smith-hebert.biz,Marketing,9674,yes,no,desktop,Opera,2025-01-22T08:57:43,304,"51.891647,-137.166259",German
2caa7786-8f2d-4b6e-a9b5-81c9cf8a1a6a,Speak note provide part.,bowers.com,HR,8564,yes,yes,mobile,Edge,2025-03-18T19:35:44,571,"25.686877,-102.606661",Japanese
79435846-85a6-4862-a694-1d3c5f333691,Glass stage wait east never positive someone agency.,brooks-lee.org,Finance,9160,no,no,desktop,Firefox,2025-02-21T02:46:03,298,"13.281723,-101.352718",Chinese
3ef64faa-1154-48af-96a4-6ab0ba2f1979,Opportunity might ball head.,norris.com,Operations,1901,yes,no,mobile,Chrome,2025-01-15T06:00:25,260,"51.5753185,120.046253",English
d1788461-2ef2-42d7-9bf9-67992723a48d,Pay population give lay lose.,reed-obrien.biz,Operations,8734,yes,yes,desktop,Opera,2025-03-11T00:49:47,515,"-73.133215,-131.360341",Chinese
ee94b674-7f6f-4dc3-8272-15ea86e29acf,Degree ground home operation.,howell-jones.com,Sales,6568,no,yes,mobile,Chrome,2025-03-05T04:00:09,476,"41.585973,172.912377",French
528b6eba-93da-4d11-b50a-34e3750e6d31,Respond drug pull four between prevent.,randall.com,Operations,2333,no,no,desktop,Firefox,2025-03-30T12:44:23,136,"-62.8680975,176.732458",German
d25aeba2-87e3-4ef9-9790-6ac02b1ff26e,Rise development career among.,hall.biz,Marketing,7505,yes,yes,desktop,Firefox,2025-03-17T06:29:16,535,"9.537132,112.109199",French
a410b391-fbca-4a2f-97cb-33bf1503dcf4,Brother newspaper operation need per book.,ayala-gilmore.net,IT,9208,no,no,desktop,Opera,2025-02-14T08:01:17,316,"-35.4974875,101.384889",Chinese
73e1bd94-52c0-4c04-8f0c-796c24cf58df,Really price he better show.,klein.com,Finance,983,no,yes,mobile,Chrome,2025-01-25T01:52:52,489,"25.689419,147.046293",German
207a9962-9ef0-4fa4-9571-b6942e75d153,Break generation common risk hand level become.,brown-jackson.com,Marketing,8323,no,yes,mobile,Safari,2025-02-06T23:59:59,512,"78.6650795,-83.760615",French
a2927305-e4fb-4d0e-a073-4d543860c3f6,Which me until make fast provide close.,kim-rodriguez.com,Finance,8002,no,no,mobile,Firefox,2025-03-25T19:32:55,390,"-79.936413,121.295473",Chinese
d55c83eb-1a78-4d2f-81c6-d260c71b101c,Worker method mission project field.,lopez.info,HR,7253,no,yes,desktop,Firefox,2025-02-12T21:54:17,457,"-36.721598,-114.140603",Japanese
8393b4c9-0814-4dfb-b593-455396b08799,Century sell there by customer.,chavez.info,Finance,5174,yes,yes,mobile,Safari,2025-03-19T06:06:55,202,"76.4454195,42.428871",German
d537beb5-90f2-4adc-90df-36cd482ad851,Try development road need debate natural least take.,dunlap-jones.com,IT,7443,yes,yes,desktop,Chrome,2025-01-16T18:26:31,323,"-66.1120275,-42.506128",German
834f10dd-ef29-4a33-834e-48d9228de8af,On send when decide.,castillo.com,HR,1040,no,no,mobile,Edge,2025-01-31T02:50:00,48,"8.352426,110.539085",Spanish
e3b2dbc6-8c69-4770-80ce-4f89b2f61f88,Top whole red whose area.,gillespie-mcgee.info,IT,5441,yes,yes,desktop,Edge,2025-02-14T19:29:49,507,"-84.0652835,143.370698",Japanese
fcf7a1ac-c99f-4ee6-aeb0-e5cd1e2e5e2a,Full too democratic town my animal.,black.com,HR,4429,yes,yes,desktop,Opera,2025-01-23T16:03:30,359,"-26.951483,69.604490",Japanese
709948ac-ff38-4288-a156-13f9bfb72ee6,Act policy floor cultural hear.,ortiz.com,HR,2209,no,no,desktop,Chrome,2025-02-17T12:45:09,481,"62.817752,-170.323221",German
21a5072e-2575-4cdd-b98a-6527b37be0ce,Performance deal how law.,kim.com,IT,4119,no,yes,desktop,Chrome,2025-02-14T13:49:23,63,"57.994158,-38.546984",French
17ac5207-5158-4b21-9d40-7ae1c9524594,Or stand official official daughter visit.,shelton.com,IT,8459,yes,yes,desktop,Chrome,2025-02-10T11:35:33,368,"-76.2090015,116.363076",English
5a1376d2-5295-4cdc-9211-a580e113854a,Another provide often expert final improve.,green-coleman.net,Finance,1714,yes,yes,desktop,Edge,2025-02-09T21:04:22,587,"25.451513,-113.390046",French
481dfa28-49c2-409f-b11d-af8049af25e8,Whose yourself project put practice contain walk.,anderson.biz,Finance,6323,no,no,mobile,Edge,2025-01-11T07:29:31,28,"-67.7417075,-92.570274",French
875e5791-baf3-483f-a56e-40606787b625,Him minute gun top.,stephens.biz,IT,2400,no,yes,desktop,Firefox,2025-01-13T03:41:23,128,"46.5604765,-101.666337",German
56f9339c-3097-426d-a58a-b01e46656fb7,Really student hope minute.,owens-hughes.com,Operations,692,yes,no,mobile,Safari,2025-03-21T12:14:26,287,"-50.404765,19.449070",Japanese
bbf93d2e-26e7-401a-be7f-91b399170979,Small change anyone place far population.,guerra.com,Operations,4266,yes,yes,mobile,Edge,2025-02-19T16:07:20,452,"87.947992,23.105799",English
792ce122-f431-4e50-bf84-b7dd56802267,Treat impact team sound record point.,jones-williams.com,Operations,2684,yes,no,desktop,Firefox,2025-03-10T00:30:09,244,"71.167608,42.149640",Japanese
9fdf60a2-c183-4a29-8ad3-903e08a1d589,National writer manager choice.,peterson.org,Marketing,3077,yes,yes,desktop,Safari,2025-03-14T11:06:12,472,"-46.5689175,-104.906635",Spanish
2ea52d3f-f165-4510-9fe7-e4e7394ff674,Finish white rich.,mills.com,Finance,6558,yes,yes,desktop,Safari,2025-01-31T14:21:40,242,"-15.144478,90.247983",Spanish
db7faa10-e754-40dc-818d-69fa88e3c544,Mean democratic role prepare.,logan.biz,Sales,1928,yes,no,desktop,Safari,2025-02-26T13:37:24,396,"71.196910,109.749168",Chinese
912ffcd0-9a4b-49bd-9500-215f5d4cfa67,Pattern school whole bring.,hall.net,IT,5119,no,yes,desktop,Safari,2025-02-24T10:21:06,595,"-29.102063,23.035970",Spanish
a87b7feb-cefa-4ebd-a4d0-f7d68c1a49bf,Player of century.,moyer.org,Sales,7189,yes,yes,desktop,Opera,2025-02-28T11:15:03,353,"-9.739105,86.990697",English
7660e152-ebd9-4ed1-892c-9be784efff28,Five turn every have goal name agent page.,acosta.com,IT,7317,yes,no,desktop,Safari,2025-02-15T04:28:44,273,"-59.1111075,159.685142",Chinese
afd16628-1fc0-4300-b994-b306fd6961dc,Both character represent person ability month.,hall.info,Sales,1545,no,yes,desktop,Edge,2025-03-08T00:05:23,384,"70.855530,-13.065497",Japanese
4550e3f9-710f-4c61-9dab-8563268a9347,Story until significant rule available cup site.,abbott-mayer.com,Sales,1513,yes,yes,desktop,Edge,2025-01-31T15:50:58,571,"-15.1325225,-81.851365",Spanish
0769a93c-8997-430a-a7e7-376575b3755f,Doctor meet deep art.,sweeney.com,Operations,5033,yes,yes,desktop,Opera,2025-01-05T23:51:56,548,"52.696084,-143.225074",French
2135741a-342c-458d-b23a-c0560ff817be,Cause feel structure will some.,jones.net,Operations,7663,yes,yes,desktop,Opera,2025-02-23T10:25:12,169,"-52.810586,-59.971393",German
1525cd75-10dc-41f9-aed1-c7243ba9de82,Admit discuss conference message long state laugh.,porter.com,IT,851,no,yes,desktop,Firefox,2025-03-09T13:06:23,458,"57.0356265,140.946343",German
12c1291a-de92-471a-aad2-8028925853e1,Guy political admit charge stop cell.,butler.net,Operations,1339,no,yes,mobile,Chrome,2025-02-23T10:40:14,87,"43.0210785,33.132718",Japanese
d96b9300-45c7-4db1-b7c7-097d605d8ea1,Because seat white live use mission.,duran.com,IT,4710,yes,yes,desktop,Safari,2025-03-12T11:45:34,321,"64.647392,25.814598",Japanese
7c94ce33-2044-4c48-bbe2-379d05afbfa3,Respond difficult clearly interesting.,hall.com,HR,1076,no,no,desktop,Chrome,2025-01-01T05:44:33,359,"37.958901,-6.510555",French
276e176d-4e48-4385-a61e-d2da41ff6d87,Bad certain range.,williams-davenport.com,Operations,8954,yes,no,desktop,Safari,2025-02-08T00:28:58,362,"23.547742,26.986637",German
73a25d5a-f2d9-465d-a5ff-0691affe16dc,Eye air travel list type movie.,navarro-terry.com,Marketing,6585,no,yes,mobile,Opera,2025-03-21T05:44:18,402,"10.980970,87.405584",French
896dc53e-5a53-4bec-afb4-853da6b9ad2f,Sort policy tough.,cox-hughes.net,IT,2940,yes,no,desktop,Chrome,2025-01-08T14:06:41,337,"52.483986,-159.032513",French
0667c28f-d1ab-4ed5-a594-ad17c4fae642,Break it level word personal many.,lopez.info,Finance,3093,yes,no,desktop,Firefox,2025-01-13T21:54:29,302,"4.4293205,-13.976235",German
2dc779b4-2411-4385-a381-7dfc6b3d6ce8,Career home character see collection.,hunt-cisneros.com,Sales,10000,no,yes,mobile,Chrome,2025-02-09T14:59:42,483,"65.347561,-171.197472",Chinese
e3a2893d-75d3-47ea-aedf-6ba1d8048785,Move paper to laugh behind.,fry.com,Marketing,9285,yes,yes,mobile,Opera,2025-03-19T04:33:00,46,"62.1200985,-13.622007",Chinese
d5f81795-63c3-4de1-8359-709f9013f2b9,Fight true shoulder perform.,martin.com,Finance,6660,yes,yes,mobile,Chrome,2025-01-02T10:57:37,433,"-9.8418225,125.926355",Japanese
b4216261-2739-4cc8-8d93-2fedfa39fc32,Major ready although many time stuff.,white.info,Sales,5578,no,no,desktop,Chrome,2025-02-27T16:05:41,71,"-54.0502895,-3.370276",Spanish
8cffd585-2e30-4737-a3ad-5dc3d80ef3df,Finally heavy action receive trial buy.,west-mcpherson.net,Operations,1991,yes,yes,mobile,Firefox,2025-03-20T05:05:58,555,"61.586994,43.987658",Spanish
beae2411-9aeb-4a04-b96d-414cc4e77141,Possible bar claim form.,ramirez.com,Sales,3949,yes,no,desktop,Firefox,2025-01-16T05:03:37,258,"79.9250045,-60.103458",English
ba0f48bf-00a6-45ac-8bce-07098334fda8,Lay as thing yet live truth type.,tran.com,IT,3170,yes,yes,desktop,Edge,2025-01-17T10:47:53,568,"-40.762561,25.745284",English
b643fa46-e869-4fe0-9ab9-60ead9fc98ed,Particularly hour suffer program degree.,joseph.info,Operations,3914,yes,no,mobile,Safari,2025-03-14T14:01:11,258,"15.115667,140.583080",English
9d5d47ad-f55b-46b3-aefa-eb92049427b5,Scene ahead real follow.,baker.biz,HR,5339,no,yes,desktop,Firefox,2025-01-24T13:14:16,480,"-18.1569205,79.620048",Spanish
8af5eb47-a4dc-4d79-a4aa-dc2c5b85f89a,Seat enjoy season specific.,greene.biz,Finance,2282,no,yes,desktop,Chrome,2025-02-26T08:58:01,68,"-70.260528,-70.938535",German
1f125572-8ba5-4bf7-a8a3-9f377b8d5941,Address simple successful activity.,gates-tanner.com,Sales,7469,no,no,mobile,Firefox,2025-03-02T22:13:13,116,"-65.2567075,-33.384022",English
717d7abb-c5c6-4d89-beff-58954f629369,Majority smile walk similar.,ross.com,Finance,1847,yes,no,desktop,Firefox,2025-01-23T04:14:22,203,"-80.331448,-73.699813",Chinese
c3f94c66-0734-4f05-9a99-4d8b149428e7,Set station dinner after speak partner.,winters.com,Sales,3725,no,yes,desktop,Opera,2025-02-16T11:57:06,78,"-9.0388605,141.040924",English
89b32e68-3c78-4cc8-bd8e-4faacb55ef7d,Court decision husband these spend room.,lopez.com,HR,6695,yes,no,mobile,Opera,2025-02-07T02:20:17,87,"-39.062573,26.797774",French
376f6965-b7c9-4dc3-bd35-531a335613fe,Operation street wind marriage left deal resource.,keller.info,HR,3386,yes,no,desktop,Chrome,2025-03-22T02:08:42,292,"-55.722915,106.962276",Chinese
c581902b-0398-4f69-931c-359cd3363523,Develop despite human doctor next image possible.,morris.com,HR,8195,no,no,mobile,Opera,2025-02-06T06:59:50,472,"-16.2439875,175.153934",English
0663a60e-7bd3-437f-b1be-aafae20c1acc,Eight future because goal floor anything.,spence-butler.com,Operations,6734,no,yes,mobile,Edge,2025-02-11T13:21:21,591,"32.8462795,-150.892779",French
4e51829e-d20e-41be-8d60-330454784911,Why challenge picture administration tax note.,dudley.com,Operations,3027,yes,yes,mobile,Safari,2025-01-26T10:55:27,206,"50.7330955,75.776611",French
fa9fc673-b9bf-46ae-9017-e139abd745c3,Cause however five back.,ferguson.com,Marketing,8266,yes,yes,mobile,Opera,2025-01-27T09:22:20,515,"-58.0430305,175.656194",Spanish
13c35f30-33f9-43a2-877d-f33bff8b3525,Smile resource treatment event bit admit.,lawrence.com,IT,6431,no,no,desktop,Firefox,2025-01-05T22:39:15,213,"-44.943355,160.036668",Spanish
c07ee844-2830-4df7-9f06-a826e3b07909,Risk name analysis produce responsibility.,mitchell-jones.com,HR,7285,no,no,desktop,Edge,2025-01-07T20:08:14,397,"11.3554205,28.072117",German
f6360d79-7be6-4bc0-b99f-e5f97da6eaa3,Loss agreement home form summer ago.,hughes.com,Marketing,9219,yes,no,desktop,Safari,2025-03-16T13:09:04,277,"86.9443135,86.500882",Japanese
e6d12706-5c77-4b38-ae2d-7865f4029cfa,Worker sell fight front stop knowledge.,leach-brewer.net,IT,8957,yes,no,desktop,Chrome,2025-02-06T15:37:38,407,"63.396977,-25.466919",English
66616dae-7a2f-4985-8b59-083105cff32e,Soldier while finally interesting film.,werner.com,IT,1048,no,yes,mobile,Chrome,2025-02-22T13:35:51,124,"-69.6016795,16.708663",English
d07e30ea-fe9d-459c-ac5d-8ff9fb4c50d7,Believe parent from story.,wiley.info,HR,5779,no,yes,desktop,Safari,2025-03-14T01:46:26,126,"-23.417783,27.139802",Chinese
99330b64-fe0e-4045-9c64-3e185fd89a92,Space daughter threat yet there left father scientist.,brooks.org,Operations,6151,no,yes,mobile,Firefox,2025-03-06T12:00:58,275,"83.266418,107.059066",Chinese
40ca5ba6-21fe-40ac-b36b-e2cfae75a1c2,Third above body.,knox-rowe.com,HR,5950,no,yes,desktop,Edge,2025-01-07T21:38:45,372,"-72.0889885,-98.866393",English
f33e1fa6-4cd0-4094-b34e-103b4edc0467,Someone much president somebody recently.,cameron-hart.info,IT,9335,yes,no,desktop,Safari,2025-03-20T21:39:04,105,"32.6793905,55.606164",Chinese
225147ac-d8b0-4882-80d1-67a2e76f3e1b,Behind purpose study mouth customer technology stand five.,orr.org,Sales,9903,yes,no,mobile,Chrome,2025-01-03T12:03:30,420,"53.659970,-82.564528",French
fccba8c8-c225-46dd-98d0-21005db0a951,Him its share executive.,morris.com,HR,1528,no,no,mobile,Edge,2025-03-23T03:03:27,384,"27.1817555,93.868726",French
073dc920-60b4-4742-9069-71a93f919a48,Deal stage art age.,patterson-frazier.com,Operations,5412,no,yes,mobile,Opera,2025-01-12T01:04:26,342,"-32.8195605,-74.518453",Chinese
bb8f3ed4-248b-4a0d-aea2-7e7eada9bd13,Body foot attack especially husband where easy.,adams.com,Finance,1167,no,no,desktop,Firefox,2025-02-28T08:18:08,102,"-41.6102415,116.937300",Japanese
5fbc2a82-5214-4b7a-ab4d-a196e0395c49,Throw many hard number where growth.,finley.com,Marketing,6915,yes,yes,mobile,Chrome,2025-01-08T02:28:22,209,"-77.1876645,-106.726734",English
867782de-4b27-4162-b822-fa63c90a6c37,Eat attention long opportunity wife like him.,payne.org,HR,1191,yes,yes,mobile,Safari,2025-02-16T04:15:56,95,"-13.1921805,-43.518407",Japanese
6e9dc9c3-3ccc-4df3-897a-75acff016b59,Cultural information late agreement deep factor.,gregory-pena.com,Finance,2830,no,yes,mobile,Safari,2025-02-01T18:34:57,330,"-54.4842635,-123.292233",Chinese
e4bc30c4-1384-4a17-bb8e-ea0d7210cd40,Environment sea fine side.,mathis-conley.info,Sales,9302,no,yes,desktop,Safari,2025-03-24T15:54:04,358,"-19.6768195,-28.657166",Chinese
29631f64-e272-4d07-8936-91f715cf9447,Table official fine prepare dream cover just.,owens.com,HR,7265,yes,yes,mobile,Chrome,2025-01-07T15:58:16,413,"9.1739425,-101.702806",Japanese
ec14c8c8-8dcd-4378-8331-d214dc4b42b5,Stop media actually such address daughter.,berry-miller.com,HR,4735,yes,yes,desktop,Safari,2025-01-06T17:53:33,316,"-15.406751,86.682984",Chinese
befe2733-837f-479a-82ac-7410f2e523bc,Lot star appear something positive reach Democrat read.,casey-washington.net,Operations,7241,yes,no,mobile,Chrome,2025-03-21T08:00:03,556,"-79.769113,-62.979089",Japanese
304ab126-266f-4799-bffd-7d7607bbc8be,Top beyond air piece.,rogers-walker.info,HR,8417,yes,yes,mobile,Edge,2025-02-15T00:23:50,516,"-72.8406765,-47.999301",Japanese
dd0df7b8-a067-4020-8dcb-08c474c762a4,Behind we face president rest beyond join.,reyes.com,Marketing,8175,yes,yes,mobile,Opera,2025-01-25T21:51:27,68,"-55.179492,7.356533",French
5ff7e29a-bc5a-4168-aae0-f7278490298b,Political those fly thank forget.,miller-morales.com,Sales,5857,no,yes,desktop,Firefox,2025-02-16T14:02:01,355,"-31.2494885,151.316465",Chinese
20ca72ff-91d1-4cd4-8a8c-2bbb1f17ae75,All name light animal spring.,mccormick-burke.com,Marketing,504,no,no,desktop,Opera,2025-01-19T01:42:54,366,"-75.9325435,32.453050",Chinese
f7899c9d-e158-4aa7-ad33-9fbc1c462706,By apply say land their article however.,banks-fleming.com,Operations,7285,yes,yes,desktop,Edge,2025-03-30T09:26:30,259,"28.3364005,47.285278",French
1ef40ac8-7ad8-43a0-9a25-cb9c7c3e4038,Piece operation with.,coleman-long.biz,Marketing,3108,yes,no,desktop,Edge,2025-01-03T02:50:07,144,"45.830853,85.611681",Japanese
1dad7ea1-caef-4e15-9ec9-caf5996bb758,High heavy who economy media employee view.,payne.biz,IT,1976,no,no,mobile,Edge,2025-01-30T09:10:40,453,"67.0121875,93.723788",German
2ebe0d13-59ef-4d4b-8646-87214f3e97cd,Be section or other what across least.,nguyen.com,Sales,1165,no,yes,mobile,Safari,2025-02-27T18:26:37,442,"67.622268,70.816930",Chinese
ba70ddd2-a735-499f-afb3-1ff9ca27996c,Father theory attorney mean into.,boyer.biz,HR,8246,no,yes,mobile,Chrome,2025-02-15T11:49:42,374,"0.678427,-52.568174",Japanese
3b75f4b8-e5e6-4e1e-9d42-0735dbdc673a,Clear fall front deep question career.,martinez-garza.biz,Finance,4043,yes,no,desktop,Safari,2025-03-20T22:30:00,345,"55.8202805,-128.545904",Japanese
6012579f-1634-457a-9ff4-6bb9b93d4af3,Like thus hope respond recognize audience hand.,williams.com,Marketing,7943,yes,yes,mobile,Edge,2025-03-04T09:40:36,497,"2.675942,113.107620",Japanese
31ef7960-d696-469b-acee-82dc94c61a87,Mention bank single know smile anything feeling.,murphy.com,Marketing,945,no,no,mobile,Opera,2025-03-28T19:36:47,113,"59.3102995,21.986778",Japanese
42639f24-cd45-47f8-a282-21dcefa51dd5,Pattern red community.,hunt-green.com,Operations,2689,no,yes,mobile,Firefox,2025-02-23T12:39:21,143,"41.1608895,-92.300461",French
a533b8d3-6f21-49f2-a445-b57133ee73af,Accept case modern image.,hampton.biz,Finance,7064,yes,yes,mobile,Edge,2025-03-20T07:40:38,204,"-88.2202225,37.768199",French
9f4f5920-e37c-4b47-a42d-a7ad21a09151,Entire start follow image understand best these walk.,kirk.net,Finance,5321,no,no,mobile,Chrome,2025-01-31T05:44:21,99,"73.093671,-166.845196",Chinese
8b2ef78b-3b89-44d5-9676-4138e9089c7c,Lot range view understand size popular.,smith.info,HR,6167,yes,no,desktop,Opera,2025-02-11T23:03:51,19,"58.606565,-89.118414",German
dc09df89-9299-4865-af2e-f15a0e9aac79,Get finish majority on treat.,pugh.biz,Marketing,6280,yes,yes,mobile,Safari,2025-02-11T13:34:24,549,"-68.980693,48.635400",German
e922d57f-f574-4f1b-876b-2d826b27506b,Big occur stage hospital.,munoz-austin.biz,HR,4539,yes,no,mobile,Chrome,2025-02-15T09:05:11,502,"-69.774367,100.812446",Japanese
58cb4a45-cdeb-49ff-9809-b85893a5bd51,American develop type character two operation.,watts.biz,Marketing,9340,no,yes,mobile,Chrome,2025-01-02T16:32:16,185,"-30.1014555,150.363452",Japanese
045d43bc-56bd-4c64-b817-f1d24ace0cfa,Guy past late region.,reyes.biz,Sales,4111,no,yes,mobile,Chrome,2025-03-01T17:50:09,427,"66.1305115,131.273110",Spanish
f749b26f-1e2f-4a8b-a55f-0d5001bd85fe,Build middle story control prove get experience.,rivera.com,IT,1855,yes,no,desktop,Chrome,2025-02-07T22:14:51,182,"-39.902503,-95.035221",English
de6619be-dccf-4714-bc4b-2ddba84f167e,Up raise discussion wear save partner around turn.,ryan.net,IT,5355,yes,yes,desktop,Firefox,2025-02-27T15:03:44,317,"85.341177,-143.486155",Chinese
690ef226-baa8-478b-804b-7cb9de8d0cb8,Really investment address response mother live threat.,johnson.com,Finance,3063,no,no,mobile,Opera,2025-02-23T03:59:21,186,"13.442187,-95.811395",Chinese
fc1cc7ff-df6d-438a-b70c-d7e78d93b4ac,Arrive lot about popular white notice.,tucker.com,Operations,9536,yes,yes,desktop,Safari,2025-02-12T15:57:33,423,"39.008594,-70.096163",German
bf574f45-fb2a-486a-90ad-458cf848d78f,Own president provide.,martinez.org,IT,6413,no,no,mobile,Opera,2025-03-01T00:18:46,442,"-61.751809,-127.773930",English
4115cf66-5d45-4a37-b0ea-1908a5ba37d1,Recognize tend civil minute management.,hernandez.com,IT,9048,no,yes,desktop,Safari,2025-03-15T09:45:24,265,"-58.2386735,43.699029",German
3162e79d-810d-4983-a0d6-fc2c465d9a01,Professor sea author medical share around near.,walter-williams.info,Operations,4340,yes,no,mobile,Firefox,2025-03-04T07:19:46,594,"-48.887278,-124.502096",Chinese
a5872882-03f8-4534-8479-e45c72105e28,Wear bit attention skin.,lopez.info,HR,894,yes,yes,mobile,Chrome,2025-03-24T12:32:11,195,"35.5854965,117.757267",Chinese
ff509f9b-d33b-4ed3-94f5-e46445df6706,Expect vote seat fire care.,smith.com,IT,2263,no,yes,desktop,Firefox,2025-03-21T23:30:35,195,"63.649650,82.934024",French
f0a134fd-5532-47f3-a433-bd3fa3eba5af,Today goal environmental support body thus company.,young.com,IT,4381,no,yes,mobile,Opera,2025-03-27T02:31:46,424,"-26.8269285,-8.914391",German
78289fd2-973d-433c-8431-d8b6199c4e31,Do artist war blood relate run.,mayer.com,IT,1291,yes,yes,mobile,Chrome,2025-03-29T03:56:14,294,"-16.4433745,162.000926",Japanese
1d890066-0eb6-4de0-8fad-231c3df2801e,Open court standard by foreign.,perez-rowland.com,HR,3886,no,no,desktop,Opera,2025-02-27T15:06:44,465,"-57.6324105,-166.112632",Spanish
7aa248bd-f97d-4365-abb9-f03d2eaf78f3,Cause magazine camera keep amount challenge describe.,oconnell-nichols.com,Finance,8914,no,no,desktop,Opera,2025-01-15T14:17:16,243,"-79.3488425,-13.536564",Spanish
4e9e2283-7fce-4b38-8a3c-8f519c2751e7,Usually great who.,moore-hernandez.net,Sales,1966,yes,yes,desktop,Firefox,2025-02-25T17:54:34,430,"-67.795230,-159.345325",French
658adbaa-a3d2-49d8-9f8f-27cdbe90f4f5,Break attack spring from behavior third public.,vance-alvarez.net,IT,9166,no,yes,mobile,Firefox,2025-01-21T02:44:53,277,"38.079441,134.072015",Spanish
5f3645c1-e983-4092-9e1b-5a73d5c8cf23,They best despite federal.,jackson.biz,IT,1921,yes,yes,mobile,Firefox,2025-01-18T21:52:20,397,"16.626206,-55.914423",German
2588c9f1-5528-4940-bc05-6a438cd100d5,Administration water perform him court arrive.,scott.net,IT,6751,yes,yes,mobile,Opera,2025-02-14T20:30:11,27,"-25.5442795,26.625364",German
58eedbce-be84-4df4-8939-cb324b00a0a2,Bring will professor reflect.,moore.biz,IT,5138,no,no,desktop,Opera,2025-01-30T13:28:56,225,"60.9474675,65.786607",English
d33abc91-cd1c-416f-a4e4-dd4fd735628c,Recent require executive our join board imagine.,evans.com,Operations,4683,no,yes,desktop,Opera,2025-02-10T21:38:47,288,"-35.283043,82.551769",Spanish
278abcd7-669e-44e2-bbf9-1add9b026343,For today wall join finally name music.,hill-barker.com,Finance,2796,yes,no,desktop,Edge,2025-01-09T10:41:05,520,"-72.9384705,-99.245237",Japanese
f9e20f16-fb7a-4a2a-a2f1-e9a87baac38d,Significant community discover subject.,romero-johnson.info,Finance,6153,yes,yes,mobile,Safari,2025-02-04T13:32:42,172,"71.2620505,29.755038",Chinese
c5e04be5-3925-4c7a-b5de-e201bcde8370,Bed by while approach himself although property.,ferrell-marshall.net,IT,3968,yes,yes,desktop,Safari,2025-03-24T02:35:41,578,"42.4115805,71.298460",Spanish
2ea5bff0-d49e-4894-a851-ab1acf02b020,In avoid others center.,lawrence.biz,Marketing,1091,yes,no,desktop,Chrome,2025-03-15T04:44:41,74,"-57.2953005,-93.352999",French
5e2f7961-7c60-4171-aaaa-2f2e1d94e2c7,Behind billion response among.,mccarthy.biz,Sales,584,no,no,desktop,Edge,2025-03-21T22:04:46,45,"-75.5778725,-118.817084",German
ebbcf74e-3ad8-4fd6-a080-42cb496d6968,Democratic oil include resource article news management.,watts.com,HR,3613,yes,no,mobile,Edge,2025-02-06T20:15:32,511,"33.268717,-39.281561",Spanish
5e946c99-5122-46d8-b998-3df1cf63911c,Article national blue partner page which.,cortez.info,Finance,3857,yes,yes,mobile,Chrome,2025-02-03T00:21:31,460,"-46.434426,-95.482423",Japanese
2a4707cd-a262-44e3-aa42-710c2fe680c3,Follow stay court.,flynn-cox.com,Finance,5959,yes,yes,desktop,Edge,2025-03-27T06:53:24,585,"-53.5082025,14.241929",Chinese
8b4b1f4a-5108-4686-9782-ecbe68ed9469,Next simple drive surface individual.,roberts-miller.com,Sales,7245,yes,yes,mobile,Opera,2025-01-07T10:01:34,22,"37.8129775,-128.003068",Spanish
bda9f320-2197-428b-b430-f943c936ba31,Arrive billion evening behavior.,wilkins.com,Finance,1465,no,yes,desktop,Firefox,2025-01-29T17:24:01,442,"-32.766749,-132.498518",Japanese
4cf18353-7276-491a-9c42-33bdc14ccc93,Team fear generation again.,park-sosa.com,IT,7807,yes,no,desktop,Opera,2025-03-16T07:39:02,263,"88.3044075,10.061161",French
94e693f7-e087-4b0c-8e9e-7624ce6ea04f,Moment like crime argue.,sanchez.com,Marketing,7882,no,yes,desktop,Edge,2025-02-06T08:19:37,71,"-70.5052345,-175.288943",Spanish
1a1daa52-252c-4187-bfe8-d17b47398485,Those century should professional task sit.,compton.org,HR,5528,yes,yes,mobile,Opera,2025-01-24T00:13:55,497,"-56.3803905,86.016719",German
9168968c-4105-4d8f-abe6-8fd835f39e35,Inside government area serve minute site memory pick.,melendez.com,Operations,9809,no,no,desktop,Opera,2025-01-28T09:36:09,460,"-36.2287895,-123.376014",Spanish
b717950a-113b-4d5b-97c0-75ea39956064,Hope our expert throughout writer.,wilson.com,Marketing,9442,no,yes,mobile,Chrome,2025-04-03T00:45:29,131,"-8.8439445,-82.448855",Chinese
d2f20b07-768c-487b-b121-1170be99539c,Growth board media suddenly operation score street.,reilly.net,Marketing,6589,yes,yes,desktop,Firefox,2025-02-08T11:47:52,420,"-42.8341785,91.315015",Chinese
fe544d50-3538-443d-abad-4963b19f72e0,Will letter woman relate science door moment why.,alexander.com,HR,2323,no,yes,mobile,Opera,2025-03-21T12:29:14,198,"30.148982,-116.088360",Spanish
06f678fd-f98a-4c29-b1e5-d4d3e474a9e6,Meet technology account sister.,thomas-ray.com,Marketing,1295,yes,yes,mobile,Chrome,2025-02-13T13:51:27,391,"16.540569,-39.128428",Chinese
80a83bc0-d33a-4ff0-99e7-94eb312187b2,Avoid home position single.,shaffer.net,Marketing,2496,no,no,mobile,Safari,2025-01-22T11:06:29,283,"11.0790315,44.501465",French
06cd1a46-fcf0-4b9a-995b-f20de79d9ed6,Far with tough western draw.,brown-thomas.com,Finance,6123,no,yes,mobile,Edge,2025-01-15T20:23:25,411,"-30.6864565,-87.621204",French
9b26dcd3-48ab-49bd-9cbc-f0524128c64e,American face carry foot yeah.,boyd.biz,Operations,1161,yes,yes,desktop,Firefox,2025-01-02T11:39:59,441,"4.5229685,-168.802556",Spanish
265b6ad6-775f-4b5f-835b-b792be8751b0,Receive environmental require film dinner.,sanchez.com,Operations,1869,no,yes,mobile,Firefox,2025-01-22T01:50:28,290,"80.8386965,-42.649995",Spanish
3dfebfaf-76bb-493c-86cb-389acf3f923b,Pretty during usually positive.,keller-george.info,Marketing,8470,yes,no,mobile,Chrome,2025-04-01T00:40:19,70,"-52.8140625,-75.441839",Spanish
d38cc3ca-90a6-4b91-9f10-e2dfe71e2d86,Room live out thus energy.,smith.com,Marketing,5967,yes,yes,desktop,Opera,2025-01-05T02:01:54,436,"20.515251,145.310894",Japanese
eaf92b63-3fac-4b5d-acdb-a3370cbd758b,Full check learn each.,thomas.com,Finance,2116,yes,yes,mobile,Chrome,2025-03-13T06:38:31,209,"-79.647290,57.694567",Japanese
c5e4b41f-c01e-4ffc-afa9-d6791e626177,Government huge father later drop.,scott-watson.net,IT,5387,no,no,mobile,Safari,2025-01-29T06:51:03,488,"-6.543312,-9.658333",English
d5a6f4fe-4413-499e-bf5a-9c3df00c69e6,Apply hour again glass.,duran.net,Finance,7230,no,yes,desktop,Safari,2025-02-14T03:54:36,483,"-12.076697,67.750420",French
730707c4-d621-433f-a9c8-414597878efe,Radio daughter as recently.,vargas.com,Finance,2139,yes,no,mobile,Opera,2025-02-26T23:53:35,500,"10.189369,148.897795",Chinese
11252ed6-77f4-4f0d-b0db-f118f905d36f,Election thus doctor but.,pierce-king.net,Marketing,2613,no,no,desktop,Safari,2025-02-11T08:59:48,35,"33.7061265,159.973600",Spanish
e964435f-f330-4c41-b4aa-1dd549404afb,Effort pressure say phone.,edwards.org,Operations,8491,yes,no,mobile,Firefox,2025-01-27T03:57:02,140,"13.633754,-22.175622",Japanese
5b37ff79-4f48-450b-ae4f-143fcadb0729,Bad total personal prevent.,copeland-green.com,Marketing,9826,yes,yes,desktop,Edge,2025-03-29T13:54:47,155,"0.731982,32.466749",Chinese
75352f4a-fbe8-4f27-866c-e9add3ae00fb,War eat board.,young.com,Finance,3463,yes,no,desktop,Chrome,2025-03-24T22:22:18,559,"49.2053985,12.161283",German
0cb0f0e3-0fe9-4d94-bf3b-bd1e3da437c3,Step page still occur instead institution.,rogers.biz,HR,2002,yes,no,mobile,Opera,2025-02-16T16:02:27,243,"-67.7230125,-56.115150",German
047784b7-6833-46e3-b809-e1bc94089c7e,Somebody official piece record what first interest.,murray-simmons.com,Operations,5127,no,yes,mobile,Firefox,2025-03-09T17:09:34,209,"85.021550,-115.569265",English
0124f3c3-2589-48e7-bd54-049c6672120c,Learn technology cup.,cox.net,Marketing,9537,yes,yes,mobile,Opera,2025-02-06T19:49:48,164,"-70.9806495,-147.701230",English
79cc8f95-d578-4795-9fe6-da1825cb6406,Themselves visit anyone however happy subject.,marquez-wagner.net,Marketing,3973,no,yes,mobile,Opera,2025-03-22T15:11:19,402,"-22.116559,52.926152",Chinese
72c39d8e-d5e2-42a1-9901-5b9b9e3a7dbc,Become win because half student weight chance.,bailey.org,Finance,6209,no,yes,desktop,Chrome,2025-03-28T02:09:24,308,"49.0870765,-153.135593",Chinese
fd02b1e3-2f0b-481d-910d-03c5df7970a1,Size bank break.,harrison.com,HR,6057,yes,no,desktop,Edge,2025-01-03T12:59:51,294,"-70.6054755,124.032427",Spanish
cc847dd7-fbaa-4f49-a341-4000a5a17c53,Radio head thought activity let.,yang.org,IT,2738,yes,yes,desktop,Edge,2025-03-09T21:07:49,148,"16.506684,-3.863836",Chinese
b8abafc1-9613-432c-85ab-cc270fcc3320,Do kind could side line actually control onto.,davenport.com,Sales,6690,yes,yes,mobile,Chrome,2025-02-06T21:13:04,136,"-29.2837995,-163.619179",French
9cd5b532-4c32-4b72-901a-578e8b150efa,Society along laugh partner sport they kind.,barron.org,Finance,3816,yes,no,desktop,Edge,2025-02-22T14:58:29,210,"80.8675555,-177.725789",German
88deb934-1b46-4052-906d-7746e4661512,My cell could walk add.,bush-smith.com,Finance,2652,yes,yes,mobile,Firefox,2025-02-21T06:53:48,525,"40.4084585,105.992590",Chinese
f39dd3c3-f52b-44cd-9cdb-6d3b625a762a,Community charge everything husband opportunity.,morse.com,Finance,7247,yes,yes,mobile,Safari,2025-03-20T13:04:07,268,"14.870154,-31.200799",English
c9bb3c75-1993-40a0-bae0-908cd2d131c0,Again billion community sense win end.,davidson.com,Finance,1950,yes,no,desktop,Safari,2025-02-07T15:12:08,147,"-8.1530615,11.421617",Chinese
2b31256a-7fc0-409c-bb2e-45b4b4586456,Sense similar pressure huge forget five notice.,navarro.net,Operations,670,yes,yes,desktop,Edge,2025-03-19T06:07:43,536,"12.666509,16.704871",German
80c370f9-8be0-4b4a-9730-25e5625ef855,Both eight group member five benefit event.,martinez-ryan.com,HR,4255,no,no,mobile,Edge,2025-01-01T21:21:42,90,"28.8742585,-9.153276",English
c84c8ce8-c459-456f-bb1f-3eda0e1c45f2,Read education certainly any strategy.,lawson.net,IT,1492,no,no,desktop,Opera,2025-02-15T01:33:29,151,"-44.2916325,-142.895481",English
cbd72d05-4c30-48b5-abcb-9f3d47cb2957,Perhaps really close allow various team.,clark.biz,HR,1358,yes,yes,desktop,Opera,2025-03-07T17:48:53,462,"-7.998062,107.360868",Spanish
44eb1e5c-f471-4aef-be74-4c802cf9ecac,Stop surface deal join point interesting president.,smith-clark.biz,IT,2814,no,yes,desktop,Firefox,2025-01-20T05:03:47,120,"-24.6148865,10.770150",Spanish
a988343d-ad34-42c6-8bfe-691a4182c3cb,Business write parent daughter central sell fire indeed.,nicholson-gordon.net,Sales,854,no,yes,desktop,Edge,2025-04-04T03:52:47,315,"-59.6386235,34.946874",Japanese
d9a6230e-8b57-4900-b2a2-80126a63bc24,Great throw add their myself process write.,smith-mcguire.com,Operations,5902,yes,yes,desktop,Opera,2025-01-13T13:30:18,163,"76.741317,165.718770",Japanese
750b5cec-ef38-4583-8603-c13ccaf4eb94,Action follow Mr something bar how loss budget.,acosta-jensen.com,Sales,9749,no,yes,mobile,Safari,2025-02-17T20:26:36,364,"0.753261,167.143120",German
3cca4656-56fc-47df-967d-2b3e2861a3c5,Style story end I writer event where.,wilson-hill.net,Sales,5898,no,no,desktop,Safari,2025-03-16T15:51:31,259,"7.135299,-11.167816",English
8be87b5d-a42c-4094-b699-3db3dd866ba7,Economic build finally could.,cain-cain.org,Marketing,559,yes,no,desktop,Edge,2025-02-03T01:54:31,317,"80.453508,-176.177648",German
99dd7b5b-266a-48fe-8bb5-ce1b17773b5c,Administration of stay energy house type.,rodriguez.com,Operations,3806,no,yes,mobile,Chrome,2025-02-04T17:12:59,391,"-62.8829245,106.854938",Chinese
7669c96b-d475-4dbd-bee3-2e0a51ad1833,Relationship safe entire maybe international certainly exactly such.,pierce-hughes.com,IT,3528,yes,yes,desktop,Chrome,2025-01-27T01:02:28,511,"15.403128,104.381817",Chinese
a6fc23bd-bdba-41f7-89ee-db11487eccfc,Activity main perform forward quite.,hudson.biz,Sales,5011,no,no,desktop,Opera,2025-03-30T13:49:03,188,"8.7887995,-79.812450",Spanish
bf5726d9-12a5-4661-857a-646c4b49dcf5,Daughter girl crime else.,green.info,IT,7566,no,no,desktop,Firefox,2025-01-21T17:29:08,200,"40.785846,-1.441684",Japanese
d0501adc-44fb-4638-9b7b-6df8cc672fe7,Season stand firm popular middle.,mccann-perry.com,HR,8236,no,yes,desktop,Chrome,2025-01-19T14:39:19,439,"62.282138,-178.189597",Japanese
e9cfcbe5-61a0-4157-9ed8-43b473d109c1,Cause develop travel.,ellis.info,IT,2435,yes,yes,mobile,Edge,2025-02-08T20:24:26,83,"87.574910,42.545579",French
a8b11fbe-d2ef-40ff-86d5-d92ba92d9c82,Base even authority source determine finally.,fox.com,HR,1979,no,yes,mobile,Edge,2025-02-28T17:28:43,170,"13.799458,-89.355137",Chinese
80a057ba-4c8c-4d0d-b17a-11ca676ab7a0,From take then let.,smith-brown.com,HR,1106,no,no,desktop,Chrome,2025-03-23T04:07:54,470,"2.090751,107.700488",German
af539082-7ff3-4fcb-86df-613e39d203b3,Fact compare decade will.,howe.com,IT,3391,yes,yes,mobile,Opera,2025-01-05T04:58:57,102,"-62.0423465,85.925934",German
81612c03-4d42-4248-aafc-dd10ae8c4f7b,Capital prove color itself half movie.,everett-smith.com,Finance,2178,no,no,desktop,Edge,2025-03-20T06:11:14,77,"30.776868,122.332371",Chinese
801e4e37-ddab-45c8-8ef9-30c17e498831,Head condition rule night end thank former today.,daniels.net,Operations,1758,no,yes,mobile,Chrome,2025-01-30T09:46:30,120,"74.0961085,155.597826",German
6537ae75-72b2-4703-ae71-bcd26fdc0684,Space sport guy live make.,harper.info,IT,9956,yes,no,desktop,Safari,2025-02-28T12:20:58,121,"-31.0594695,-84.219423",French
f2d51a05-b4f1-49db-933b-e7a4aca31f12,Agreement southern each respond.,hernandez.info,Sales,9865,yes,yes,desktop,Safari,2025-01-13T20:51:23,29,"-6.970243,-32.368538",German
861a285a-cbef-411c-a2a3-09bd3328c1a0,Garden last thousand discussion instead art mission all.,johnson-villarreal.info,Finance,5229,no,yes,mobile,Safari,2025-01-03T23:42:49,287,"-19.223197,-53.267666",Chinese
d43af738-c8c8-4662-82be-bdfdfa91aa23,Fine sign he house determine up teach.,robinson.org,Sales,500,yes,no,desktop,Chrome,2025-03-27T00:53:45,167,"67.349947,82.016950",Spanish
78e9cf48-58c4-4ef3-8ea5-5ed8ff7d82a9,Production hot mention father without.,arnold.net,Finance,1086,no,yes,mobile,Firefox,2025-03-10T14:21:33,531,"79.1003625,-75.615651",French
65c7500c-a1d4-4db6-bff4-7aa63ddd3b2f,Put easy identify.,thomas.biz,Sales,7932,yes,no,desktop,Firefox,2025-02-22T22:29:28,218,"19.2744285,165.173730",Chinese
0feaa39c-fb7e-4388-be9c-6796d0a82ef7,Sit test down walk spend.,adams.info,Sales,9618,yes,yes,mobile,Firefox,2025-02-13T05:00:46,329,"-50.2099295,114.826232",English
4ccc098b-f6fc-4895-916f-3c9f12d7ed2a,Believe project wrong society daughter.,bennett.com,Finance,5851,yes,yes,desktop,Chrome,2025-01-23T16:11:53,223,"-88.699926,-32.477940",French
81e3a3d9-6f88-479c-a192-46c29b725085,Poor most nor anyone process will control.,moss.com,IT,7249,no,yes,desktop,Opera,2025-04-02T04:04:11,270,"1.184279,-141.178689",English
c9a0b382-c1dd-4eee-9829-2e7e022e9409,Down use race painting.,hernandez.com,Finance,9144,no,no,desktop,Opera,2025-01-21T04:32:36,34,"27.125378,178.355586",German
990f44f2-2635-436c-adc4-4d7a6de9325a,Senior know write movement point hospital result.,becker.com,Sales,5313,no,no,desktop,Edge,2025-02-13T12:48:51,97,"-71.872353,121.328922",Japanese
5d43687c-5d87-448b-8162-4d456635b0ae,Federal hour population above example between dream.,walker.com,Operations,9951,yes,yes,mobile,Safari,2025-01-12T15:01:00,489,"-49.862012,-90.347592",English
ff1e3c6a-b18f-4fc2-8b0e-582162593be7,Will week himself population happen personal sea.,klein.org,Finance,6202,no,no,mobile,Safari,2025-03-09T15:00:31,395,"36.323506,40.978149",French
86459d57-369a-4e4a-bfc2-8d70052ba1f5,Matter already test white.,collins.com,IT,9287,yes,no,desktop,Edge,2025-01-13T14:58:40,301,"-41.6575255,-6.364590",Japanese
4d87a058-7460-4ec1-9376-e4a34f22d9f3,Shake bad bring dark list.,turner.com,Operations,3972,no,no,mobile,Edge,2025-01-30T10:29:04,275,"-36.2562945,-64.907472",Japanese
e1870576-8d36-41e5-bca8-349c4b9954bc,Admit if everybody want management feel.,haas.org,Operations,2213,no,no,desktop,Edge,2025-03-22T06:34:12,56,"30.103390,-31.122963",Japanese
a7bef31f-91c9-40d3-ac10-fabef0f30ad0,Letter argue mission question easy important allow.,bennett.info,Operations,2324,no,yes,desktop,Chrome,2025-03-12T22:46:28,517,"-37.6553945,143.591023",Japanese
e6a5d549-dbef-4ff6-8d6c-cb77a34eaaf6,Become try half commercial.,howard.com,Sales,8428,no,yes,mobile,Edge,2025-02-23T02:52:35,501,"19.9209835,133.716901",Chinese
e1212bc1-c545-4c74-8b8f-a691ffc1414b,Not benefit hospital rate save authority.,cook.com,Sales,2438,yes,yes,desktop,Safari,2025-02-22T00:53:00,595,"29.932927,168.278080",German
d9aeb64a-1ad4-41b7-bcca-96390ee013cf,Show teacher break member side.,hull.com,HR,6485,no,yes,desktop,Opera,2025-02-21T08:18:29,56,"-22.603621,-80.240336",French
1bdd4fea-2055-466f-b3ea-590041ac08d2,Care project develop sure her.,williams-lawrence.com,Marketing,1552,no,yes,mobile,Firefox,2025-01-16T17:37:59,136,"77.078054,-73.139760",French
754606ea-3b24-478c-9e3f-bf4c48528b3f,Month collection yes room easy.,lopez.info,Operations,2866,yes,no,mobile,Opera,2025-02-26T10:14:23,16,"14.5081675,146.808237",Japanese
3c7fc63e-63fb-4e9b-a8fd-56865952178d,Similar hundred figure another technology.,white.net,Operations,3563,no,yes,desktop,Firefox,2025-02-05T08:26:35,62,"-46.2348965,-40.346499",German
ab3fe937-3f3b-4640-9dcd-25e3a000eeb3,Quickly meet eat.,calderon-moran.biz,Marketing,8282,yes,no,mobile,Chrome,2025-02-04T16:51:09,305,"30.648217,94.398649",French
ce65ed72-e1db-4f9d-b7eb-32da3345824d,People tonight factor environment much give.,yang-atkinson.info,Operations,7384,no,yes,mobile,Opera,2025-01-21T14:39:44,288,"55.0175585,-120.657204",Spanish
56850513-1c6c-4301-96b8-fa36b6b731fe,Per strategy new among model not.,crawford.com,Marketing,1049,yes,yes,desktop,Opera,2025-01-08T21:48:04,73,"-23.8667805,-24.499648",Japanese
e2167878-0818-4bb8-ba53-541f41ba0159,Bank hand relationship late money fear.,gutierrez-martinez.com,Marketing,5953,yes,no,mobile,Chrome,2025-01-23T18:48:17,591,"-26.493133,5.094943",Japanese
f23897db-b8d0-47e8-8c0c-948d5fc5112f,Decision offer still lay imagine.,reese.com,IT,4189,no,no,mobile,Opera,2025-01-10T22:04:02,279,"-28.9390945,62.280217",English
8a5f9471-aea0-4a8d-91d3-577bb68a957a,Close society listen marriage throughout.,burns-reynolds.biz,Marketing,4876,yes,no,desktop,Chrome,2025-02-19T11:25:06,445,"-11.665300,-38.927926",English
5f7a6081-df03-4c3c-9a48-5f79589b2784,Money prepare industry call whom program.,robinson.com,Operations,7857,no,no,desktop,Chrome,2025-03-04T13:01:16,359,"50.0672885,-128.939866",French
4f43b5f3-dbad-45e7-b64f-ef5648749765,Lose general him official nothing quickly occur.,bradley.com,Sales,6442,no,yes,desktop,Edge,2025-03-11T00:58:10,553,"7.7163375,-104.995400",Chinese
ff45e5c2-2a99-49c8-8587-0c834620c0fa,Fire well bring.,andersen.org,Operations,2441,no,no,mobile,Chrome,2025-02-16T14:33:45,306,"45.597240,-115.818618",Japanese
fe7bfb93-f150-42c0-9b93-284f5cb7c9e1,Require receive loss.,johnson.com,Finance,4274,no,no,desktop,Chrome,2025-04-03T20:05:09,151,"77.613592,171.571963",Spanish
97c5df57-551c-4f86-936c-70f4177fe064,Religious turn explain social whose.,jensen.net,Marketing,7874,yes,yes,mobile,Chrome,2025-01-04T20:04:36,268,"64.6024345,161.993582",French
1cf20255-0d5d-4981-bc33-04cf8c3dcad4,Various fill personal imagine feel.,griffin-young.com,IT,4217,no,no,desktop,Edge,2025-01-06T17:58:30,174,"-36.6722425,162.316624",French
57747720-57df-41ef-8277-053095d79389,It market by.,ford.com,Marketing,784,yes,yes,mobile,Safari,2025-03-29T07:13:32,56,"-30.099229,70.544509",Spanish
cf06eadd-8bd5-4ca1-9334-65c8f5741341,Enjoy local worry fire on skill find Republican.,logan.info,IT,2330,no,yes,desktop,Opera,2025-03-27T13:25:09,542,"-86.0648105,76.347025",Spanish
44966da7-cc3b-4c68-93c1-f0def3f9bb58,Share against design.,mayo.com,Finance,2586,no,no,mobile,Firefox,2025-01-23T02:19:41,452,"-18.576684,-160.072832",Chinese
9fbedf77-a88a-49be-bf71-63eb217ca5bc,Whose investment job third determine find.,nguyen.org,Marketing,5716,yes,no,desktop,Opera,2025-03-22T12:53:39,584,"-81.639783,-114.022559",English
67cb01d9-6164-4013-bca4-e858bc62d93f,Design me worker market left bank.,nichols.info,Finance,2334,yes,yes,mobile,Firefox,2025-02-10T19:43:12,53,"40.6384355,-152.379592",German
d4ce9a2b-9e1e-40e2-9a7d-2d6e9d53bf41,Certainly professional right drive.,rollins.com,Finance,2135,no,no,mobile,Edge,2025-03-13T13:51:30,287,"-38.7644935,12.778907",French
656f2dae-908e-45d1-ba62-2174b57b2a80,Strategy push production.,hudson.com,IT,7759,no,no,desktop,Opera,2025-02-22T14:57:35,352,"-0.4820965,33.940585",German
0f0543ad-190e-4fbc-8f8e-da40edc5a22d,Describe than second mission factor.,davidson.com,Finance,3423,yes,no,desktop,Opera,2025-02-01T05:54:32,575,"-57.0804055,117.022171",English
aa5586ac-1630-4db4-8892-7cbe1e0f39ba,Draw third cost.,dorsey-michael.com,Sales,5923,no,yes,mobile,Firefox,2025-02-22T01:03:16,26,"-36.4370715,-106.426831",English
f642d27f-af7a-484d-b16f-82e7b0f9306f,Ago Congress worker state someone once.,harrison.com,IT,6849,yes,no,mobile,Firefox,2025-01-11T06:42:08,488,"-61.7717815,-52.526157",Chinese
12cee7b7-042d-473c-9eb2-0b7f78a0e66d,Like upon available south cell must technology.,carlson.com,Finance,6715,no,no,mobile,Chrome,2025-01-07T06:33:40,476,"-75.5796155,28.884211",French
232ca8f5-84fd-45b2-885e-d7e9a00c21c2,His condition local newspaper country.,flores.com,HR,9513,no,no,mobile,Edge,2025-01-17T04:59:49,157,"-23.5495125,58.368282",French
d94a60fc-200f-4e92-8746-372792814d3f,Carry charge speak grow.,higgins-day.com,Operations,5963,yes,no,mobile,Chrome,2025-03-13T01:13:18,396,"73.498264,155.461593",English
a8c11b05-1349-455d-961b-95d89464e4f6,Use peace trade adult model.,rivera-boyd.com,HR,8298,no,no,mobile,Safari,2025-03-16T21:05:47,494,"54.7909135,-165.835973",Japanese
f6e21fe6-4732-4248-b677-4d1ad3339d42,Ready population first spend.,gaines.net,Finance,6359,yes,no,desktop,Chrome,2025-02-15T08:01:37,403,"-23.858520,171.397301",French
e0bcce08-6e8f-4779-844f-75e28be1d0cf,Production around determine general better.,sanchez.info,IT,8687,yes,no,desktop,Chrome,2025-02-06T02:46:02,559,"-36.4564425,-149.004225",Japanese
e39f6a90-96f3-484d-be00-84e575b20fd6,Left enough themselves director phone black.,park-gardner.com,IT,7174,no,yes,desktop,Edge,2025-01-04T21:15:26,230,"-8.345475,-16.414401",French
0e0111d5-1b3a-4939-bce5-5e35b3ff5a88,Feeling write guy how set.,roach.com,Operations,6997,no,no,mobile,Edge,2025-01-14T16:47:23,571,"-80.597986,134.763960",Spanish
6dcc2355-356f-432a-86e4-e124857bbd5b,Guess leg cost president perhaps.,hawkins.com,Finance,8577,yes,yes,desktop,Chrome,2025-02-23T20:59:18,111,"-61.862037,-33.009722",Japanese
84c0b04a-0971-4c9f-b055-a3a581226f4d,Section little for mother consumer particularly.,fritz.com,Marketing,4357,no,no,mobile,Firefox,2025-03-05T06:41:09,430,"67.063266,-100.383350",Chinese
03bc6426-578a-4a6c-95fa-9cc7e07cd16e,Choose wait indicate.,meyers-barber.com,IT,4054,no,yes,mobile,Firefox,2025-02-14T01:36:39,309,"72.0169805,-157.617722",German
81b5a606-6359-410e-b46b-ab064ac9b22e,Senior heart receive look its current.,johnson.com,HR,9026,yes,no,mobile,Chrome,2025-01-10T09:52:44,246,"-70.4731785,-84.884797",Chinese
63d98e41-88f7-4920-aefb-a627b05be2ce,Decide continue remember right deep.,brown.com,Sales,1710,yes,no,desktop,Edge,2025-01-25T13:36:47,293,"-13.619288,80.843366",Spanish
5861f209-a791-499e-bbba-63b2cbe9587d,Property business order discover over produce but.,meyers.com,IT,3101,yes,yes,desktop,Chrome,2025-01-25T19:07:59,380,"-25.4271525,22.054946",Spanish
0e47f6a8-4972-4f38-91bc-969685b6c817,Protect week race.,cole.org,Sales,9144,no,yes,desktop,Opera,2025-03-02T09:48:21,221,"-9.1575715,-69.792027",German
8f6dbd38-25b5-463d-9269-c2b1e156b7f0,Cup become agreement ready real.,scott.org,Sales,9328,yes,yes,desktop,Safari,2025-03-27T11:25:54,424,"-71.1349945,-152.582408",German
667434cb-3ec9-4c6b-b173-1612548d36d6,Although contain charge bring floor.,turner-williams.org,Finance,8066,yes,yes,mobile,Edge,2025-02-15T16:19:53,488,"-37.397664,-154.696183",French
09d32f8d-0886-484e-82b5-05d65d5987d0,Billion officer board not.,smith.com,Finance,3450,no,no,mobile,Safari,2025-03-30T00:33:11,112,"-87.2850185,-4.671444",Chinese
e30b476e-989f-41ef-8f5f-a1d79c0d78ba,Professor our remember learn cup.,hoffman.com,IT,2792,yes,no,desktop,Firefox,2025-01-19T08:25:51,446,"41.586124,162.611378",Japanese
76149631-2ac0-4974-bf1c-8209d1bffa00,Claim own require how.,cruz.net,IT,6901,no,no,desktop,Opera,2025-03-27T16:05:30,226,"-6.398338,-18.722395",German
4823e6a6-487e-40ff-b9ac-7c4298d9ac42,Happen idea explain prepare military international.,price-roy.org,Operations,8390,yes,no,desktop,Firefox,2025-01-27T08:24:52,223,"35.9419075,7.774013",English
e3f6b554-517c-42d3-be36-845995513e07,Democrat result project two own force front despite.,johnson-franklin.com,HR,6856,no,no,mobile,Edge,2025-03-14T06:28:03,270,"-56.0560305,130.075646",English
80fbab12-e0c6-466a-85ba-2f8e2fb4b5e6,What early adult decision past pay.,sullivan-white.com,Sales,6847,yes,no,mobile,Opera,2025-01-28T17:22:58,403,"-89.250608,128.462257",German
de59a27e-b711-4246-b71c-8686e86b8bfb,Less like miss every.,sutton.info,Finance,4944,yes,no,mobile,Safari,2025-01-11T15:51:12,193,"0.104167,-160.986070",English
ab41d5ed-8ec6-4e62-924b-c70996048c09,Education total the could enjoy affect site.,ferguson.com,Operations,6422,yes,yes,mobile,Firefox,2025-02-16T21:46:44,208,"-58.4962485,68.662119",French
21e4dbe4-8124-4879-9d02-1b78db15ff30,Cold we short medical figure ago likely husband.,holt-rodriguez.biz,HR,6311,no,yes,mobile,Safari,2025-01-12T08:33:51,479,"-82.949883,170.549549",German
bc75caef-d841-42f6-8ab5-b57d0f996eac,By pay land fill politics.,moran.net,Operations,6966,yes,yes,desktop,Chrome,2025-02-27T15:57:49,42,"-51.177037,-133.181501",Chinese
886af346-133a-45a8-8eb1-9d05bfc47ce8,Medical beyond between security law.,brown.biz,HR,6895,no,yes,mobile,Edge,2025-02-24T06:06:40,468,"-27.7113855,-175.764846",German
07f4bce1-21bc-47ab-b5ec-c6871ea6714d,Until high when police ball.,martinez.com,Sales,4256,no,yes,mobile,Safari,2025-01-18T20:48:17,532,"82.8701875,7.136321",English
ea909a77-5c18-4858-a135-dc4fa9f1dfdc,Hot note at according particularly.,reed.com,HR,5508,no,yes,desktop,Opera,2025-01-22T04:06:09,482,"-11.5765555,-7.633474",English
006cf0a7-34b5-44d9-9063-e5cb29cb01cf,Commercial firm less people side smile deal.,cook.com,IT,890,yes,no,desktop,Opera,2025-03-19T14:59:25,113,"-12.969544,-137.785601",German
7bd8c0b9-a821-4915-a505-fb65c722044a,Treat ok within change whom tend this among.,martinez.biz,Marketing,3096,no,yes,mobile,Opera,2025-01-11T12:43:49,341,"-37.1162755,179.274212",Spanish
f6918cc7-53e7-4fe2-b0f9-81efb287c396,Cultural agreement share whole down.,butler-wilson.com,Marketing,2777,yes,no,mobile,Chrome,2025-02-17T23:13:10,423,"-67.7361345,-107.851844",French
4df05699-32d4-438f-bfeb-b0ad5de2c6c3,Plant magazine government its great team tough.,walters.com,Marketing,6792,no,no,desktop,Opera,2025-01-30T10:31:03,83,"-57.660776,-1.939327",Chinese
ca228cce-12b4-4406-9ca8-0daad5f0d16e,Into factor agree example.,johnson.com,Marketing,5089,yes,no,mobile,Opera,2025-02-01T20:37:21,344,"-43.7757995,130.609920",French
06ffecc7-7206-447f-85e4-2a9154abd1c1,Professor campaign however gun reality yet for society.,campbell.net,IT,8976,yes,no,mobile,Chrome,2025-02-28T23:10:31,10,"19.404683,-132.636050",English
a435575d-18a1-410b-b153-7e32eccf0732,Work individual another.,mcgrath.com,Sales,5650,yes,yes,desktop,Safari,2025-02-28T14:28:37,438,"-60.9023575,-83.915737",English
060eb39b-3fee-4a0f-9ab2-aabd3039403c,Officer recently south admit.,miller.biz,Sales,7154,yes,yes,mobile,Safari,2025-03-25T12:55:19,61,"81.023113,2.326331",English
ee5ea70c-249c-4ef9-9f81-278d18402a6b,Growth today under exactly.,williams.com,Operations,3532,yes,no,desktop,Firefox,2025-02-08T23:45:23,514,"-12.7309785,12.416309",German
9aa5bd79-8baf-427e-8bcf-3e03a0c9eae3,Clearly or crime agency ever.,olsen-andrews.net,HR,9451,yes,no,desktop,Edge,2025-02-26T19:42:23,565,"21.9677425,-131.535890",Japanese
6158accf-8d3e-46d0-bc0b-3a3aa8441d99,While scientist finish reduce.,barron.com,IT,7139,no,yes,desktop,Chrome,2025-04-03T23:26:35,571,"-84.117515,115.647595",French
9b6f1dfb-4a8a-48f4-9f12-7f13a7df72fa,Yard foot read company.,bryan.org,IT,5756,yes,yes,desktop,Firefox,2025-03-31T03:24:40,294,"-87.6737255,-172.573010",Spanish
b5cc8a4b-9f08-409f-a431-1b05503b762f,Country machine serious story.,cruz.com,Operations,5451,yes,no,mobile,Chrome,2025-02-23T09:27:16,332,"-49.2166935,74.273590",Spanish
aa91894f-322f-41cb-b5b9-eb76367b0be3,Physical per price price affect leader that.,howell.com,HR,3606,yes,yes,desktop,Edge,2025-01-30T21:53:30,554,"-63.5562225,7.300011",Japanese
81335b59-a1cc-4ae0-8a36-246d92b8c8b2,Break idea half crime.,osborne.biz,IT,2857,yes,no,desktop,Safari,2025-02-05T11:39:52,165,"-69.1016745,14.943809",English
1fa121d7-f3c2-43b2-95e1-423500ad8105,Weight already design fear away health newspaper.,nixon.org,Operations,5730,yes,no,mobile,Chrome,2025-02-09T15:16:02,372,"-56.3945015,72.178586",English
a7c1197c-37dc-4e83-ab32-37a640a822a0,Course race establish girl apply despite prevent.,phillips.com,HR,2658,no,no,desktop,Chrome,2025-01-12T14:41:01,532,"25.193183,111.154613",German
8930d6ae-0bf0-46b9-86d8-5bb43492cc54,First after every mind he.,white.com,Marketing,5103,yes,no,desktop,Safari,2025-02-28T18:35:39,548,"-7.991258,101.584822",Spanish
0d6440d5-23d7-4147-9fdb-f199fa198439,Four social left senior report seem radio policy.,ortiz-bennett.com,Marketing,3061,yes,yes,desktop,Firefox,2025-01-23T00:35:01,374,"-20.6141245,110.536493",Chinese
96f39a56-cb89-40f9-87d7-f4bb68c7233f,Including sing although modern.,smith.com,HR,6596,no,yes,desktop,Safari,2025-02-01T08:22:22,54,"50.069936,151.019981",Spanish
2745e464-eb48-439e-b40d-c79f377d9c50,Foot full beautiful eat inside training.,taylor-williams.net,HR,8052,no,no,mobile,Firefox,2025-03-05T00:29:31,157,"21.6253005,-133.349179",French
1d811599-a579-4a98-afef-a1859c4b34d7,Open professor or glass control us seat next.,dixon.com,Marketing,9143,yes,no,mobile,Firefox,2025-04-02T06:35:26,437,"-43.937549,-139.959610",English
792157d8-58a5-463f-93fe-6ef3d9fe8269,Upon next support term.,wilson.com,HR,4581,yes,yes,mobile,Edge,2025-01-30T19:26:35,482,"17.2750785,-104.578182",German
5010b07b-3fec-4dec-b50d-9bc437830c14,Congress point stuff account strong claim.,norris-simpson.info,IT,3467,no,yes,mobile,Edge,2025-03-31T18:06:11,591,"48.0218805,-104.260397",Chinese
17a99196-3518-4144-897b-c0da216fb8a6,Authority result success start character education continue.,spencer.info,Marketing,5347,yes,yes,desktop,Chrome,2025-01-11T10:01:36,347,"-33.8002655,-24.585416",English
3100b6bc-1b8e-4646-aa7f-99a59d790703,And my interview order these end.,cooley.org,Finance,4400,no,no,mobile,Edge,2025-04-03T07:55:51,408,"43.431452,89.453381",French
0e85f6e7-30af-4264-9f12-4b1839dcf5ae,Society question themselves.,martin.net,Sales,7295,no,yes,mobile,Chrome,2025-02-27T16:19:15,492,"-46.182856,126.486907",French
bc0b1fec-1aff-42e8-bf36-501fc05d4c17,Home consider wind question seem two.,wells-williams.net,HR,2376,yes,yes,mobile,Firefox,2025-02-26T08:34:45,48,"33.733606,-26.103317",Chinese
92b6ffaa-cb1d-41e3-b232-a83c6f84a312,Writer so half east ground everything population two.,johnson.biz,Sales,6436,no,no,desktop,Edge,2025-03-24T08:10:34,362,"53.5640385,-148.541516",Japanese
595c2dfc-7277-47ee-9d22-0e32fb3da2fe,Let tend least two environment.,anderson.net,IT,5130,yes,no,desktop,Chrome,2025-03-28T23:42:46,86,"-37.2494195,-90.795876",French
70d29412-0343-4725-a5a6-8b481f787fc5,National role person phone.,gibson.org,Operations,4262,no,yes,desktop,Chrome,2025-01-27T09:44:01,300,"18.768941,-177.959142",Chinese
9f34f7b0-1216-4075-9f60-c47f064308e2,Foreign job could yeah best.,johnson-cowan.org,IT,3671,no,no,mobile,Opera,2025-01-18T00:34:38,498,"-44.6301685,-107.981183",German
05ab3106-9987-4f23-9645-f71a8e567c5f,Share population you better possible growth special rock.,black.com,Marketing,1753,no,no,mobile,Opera,2025-03-05T17:32:51,142,"58.606495,-9.307090",German
1f45d05b-9f5e-4b3c-affc-3de45d6532a2,Drug sport loss soldier response laugh.,brown.info,HR,6846,yes,no,mobile,Opera,2025-03-25T20:14:03,118,"-48.080512,-27.432325",Japanese
ae442cfb-40a8-427d-bfce-70070328165b,Carry back health.,ortiz.com,Sales,8518,no,yes,desktop,Edge,2025-02-11T21:17:56,496,"-0.1278975,129.821057",Chinese
4d922798-dd17-43c3-90fb-f8740e620d14,Letter unit task anything seek organization must.,little.com,Finance,5910,no,yes,mobile,Firefox,2025-02-08T15:20:39,545,"11.1544995,170.929692",German
6bce5b41-d8b6-4c8f-a455-13782f185a7a,Thank seat early yard seek dark.,cook.com,IT,2270,no,no,mobile,Firefox,2025-02-27T09:41:37,147,"38.377587,-145.478196",French
0356eb6a-d26c-4193-8634-ac900160ec2d,Likely yet leg lay subject raise.,brown.com,HR,3606,no,yes,desktop,Chrome,2025-01-19T04:51:56,56,"-79.3019935,174.620350",French
05f8d319-2763-429f-aa1c-4c4b445071f2,Method history knowledge firm film tough.,schultz.org,HR,5647,no,no,mobile,Chrome,2025-01-10T16:45:50,238,"86.9781145,3.860514",French
9d5d0f6d-60b1-4ca3-bcf1-d5409609dc06,Training minute thank two with recognize staff.,cole-lee.net,Operations,4238,yes,no,mobile,Safari,2025-02-16T15:11:38,480,"-7.7406745,-21.508678",Japanese
f895caaa-2d2f-418b-9aaf-94127d11a808,Care less myself education cell foreign fly.,bryant.info,IT,4781,yes,yes,desktop,Firefox,2025-02-16T08:53:22,217,"65.8926065,-159.266121",Japanese
48387449-6b6d-4744-a82d-4050b6dc2956,Law coach century record consider speech.,smith-payne.com,IT,1096,no,no,desktop,Opera,2025-01-24T12:46:01,102,"23.419952,-107.235553",French
2ca9abd0-b2fe-411d-a448-471e7bc904c1,Condition water wear with sound.,moore.com,Operations,6808,yes,yes,mobile,Edge,2025-03-24T02:44:17,75,"-12.4586065,95.706078",Chinese
235019c9-9142-48ff-a372-d51e97620548,Game lawyer much.,sanchez.com,Sales,4939,yes,no,mobile,Safari,2025-03-07T05:52:19,203,"-15.389820,101.113632",Chinese
e9d46d92-32ce-4269-aa44-11526397fc56,Pressure us game coach forget program free girl.,lawrence-richardson.com,Finance,1256,no,yes,desktop,Edge,2025-02-25T11:34:40,411,"-56.4611675,99.110604",Chinese
4284013a-9da6-447e-a2d0-e0a1a0dc02f9,Room Democrat beat guy.,short.biz,Operations,8434,yes,no,desktop,Safari,2025-01-20T22:26:04,131,"-77.572320,140.070171",Chinese
542c24cf-687a-495f-824e-cfb945410eac,Service drive rise skill.,odom.org,Operations,4215,yes,yes,mobile,Edge,2025-02-01T02:50:14,40,"3.583062,33.476145",Japanese
92cf1bc9-fb93-420e-bab8-73016d424823,Out eat our sea work say.,rojas.com,HR,3581,no,yes,desktop,Chrome,2025-01-09T04:11:55,13,"-22.3248265,-66.446549",English
25088a45-4d72-4f9a-b09a-3be4575b06a7,Charge red key think fast third hotel.,waters.com,IT,9344,no,no,desktop,Safari,2025-02-06T06:16:11,511,"-73.4940845,-147.902210",French
62f3ff3d-fbc5-4c5f-940e-8370ed3877ec,Ago science American in because.,anderson-chapman.org,Sales,3158,no,no,desktop,Edge,2025-03-27T21:50:43,81,"-85.269665,-148.159220",French
f760d9a7-2432-47ae-a13d-fbdefd9b0d84,High bring help property assume everyone.,russell.com,Operations,7528,yes,yes,desktop,Firefox,2025-02-18T05:14:18,26,"-71.4284845,-121.612546",Japanese
2e3c48ff-c43f-4f27-98ee-8eeec1ee5b2d,Should question theory century.,wilkinson-richardson.com,HR,951,no,yes,desktop,Firefox,2025-03-05T16:00:35,287,"-84.958848,-57.694555",Spanish
547dc83c-1c5b-4a3d-812d-07bdced0b651,Sell rich memory next.,carey.com,Sales,1578,yes,no,desktop,Chrome,2025-02-22T22:09:07,313,"40.077618,103.535368",French
f656906a-ff9a-4d80-8ae0-24b374ee43a0,My low task some make.,eaton.org,Marketing,7256,no,yes,mobile,Chrome,2025-02-11T01:15:14,524,"74.7692025,-154.100528",Spanish
a7de02bf-7bbd-446f-a12d-c04a8d4719a1,Whatever challenge finally put performance.,berger.biz,HR,9853,yes,yes,mobile,Safari,2025-04-02T19:21:19,205,"0.8234275,-36.141603",German
34a48341-692c-4030-ad2f-e9e27067a764,Room lawyer leave law central laugh short wear.,lopez-bradley.com,Sales,7404,yes,yes,mobile,Safari,2025-03-13T20:00:12,379,"9.8741775,-171.199485",German
6d7834ae-3733-483a-82fb-b002d40e5890,Sell building case name.,stewart-briggs.com,Marketing,2298,no,yes,mobile,Firefox,2025-02-10T22:41:28,137,"-3.6875295,149.457411",Japanese
c758ebb8-6990-43d8-a2a6-2cb8b652b559,Page significant too just.,holt.com,Operations,8188,yes,no,mobile,Edge,2025-01-05T04:21:56,572,"-55.608002,-123.373593",Japanese
02be0790-396c-414b-9d10-3849b7c48a22,Difficult watch guy than side future between.,jimenez.com,HR,2492,no,no,mobile,Opera,2025-03-25T00:25:00,373,"-35.072102,-117.550112",French
e9430a29-a2f2-4c02-b155-52a8ce6147ec,Skill political PM their ok population parent.,crawford.com,Sales,4572,yes,yes,desktop,Chrome,2025-01-05T17:11:31,189,"24.7846155,-42.840663",French
af844652-374c-481f-a31f-eab0c0a5f27e,Common team city role send can.,hudson.com,HR,8571,yes,no,mobile,Chrome,2025-01-31T12:25:34,309,"21.378926,39.291367",German
459974fc-a344-4858-9dd4-79859d7d24a9,Myself method run kind most three watch.,patterson-gordon.com,Operations,2699,yes,yes,desktop,Safari,2025-01-16T21:57:50,175,"-49.6468965,19.506791",Spanish
b9be8ee5-7e80-47c8-a727-4b36220bb465,Language away author service ago teach.,garcia.org,Finance,5169,yes,yes,desktop,Safari,2025-01-07T12:32:23,501,"21.918636,5.503156",Chinese
7279c14f-5d4f-42a3-aebd-257c99a4b2e0,Image organization his fund student.,brooks.info,Operations,9196,no,no,mobile,Chrome,2025-02-25T21:22:18,407,"31.888931,3.049391",Chinese
0db4c3ee-2c89-4aa7-83af-e6f14d2be97e,Mother occur age mission writer performance.,garcia.net,Finance,9071,yes,no,desktop,Safari,2025-01-12T23:44:18,22,"12.971644,60.913766",Chinese
bbf0cb34-5c11-4776-ae4e-f8a42e941390,Go cost your blood spring camera.,allen.org,Sales,7466,no,yes,mobile,Safari,2025-02-11T18:23:40,127,"-31.2170295,-132.917815",English
9b798b3b-217b-4524-9d41-27a690c65bc4,Someone parent medical food.,smith.net,HR,8747,yes,yes,mobile,Firefox,2025-04-02T08:50:04,270,"2.131787,177.603974",Spanish
951450c8-276d-4fa0-ab8b-7521d316f875,Current their this serious boy home cell section.,butler.info,Operations,3907,no,no,mobile,Edge,2025-03-27T09:01:12,228,"31.614128,109.777974",German
7d93bd28-cc4f-40d1-96ee-9317ab9cb807,Stand behavior provide maybe later will.,james.com,Operations,2916,yes,yes,desktop,Opera,2025-03-22T16:06:40,566,"-80.497617,16.729177",French
cad2efc5-4417-4903-b97e-08170e900b37,Air majority memory page write right.,franklin-wade.com,HR,8798,no,yes,desktop,Firefox,2025-04-01T11:33:40,238,"-4.098390,-66.691412",Chinese
557cf9ec-7a0b-4614-8fc8-93516d7a42d5,Soldier energy option campaign mention up.,estes.info,IT,2507,yes,yes,desktop,Chrome,2025-01-27T16:26:54,492,"50.3651215,134.026469",English
31b92609-4335-4a8e-ae31-b87e273ce216,Fast line age cover increase without.,rocha-wiley.net,IT,4366,yes,no,mobile,Edge,2025-03-22T15:29:07,179,"75.401715,48.898138",French
f90f323b-9875-42bd-b758-7e315a2f8c48,Tv total could interesting still.,hartman-thompson.com,Sales,8019,yes,yes,mobile,Firefox,2025-03-18T16:48:20,463,"-87.8068345,102.563020",Chinese
a5f8e3c4-e65a-430b-a264-477afbab7725,Book baby that over election.,smith-lee.com,HR,4709,no,yes,mobile,Safari,2025-01-27T19:05:24,299,"-21.988176,144.721113",English
3e172621-eac8-496c-8a37-1fea14eca19d,Service place two music material check.,johnson.com,IT,4853,no,yes,mobile,Edge,2025-01-07T09:01:23,527,"-46.285996,175.522299",Japanese
edb9613d-ded7-478f-bfcd-876d16e93c0d,Perform yard never available health.,perez.com,IT,8831,yes,no,mobile,Safari,2025-03-01T00:04:12,276,"55.577887,175.630186",French
d032e0e0-f1f4-49de-9cd1-1c50ee9da561,Fast soon who go.,franco-freeman.info,HR,3116,no,no,mobile,Safari,2025-03-19T12:36:41,379,"23.728519,97.076684",Spanish
6d9f0433-caff-40b1-a49f-551a5ecb5eac,Stay perhaps personal parent.,gardner-martin.com,Marketing,7616,no,yes,desktop,Safari,2025-03-13T10:45:37,420,"17.225853,-121.394175",German
60ffac6e-a346-4cd5-8d17-7a3d23ad1168,Alone friend professional issue rise.,reid-adams.com,Marketing,4110,no,yes,desktop,Firefox,2025-03-07T14:52:34,475,"25.4042855,54.819332",German
7dabb05f-1405-44de-b479-e755e7a87119,Fill just source two voice various.,hughes.com,Finance,5490,yes,no,mobile,Chrome,2025-03-21T13:07:46,274,"6.611459,113.656153",Spanish
af5582fd-689e-490d-b249-275ba679846b,Guess long stock feeling.,cole.biz,Operations,6461,yes,yes,desktop,Opera,2025-03-12T17:42:17,330,"39.868577,159.860139",Chinese
d6b88374-62d9-41d5-b9fa-b9b031b8ce90,May outside similar test operation.,harrell-jackson.biz,Marketing,2271,no,no,mobile,Opera,2025-01-23T10:48:59,337,"-55.1662875,105.307950",French
48cc60cf-3ff4-478d-9e21-f02977a35300,Time control too safe what.,freeman-macdonald.com,HR,3675,no,no,mobile,Chrome,2025-03-05T12:27:13,481,"-53.951851,56.705220",Chinese
7d918893-a8c8-43cc-a578-beff907d80ee,Heavy ahead forget single ok occur.,mann-rojas.net,Marketing,4729,yes,no,desktop,Firefox,2025-02-22T06:54:12,332,"26.059222,-162.912251",English
1a538f54-eb51-4a2f-ac97-a4c1c9e5adff,Outside party I Democrat soldier song show.,vargas.com,IT,3326,no,no,desktop,Firefox,2025-02-16T22:21:50,142,"71.4082145,134.987880",German
b2fd5e73-6508-4645-a827-53e4d879d8cb,Spring certainly both agreement stay.,brown.com,Sales,2486,yes,yes,desktop,Opera,2025-03-03T14:27:52,402,"30.0184305,151.118579",German
bada8453-e9bc-48f0-9f4f-3b37cb80430a,Us room art someone.,peterson.biz,Finance,5088,no,no,desktop,Chrome,2025-03-07T04:53:40,28,"79.5665535,156.983672",Chinese
82b1d2f2-b080-445f-a1a7-c454a078b2c5,Hold by nor enough finally.,kramer-lowery.org,Operations,8996,yes,no,mobile,Firefox,2025-03-11T23:08:08,79,"-43.491084,-83.366319",Chinese
eaf0667a-65e3-44b6-bd5d-2b3f3ab3ee20,Skin increase exist piece others lose.,marsh.org,Marketing,6730,no,yes,mobile,Chrome,2025-01-22T05:53:35,62,"48.875774,107.332028",English
9f57ef76-6523-489b-bbff-32954bc70c08,Few student cost woman.,stewart.com,Marketing,9458,no,yes,mobile,Safari,2025-01-19T18:08:33,215,"-18.609858,-5.117375",Chinese
6a233f2d-8ec2-4fa5-ba27-fc1bc6b2e93f,Interesting eat draw thank some.,smith.com,IT,6013,no,yes,desktop,Firefox,2025-03-26T18:57:58,224,"10.5662565,-100.846863",Spanish
002dc40b-1658-460f-84ae-4721e1d55603,Simple for future gun sometimes general husband.,glenn-strong.info,Finance,7526,yes,no,mobile,Chrome,2025-01-02T23:32:51,572,"16.224284,157.190956",French
813e3230-72c7-47f7-bcec-7a2fddb48c4b,Why condition important general.,phillips.com,HR,9817,no,no,mobile,Edge,2025-02-08T10:36:43,538,"75.230692,-132.127295",French
406706d6-cc4d-46a6-bee5-4b6f3b185a09,Matter finally idea recently recently.,dillon.com,Operations,5869,yes,no,mobile,Safari,2025-03-29T15:44:12,202,"27.249804,-49.553258",French
a3dd4471-5729-44b3-8806-6c9834e85cb3,Sometimes financial real hear owner throughout west.,walker.info,Marketing,8733,no,no,desktop,Opera,2025-02-04T12:22:17,543,"-65.4722205,5.221637",English
b38c4fe1-c532-44ad-a1f0-8e364d8abaf1,Meeting standard yet business.,coleman-clark.com,Finance,2788,no,yes,mobile,Firefox,2025-03-29T10:45:21,219,"59.2604405,11.703042",German
ffdc31af-5875-4d2a-8342-2ada2a554bcb,Staff sea interest.,barker-turner.com,IT,7398,no,no,mobile,Opera,2025-03-02T18:49:53,512,"27.358168,92.291245",Japanese
10c053f2-0801-4e50-8b0a-9243db41d30e,Edge large future Mr another then.,harrington.org,HR,8328,yes,yes,mobile,Safari,2025-02-27T19:16:04,362,"74.1393175,-5.259659",English
cd785b66-7e7d-4c47-b782-9922e39fadcd,Pick ok fill customer.,soto-powell.org,Finance,5018,yes,yes,mobile,Chrome,2025-02-04T08:16:02,452,"-4.729626,65.510194",French
b4bc196a-19e6-4001-90fc-2583da78d6de,Size body member unit something system letter.,bennett.com,Operations,8017,yes,no,mobile,Edge,2025-01-18T06:35:35,328,"74.662887,-111.447594",Chinese
b4010a56-41dd-4e6a-8cc7-ee0acf052dbb,Rise want he down.,keith-lopez.net,HR,3686,no,no,desktop,Firefox,2025-02-15T11:46:05,128,"-76.972538,-178.533556",Japanese
7b65f9bb-cbc7-42ef-8dc4-1be5e6c44770,Very see there opportunity.,joyce-mcdowell.com,Marketing,4158,yes,yes,desktop,Safari,2025-01-08T15:36:48,346,"89.571886,-86.910866",French
0aa19d6f-3b40-4995-8435-f89fba2eb1ed,Film surface scene three.,guzman-white.com,IT,9395,yes,yes,desktop,Opera,2025-01-30T15:58:48,507,"-25.7978595,-177.667132",Chinese
54977705-fa82-4e06-af93-a6b2704a705a,Simply mouth born push world change.,hernandez.com,Operations,6415,yes,yes,mobile,Chrome,2025-02-18T07:19:29,152,"55.122690,5.999261",German
dd9f784c-bffb-494f-ab7f-d64c3a8b24cb,Vote church should goal bank.,brown.com,Marketing,9878,yes,no,desktop,Edge,2025-01-07T17:49:53,447,"1.5723955,56.138178",Spanish
6735560b-2422-4cd8-8d99-5abfc669de9a,Across threat blood heavy improve cold.,schneider-johnson.com,HR,4520,yes,yes,mobile,Safari,2025-01-25T12:40:49,391,"-44.409376,49.647051",English
b14fc6fb-d4e4-4632-bfbf-544704365a72,Teacher view worry game remain interesting.,allen.biz,HR,7876,yes,no,mobile,Firefox,2025-02-03T17:37:41,343,"33.0306065,34.509830",French
8e1cb09d-4988-49af-9efe-d4b3295492a8,In name after improve turn road training.,paul.org,Marketing,2505,no,yes,mobile,Chrome,2025-02-27T01:44:20,125,"79.7589535,-155.344862",Spanish
e7f98966-5d8e-4448-b507-8d34f47e0370,Goal score majority deep despite article agent.,snyder-reed.com,IT,1324,yes,no,mobile,Safari,2025-03-20T22:30:26,196,"60.1901025,68.188605",French
c8d8bfa6-a3a5-437d-b8b4-12736e6fd53c,Kid writer range sort figure.,rodriguez-cunningham.info,Operations,3769,no,no,mobile,Opera,2025-01-19T14:39:48,199,"-47.6764675,152.343575",Spanish
11641092-aa81-4435-8678-29f152cb7dd5,Shoulder any sort kitchen term property help.,cunningham.com,Sales,2186,yes,no,desktop,Opera,2025-01-03T04:43:54,411,"-87.7637505,75.710952",Spanish
2a66f221-c634-47df-8e16-eabf886eb337,Stock line itself role might face.,stephens.org,HR,9554,yes,no,mobile,Firefox,2025-02-09T20:18:31,288,"72.7903365,56.550724",French
7daf8514-101c-4e50-a356-5784f3786e8d,Down be why.,johnson-wiggins.org,Finance,9906,yes,no,mobile,Edge,2025-02-20T19:55:59,383,"-1.3365355,-42.509285",Japanese
25d83062-3057-450e-87ae-dc5413f2fea9,Mrs majority message reveal miss thus.,acosta.com,IT,6348,no,no,mobile,Safari,2025-03-27T15:10:50,207,"26.948000,64.464709",German
9b482e28-ff15-4229-a621-339518d9b9c4,Assume call cell evidence large maintain.,rogers.com,HR,4753,yes,no,mobile,Chrome,2025-02-28T03:41:49,403,"21.015722,-48.791858",French
a017b6d3-b1dc-4b31-a61e-6f1b73c92593,Grow least dream.,mills.com,HR,2477,no,no,desktop,Chrome,2025-02-18T13:24:48,555,"49.9957755,-178.616153",Spanish
00eb56c8-6db3-471c-8ae2-cd36b3237943,Production well popular if home want national.,kennedy.com,Finance,7739,no,yes,mobile,Opera,2025-04-02T21:31:26,149,"-44.6773805,39.428041",Chinese
aac12ddf-7a7d-4db7-9cb0-33352261dbfd,Civil over campaign kind green fill role house.,brown.com,Marketing,4243,yes,no,desktop,Edge,2025-01-30T05:42:03,494,"-80.296002,-62.041273",Japanese
ba1a2c78-d62f-46f7-8d62-6923ad6b5e20,Late continue service authority range share yet.,torres-johnson.net,IT,4367,no,no,desktop,Safari,2025-01-21T04:04:49,116,"75.7734455,10.288995",Chinese
5a5c2ec5-44ff-4965-9c30-892fb0cfc817,Available space school perform.,freeman-dunn.net,IT,5768,no,no,desktop,Firefox,2025-01-09T10:07:58,247,"25.3317435,-113.212323",French
c3519496-e615-4bef-bc3c-97d213e5e279,Despite eat figure cultural change east before.,anderson.com,Marketing,9766,yes,no,desktop,Chrome,2025-03-26T15:56:31,260,"-23.186350,4.397723",Chinese
48a8c99f-d77d-448b-9088-667386ebfd4e,Measure remember me force maybe.,little-jones.info,Finance,3581,yes,yes,desktop,Edge,2025-04-03T19:22:04,278,"61.6792215,0.481566",Chinese
c4e792c2-4688-47a5-a8e2-32b64085ed03,American decide herself join everything method right.,chapman.com,Finance,5657,yes,yes,desktop,Edge,2025-01-27T00:51:02,319,"56.480038,-48.813309",Spanish
5aa674ec-7094-4e90-8c34-6af21a855d64,Mean significant large key.,lee.com,IT,2350,yes,no,mobile,Edge,2025-03-11T09:04:21,130,"52.894369,160.731915",Japanese
2fa546c5-8762-47de-8688-448edee0a4e1,Yet establish source open cover education outside lawyer.,jordan.org,IT,5771,no,yes,desktop,Opera,2025-02-08T21:11:03,593,"-6.3534165,61.191723",English
033e2c75-a21c-4f15-b3f2-d9ebe877a67c,Edge way thus common out wish.,henry.biz,Operations,1294,no,no,desktop,Opera,2025-02-12T10:56:39,427,"19.696581,91.155695",Chinese
b2be5895-0ca9-4e1c-82dd-a06adc82fa35,Quite reflect gas.,cherry.com,IT,9875,yes,no,mobile,Edge,2025-03-17T22:25:46,155,"71.4583785,-124.724359",Japanese
8733ea79-5325-44cd-8108-f139f4236613,Generation political born final themselves.,villa.com,Marketing,5634,no,no,mobile,Chrome,2025-02-11T11:40:58,479,"30.361231,163.493285",English
50c2e09f-a4d1-43be-8b18-fe52b1c1151a,Today range suggest under hotel cut onto.,tyler.com,Operations,3110,yes,yes,mobile,Safari,2025-03-01T07:22:58,374,"-50.2268155,-15.779515",Japanese
d129d14c-6ffc-43e2-9efe-adc084c427ee,Sure interview strong run.,nelson.biz,HR,5660,no,yes,desktop,Chrome,2025-03-19T12:28:49,412,"30.4822755,-110.311765",Spanish
c4d6101e-de7d-442e-97ea-6920eafe8628,Source different election shake bank size.,hart.biz,Finance,8987,no,no,mobile,Chrome,2025-03-02T16:51:37,468,"-5.3105075,173.424777",Japanese
b4f040d0-c2fe-4be1-bb62-26d1b7471c96,Article throughout administration certainly owner.,ward.net,Marketing,8042,yes,yes,mobile,Opera,2025-03-22T15:31:47,190,"5.670827,40.776065",French
af981c39-de76-41da-ae04-b054aa7d0f27,Including street fly room until.,burke-mueller.net,HR,3290,no,no,mobile,Edge,2025-02-19T12:43:37,261,"-8.6395725,69.097881",German
c0a114d2-30cb-4eb8-9568-6ef7f5503c90,South history party commercial left about measure.,howell.biz,HR,5483,yes,no,mobile,Edge,2025-01-30T16:30:53,70,"-38.5158375,-87.864188",Japanese
e7fb133b-5327-4286-98b9-13c4f6c6b7e0,Your force rise forget figure employee.,lee-andrade.com,IT,5182,no,yes,mobile,Opera,2025-01-26T06:05:15,570,"-28.939260,97.627417",English
86bb56ea-6b01-4682-a31b-02c5a78b4989,For they measure.,stewart-mathis.net,HR,1572,no,no,desktop,Edge,2025-01-13T14:16:15,271,"-47.8844095,-52.248616",Chinese
fb95d975-62d4-4666-ae32-5287b265c2ad,Establish activity why since talk worker.,ruiz.net,Sales,4045,no,no,mobile,Chrome,2025-01-28T08:47:27,306,"-23.4974015,-158.270494",English
51ba0287-df1d-4e05-bbf7-e35fdd5926dc,Power allow perhaps experience.,garza-villa.biz,Finance,5710,yes,yes,mobile,Edge,2025-01-10T06:32:24,33,"40.3435475,90.528943",English
9632ca93-77bd-4cf9-bfa7-d6987475b96f,May too note.,martinez.biz,Finance,3440,no,no,desktop,Firefox,2025-01-19T10:23:27,446,"-81.393025,138.143427",Chinese
a483ed49-83f9-4f71-b8a0-b6ba38dc733a,Score else future source anything new.,cuevas-crawford.com,IT,8562,yes,yes,desktop,Edge,2025-01-30T21:47:45,564,"-44.8763345,-125.954454",French
6a9b480b-1194-4cd2-9693-93fcae30a6ec,Finish common age price.,pierce.com,HR,8506,no,yes,mobile,Safari,2025-02-15T13:27:44,16,"-70.5602235,125.272529",German
8cea0912-7507-4d68-8d20-bb5b9d2200ff,Opportunity five west key against fear.,moran-rose.biz,Marketing,5260,yes,no,desktop,Opera,2025-02-28T02:05:38,321,"66.0854335,-61.604971",Spanish
e8469683-3a33-4180-8f0b-c5ef3d2f0ab5,Pm next back close south.,clark.net,Marketing,3809,yes,no,desktop,Opera,2025-01-02T20:24:10,36,"45.049567,175.294196",Spanish
33aa7760-5d82-4714-b28f-1d2db6579298,Want coach fund at ability.,burns-farmer.com,Marketing,7730,yes,no,desktop,Chrome,2025-01-13T07:41:08,269,"48.152697,61.376553",Chinese
4a8cbbc4-20e6-433e-bf56-6c0ee43bd6dd,Computer general charge stuff join really.,thomas-zavala.com,Operations,8305,no,no,desktop,Opera,2025-01-10T00:41:32,595,"-25.5938585,38.909604",French
e6aceda8-22f7-4ae3-9e1d-436abd473ef3,History life real serious make base.,stevenson.com,Finance,719,no,yes,mobile,Safari,2025-03-31T08:26:43,391,"50.596738,28.883276",Japanese
454df1eb-6d17-453f-bd4a-d75cbaf5543e,Real star group when senior administration they network.,davis.com,HR,9800,yes,yes,desktop,Edge,2025-03-19T03:00:55,190,"3.829233,157.418294",Spanish
4e1a31ea-b479-4b1e-9531-3810d5035eb7,Unit data right beat speech race.,chandler.info,HR,2705,no,yes,desktop,Edge,2025-03-21T08:53:47,469,"9.633953,123.622961",Spanish
417de2ca-a522-41e7-9dbb-099b9cf3e398,Ground item good bag middle price protect.,molina.biz,IT,7176,yes,no,desktop,Opera,2025-02-20T18:32:15,221,"-68.335270,146.378789",Japanese
215fb9d2-1830-4c9d-b203-edd59d4ec850,Once serve choose find newspaper.,perry.org,IT,5549,no,yes,desktop,Firefox,2025-01-18T05:35:16,280,"13.9236445,98.342338",Japanese
1ec595a8-3449-45e9-8c42-1983a33f6382,Huge choose program use.,ortiz.com,Operations,4426,yes,yes,mobile,Edge,2025-03-18T13:17:31,555,"65.839301,-146.197551",Chinese
6717ecf7-ef5e-4ef9-9c67-15af60a8a08b,Identify physical street building use let not story.,chen.com,Finance,9278,yes,yes,desktop,Opera,2025-03-28T16:52:03,136,"-74.685848,98.464412",English
a4ec31eb-e43d-4973-8674-db10f5d9c7e9,Throw move budget near agree a.,hayes.com,Marketing,8302,yes,yes,mobile,Opera,2025-01-20T07:38:10,568,"0.496873,88.794909",English
91643809-1445-46b5-a2ec-f5c1389aba3f,Contain defense degree find where value job.,casey.com,Finance,9241,yes,yes,mobile,Opera,2025-03-05T23:21:27,46,"-32.5116155,-91.858118",Spanish
982c972e-cd8f-401d-a241-5c17427e4758,Tax town own series.,clark.com,HR,2124,no,yes,desktop,Firefox,2025-01-21T12:09:18,482,"-22.080093,-82.134591",English
77aec086-1da4-4cfb-a353-4f0a31bcb573,Majority century each man again travel.,swanson.com,Finance,8178,yes,yes,desktop,Firefox,2025-03-25T05:55:05,80,"-72.3576295,103.596263",Japanese
48374b9d-05c9-43e6-9c41-d782291a2d45,Onto national miss strong drive.,hernandez-blackburn.com,HR,6364,yes,yes,desktop,Firefox,2025-03-26T20:06:21,125,"-12.7811115,-135.558969",English
a4454f2d-e754-4501-9fdc-03c563d791c2,Civil ball contain day mission.,hines.org,HR,3349,no,yes,desktop,Chrome,2025-02-12T08:55:17,459,"-46.629306,-125.721029",French
ac74bd90-3003-4a08-9c21-f10e10ccf915,See fine make while.,shaw-jefferson.org,Marketing,6694,yes,yes,mobile,Firefox,2025-03-06T10:53:45,169,"-9.641383,127.305836",Spanish
e01fba5a-4927-44bd-9a8a-98e3926718d5,Me administration radio.,daniels.net,Finance,8858,no,no,mobile,Firefox,2025-01-23T15:04:44,521,"43.504069,-103.686698",Chinese
c8f79664-9bd8-4f30-8e28-fb942bf2ffdc,Guess research economic season phone live.,cox.com,IT,4286,yes,no,desktop,Safari,2025-01-05T23:04:14,117,"-50.813554,-129.306389",Japanese
0d280043-e630-4802-91dd-0b2983074d35,Black read affect money why single.,jackson.net,HR,4106,no,yes,mobile,Firefox,2025-01-03T16:05:46,550,"23.557518,-144.648934",Spanish
12be7036-6f9b-498c-8624-072e65373194,Seek consumer behind over will standard power.,barnes.org,Operations,3511,yes,no,mobile,Safari,2025-01-16T00:53:28,318,"-13.5697645,15.761961",Spanish
feeee04c-331a-48c7-85ee-7e66b2c1d5c0,Old yeah enter have provide.,stevens.info,Operations,4839,no,no,desktop,Chrome,2025-01-01T05:53:19,139,"-75.5317215,34.511415",French
305bb979-22ce-4551-a7d4-328083488a3b,Event prepare serve throughout data walk to.,singh.com,Marketing,8360,yes,yes,desktop,Edge,2025-01-29T05:31:23,259,"-46.1059825,21.155995",Japanese
f846c02f-b1ee-40f6-9935-1f90d264193c,Popular lot building especially pay new.,cook.com,HR,2546,yes,no,mobile,Edge,2025-01-11T06:04:10,258,"4.3430915,-163.199292",English
9a73a471-196b-46c8-b9f3-564f489dd9e3,Speech into from act.,vasquez.com,IT,6335,no,yes,desktop,Safari,2025-01-28T18:08:35,196,"76.183209,45.335010",Spanish
a1661cb7-7829-4420-85c7-f55ef2404dbe,Sure set eight apply major trip.,bennett.biz,Finance,3313,no,no,mobile,Safari,2025-01-06T23:01:21,524,"-66.2433485,17.675978",German
7ce1b343-ff65-4edf-afa5-8bac8e98b7fa,Only season deal.,bryant.com,Operations,5764,yes,no,desktop,Safari,2025-03-17T05:55:58,474,"45.2849275,135.879340",Chinese
0a4f9507-8d87-4281-9989-9cfa384fa9b5,Behavior friend anyone back as someone.,juarez.biz,Operations,678,yes,yes,mobile,Firefox,2025-04-03T17:53:20,123,"-17.470798,-163.786585",English
63c192a1-e7ed-4b9d-a7a2-00ac4ecf0387,Wish or organization us need white deal response.,robertson-frank.com,Operations,9351,yes,no,desktop,Firefox,2025-02-21T16:50:07,190,"72.5817315,82.374583",German
46ba4e46-ec06-4020-86a4-fd5e175add76,Anyone no outside film leader base hour artist.,bright-campbell.info,IT,1237,yes,no,desktop,Safari,2025-01-23T13:49:21,307,"13.611100,48.038500",French
2621b57d-380b-408a-a6a0-ea7f9c94a6c7,Top three meeting argue.,watson.com,Sales,9846,no,no,desktop,Edge,2025-02-17T05:34:18,274,"85.177233,125.274195",Chinese
9e79f82e-4dd5-4a8c-a68a-9ff52dbd3222,Kid week chance ago drug.,clark.com,Finance,2945,yes,yes,desktop,Chrome,2025-03-19T22:11:58,150,"35.7220605,90.005625",Japanese
856a5139-5c9e-46e3-ae2e-798aa31e3e9c,Approach call day weight.,cohen-miller.biz,Marketing,5167,no,yes,mobile,Opera,2025-02-08T00:34:12,10,"-50.073697,136.521180",German
8a00c8e6-6adb-4f30-b13b-ccbbf5633856,Feel left college number expect one idea politics.,ho.biz,HR,1718,yes,yes,mobile,Edge,2025-02-14T20:33:10,13,"-55.5496785,143.053340",Chinese
74b54939-6035-46af-b2be-ad48eed2e527,Chance your until.,taylor-martinez.org,IT,4239,yes,yes,mobile,Chrome,2025-01-26T05:10:55,305,"69.0679095,-132.592898",French
d76777a1-9010-4ab9-8971-20fbdba09c0e,Save business discuss push outside night bill.,williamson.com,Marketing,5748,yes,yes,desktop,Safari,2025-03-30T15:24:48,349,"54.1803825,88.169496",Spanish
210c519a-c0ed-4ce0-8f8a-c8fa79575748,Without speech style.,young-turner.com,HR,1070,yes,no,mobile,Firefox,2025-01-11T21:05:42,269,"86.752908,-47.663879",Spanish
64b5c658-23b7-4d4b-91a3-a247d528b354,Somebody usually none can.,fuentes.com,Operations,1499,no,no,desktop,Edge,2025-01-24T15:50:08,66,"50.3239035,140.686106",Chinese
b4fa1ddd-5ee0-47aa-ad2d-e54f9fac3ed4,Former charge all task.,johnson.biz,Marketing,3887,yes,no,mobile,Chrome,2025-03-12T06:19:04,250,"-47.9026665,-58.119824",English
76245ce5-8a13-4b3b-b01b-26fb973e4e2d,Event notice exist capital admit computer hundred.,lopez.info,IT,7954,no,yes,desktop,Opera,2025-01-24T01:51:18,351,"9.4884245,-116.290809",German
2a353999-9d35-47fe-926b-0418b36935df,Must lawyer vote pretty later.,thompson.com,Sales,8526,yes,yes,desktop,Opera,2025-03-04T03:08:02,223,"63.2831325,18.592859",English
e55a1b65-0408-449e-8c1b-a87dc30cd1b0,Bit along analysis cut significant.,pena-hernandez.net,HR,3619,no,yes,desktop,Opera,2025-01-16T17:52:54,243,"82.906688,-128.422265",Chinese
a5621cf4-837b-40ac-bb77-17561a97390a,Page as some in.,novak.com,Finance,5920,yes,no,mobile,Edge,2025-01-16T11:26:44,560,"0.8904015,-146.095152",Spanish
9fc12160-5b0c-43f1-bb08-a5c9b1d8ed36,Drop beautiful five interesting exactly race push parent.,brewer.com,Finance,8725,yes,no,desktop,Edge,2025-01-25T15:54:28,300,"-23.309177,30.688808",English
ff5b3cf5-0826-4904-a2d5-249081ed03ec,Space team us question degree.,lewis-bryan.com,IT,5103,no,no,desktop,Edge,2025-01-13T03:46:19,94,"75.561895,-161.915850",Chinese
4b0841eb-2e50-40f1-886a-64b817344b00,Trial class here.,watson-hayes.com,Operations,4403,yes,yes,mobile,Firefox,2025-03-11T14:07:31,27,"69.7881235,112.753983",Spanish
a2ade982-8e15-458d-aa41-095685073151,Identify camera matter.,hale.org,Marketing,967,no,no,desktop,Opera,2025-03-22T18:08:54,48,"-87.7813515,-118.304048",German
2d1e1a2b-276a-46e5-a6bc-d3a679417a01,Win special task become.,lambert.com,IT,2357,no,yes,mobile,Firefox,2025-03-22T11:57:05,530,"-84.546294,124.436606",Spanish
4c350731-bb13-45e7-b6e5-dbfc7f67e3a8,World each hand if under myself parent.,cervantes.org,HR,8628,no,no,desktop,Firefox,2025-02-27T14:47:49,341,"-7.679902,138.757699",English
7fff8b6e-dcb4-4c26-9a0a-a304d7fd4c3d,Nearly president challenge least place job the.,oliver.com,HR,6161,yes,no,mobile,Opera,2025-03-14T18:48:34,596,"-25.1616155,111.589443",Japanese
539dd1ff-b0e9-409c-8256-9637d38b9724,Control lose room them place interest paper.,green-jones.com,Marketing,8887,no,no,mobile,Safari,2025-03-02T03:38:09,106,"-39.1455645,67.913906",French
9f8379b7-891d-4ee0-b7e7-f5b4f056c5e3,Play bill why campaign simple.,williams.org,HR,6672,no,yes,desktop,Firefox,2025-01-26T02:38:56,119,"45.010014,48.064072",Spanish
71ce3930-4d58-47c8-9308-9841c1404eec,Need read affect fine water economic.,little.net,Sales,5794,no,yes,mobile,Opera,2025-01-30T16:20:43,45,"-70.035652,-138.438370",Spanish
a0f07945-68c9-40c2-9338-5a278a3c6f4d,Summer Democrat he military.,rivera-petty.net,HR,6086,yes,yes,mobile,Edge,2025-03-27T23:59:06,232,"-13.295434,-107.406403",German
92606c0f-fd69-4259-8fca-f8d2e56ee839,Style use law spring.,ruiz.info,Operations,5372,yes,yes,mobile,Firefox,2025-03-22T22:06:47,102,"32.1881805,71.962632",Spanish
83253ff9-9f9d-4d68-beaf-40276864bfe5,Either ask cup test girl Mrs.,walker.com,Operations,4100,yes,yes,desktop,Safari,2025-01-26T10:59:01,593,"-86.519050,-84.647486",French
ccde2ff7-4988-4921-aec8-aef28632c964,During measure way artist staff skin determine.,petersen.biz,Operations,7365,no,no,mobile,Opera,2025-03-05T11:51:49,281,"-44.2575835,-87.285590",German
4b5e2aa9-cdd9-40c4-aa04-e564ffd81570,Girl suggest great beyond list animal factor.,curry.com,IT,2464,no,no,mobile,Safari,2025-03-01T09:53:46,591,"49.945701,-127.934037",Chinese
23f06246-d06e-40f3-8a6d-77acd4b6b56f,Fast end raise participant three development capital.,snyder.com,IT,4504,no,no,desktop,Edge,2025-02-06T00:39:01,193,"33.821038,172.587878",German
29d23b07-94d3-40bc-90b3-e875f0a847f1,Pick second subject difficult else war claim.,morgan.info,HR,1625,no,no,mobile,Firefox,2025-03-08T21:47:41,71,"86.675103,-128.367885",French
4caed06a-b61b-43fe-af03-86c9106b4846,Maybe grow conference develop.,fernandez-howard.info,Finance,1791,no,no,desktop,Opera,2025-01-24T04:37:51,419,"-32.402467,12.801854",Japanese
0eae6ce5-e145-4395-8ea7-ad5a9f56fe61,Institution fish central manage.,lopez-padilla.org,Operations,8672,no,no,mobile,Edge,2025-01-14T02:21:20,82,"64.5126175,38.678712",Japanese
b84d339a-caf5-49b0-a948-4c5d340296e8,Traditional or Mr part expect little.,morris-solis.net,Finance,9921,yes,no,mobile,Opera,2025-02-06T03:27:56,489,"23.860094,156.580618",German
fbaf4abe-b673-4a79-ae93-b1174015b1db,Character around act interview.,davis-hebert.com,IT,4359,no,no,desktop,Chrome,2025-01-19T12:22:19,513,"87.373583,-168.685485",Spanish
11339f39-4e6f-45f6-9766-4b24b7f609a8,Perform easy buy those.,harvey-hall.net,Marketing,4648,yes,no,desktop,Edge,2025-03-18T15:25:15,331,"-70.0855965,-24.409193",Japanese
49a54f9e-5779-4201-be44-20352a7343d1,Help watch understand spring also onto different community.,williams.biz,Operations,1069,no,no,mobile,Chrome,2025-02-08T04:54:28,479,"-9.485326,-174.285720",English
3914ef03-ec86-41dc-a25e-d6748caf34b1,Young ten difference.,scott.biz,Operations,2437,yes,yes,desktop,Firefox,2025-02-20T04:00:48,12,"80.785826,113.895910",French
971ce50e-ab67-4916-8ced-8959ccfa8a37,Dinner matter floor sound.,steele-reyes.com,HR,2475,yes,yes,mobile,Edge,2025-03-28T03:59:59,159,"35.241245,-158.626905",English
1b042b43-3e37-461b-9c28-202ad7c4b7ee,Even run within cost pay from usually.,solomon.net,Operations,2658,no,no,mobile,Safari,2025-02-27T22:59:01,27,"28.325612,11.479999",Chinese
7f81cbf0-4b32-41e7-b8dd-e73e8f473679,Region present firm environment report explain.,wilson.com,Operations,1949,yes,yes,mobile,Edge,2025-01-03T22:52:31,367,"29.776200,-37.573585",Chinese
1b14e470-ca82-4d8b-8ed4-0babe82c1531,Property trial military son speech relationship.,anderson-charles.net,Finance,3197,yes,yes,desktop,Safari,2025-03-10T07:44:45,418,"-25.6883925,91.677942",German
6aedce02-aade-4664-b2ce-48866f4259fc,Expert who sure ok.,hurst.net,Sales,6633,no,no,mobile,Chrome,2025-01-13T13:52:27,82,"-28.456528,-105.531200",French
797f2f35-fdae-4a48-a3b4-5bf79ef1da13,Ten expect future small.,ortiz.com,IT,5439,yes,yes,mobile,Safari,2025-01-08T12:17:28,501,"-44.1868525,76.722159",Chinese
73c9f539-683c-454a-bc56-b68af96d8ab2,Traditional onto concern trade.,west.com,HR,1160,no,yes,mobile,Opera,2025-02-01T18:05:47,200,"80.1861705,-106.335609",German
bf8ed3c4-9271-4ac7-9206-23be72c94b27,Wrong walk month role power physical.,meyer.info,Marketing,3341,yes,yes,desktop,Firefox,2025-02-04T19:13:25,386,"27.570338,-132.271834",German
85f55d9e-2195-4a80-8cba-4224a0d92862,Maintain everybody so miss follow minute hospital.,robinson.com,Operations,3844,yes,yes,mobile,Firefox,2025-03-22T08:43:19,534,"4.695582,-147.389715",Chinese
59944c8b-8635-42dc-94a5-63f238733585,Action enter share whole treatment expert environment.,lopez.com,IT,6707,yes,no,desktop,Edge,2025-01-12T06:48:58,268,"-39.783710,-51.712904",Spanish
9f2c78b0-7037-4122-86bf-2ba4ff207448,Role different just another land red.,hernandez.com,Marketing,5609,no,no,desktop,Firefox,2025-01-30T02:46:34,313,"37.8312805,172.771717",Japanese
ac941e9e-f3bb-40f3-8765-3d4c614f08d5,Catch occur would year like.,munoz.com,HR,6257,yes,yes,mobile,Edge,2025-02-14T23:35:19,481,"-16.6232145,-50.234761",Spanish
676f65fa-a433-4376-89b9-857fe57fb9f3,Ago hotel you not act many more.,lucero.com,Marketing,9245,no,yes,mobile,Safari,2025-02-28T12:15:16,16,"2.6614095,-170.166576",Spanish
ac90ba63-ca8e-4066-bd08-4ea678195523,History among water face case minute site.,coleman.info,IT,7079,yes,no,desktop,Safari,2025-03-28T12:35:50,191,"50.229491,-74.603577",French
ad22298a-666f-4ce7-8cb8-d2c41d5d64bf,Popular establish here administration.,huerta.com,Marketing,6436,yes,yes,mobile,Firefox,2025-01-19T01:59:07,464,"-18.3666965,94.317064",French
f4b55ba8-bca7-4199-b50d-f27bfc008a13,So either company above window above else ok.,pearson-rodriguez.com,Sales,3360,no,no,mobile,Safari,2025-01-15T10:37:29,99,"39.672368,-130.886751",German
eb937540-9abd-4d45-9bd9-82ce598b016f,About training wind tough good college main down.,hampton-burnett.com,Operations,2099,no,yes,desktop,Edge,2025-02-18T12:00:24,545,"6.9297635,-113.729192",French
bd0b77cf-2850-4e45-99ca-3b9642fd7b09,Any watch others fine during for radio task.,salinas.com,Marketing,1587,no,yes,mobile,Opera,2025-01-26T19:06:02,592,"-26.7231065,-46.605569",French
218075d2-7856-4355-b5a0-2a7af6cf5f2a,Easy million too again born.,hawkins.com,Finance,1659,yes,yes,mobile,Opera,2025-01-02T23:42:20,105,"-87.9732055,146.246496",Spanish
ee2805d0-66bd-4c97-9125-ab4169e12396,Particular life end better.,baker.com,Operations,1068,no,no,mobile,Safari,2025-01-20T23:45:49,219,"20.119741,131.422745",German
f90ffda2-1051-4926-8ed6-548837fd3782,Travel who cold population able care participant.,rodriguez.com,Sales,6120,no,yes,desktop,Opera,2025-02-24T11:12:23,590,"-40.1088435,-161.010364",German
9c49356b-54ed-4bb4-9b78-7d26c0343636,Speak least nation apply appear.,small.com,IT,1850,yes,yes,desktop,Safari,2025-01-01T07:24:03,310,"-1.723011,-14.150813",Japanese
d03a09a5-1d00-40f5-9b3e-f487ece554a4,Bag soldier health measure commercial.,wilson.biz,Finance,6198,yes,no,mobile,Opera,2025-01-30T02:09:13,104,"67.741300,-143.664334",French
a4df4814-5eec-48b0-82af-5256d49c8aec,Experience data increase me office street.,kim-olsen.net,Operations,5449,yes,no,desktop,Opera,2025-03-31T10:53:00,58,"81.076476,-49.689457",French
1855b2e8-e2ce-4471-ab57-b18f07d1c33a,From address trial anyone.,savage.com,Sales,3987,no,yes,mobile,Firefox,2025-01-26T12:44:10,167,"-41.652899,-70.425402",German
19fa9fbc-072a-4fbe-8e73-78bf1fb9b8c4,Fill seek foreign with state information one.,watson-garcia.com,Marketing,2956,yes,yes,desktop,Safari,2025-02-19T13:58:38,490,"-27.878099,-13.067030",Chinese
7caca97d-86f1-4be0-a7c4-ca9544ec5b30,Law call central ability serious ground current.,perez.com,Sales,7348,no,yes,desktop,Opera,2025-03-14T17:50:18,185,"52.490741,66.858760",Chinese
3a842cd2-843a-42b4-b78a-f1393b1137e0,Lead become third site step while be choose.,marquez.com,Finance,6199,no,no,desktop,Chrome,2025-02-28T23:06:04,380,"23.695871,58.821341",Japanese
66843595-9bde-424d-bf8f-80ec9bd1d8e3,Similar side detail know attack Mrs human.,santos-owens.com,Operations,9081,yes,no,mobile,Chrome,2025-04-01T02:59:46,369,"51.412487,164.341775",Chinese
dd947651-9cc7-4ad4-84be-a58495fb80e8,Body practice task bring season star.,monroe.com,IT,2571,no,yes,desktop,Firefox,2025-01-01T11:37:43,421,"-30.952870,-67.741500",French
b50b15b3-c7e4-4881-91be-453fa76d9a46,Health bank she wish.,lee.net,IT,8608,yes,yes,mobile,Opera,2025-02-06T13:19:42,40,"21.791018,106.215556",English
950d8c2f-1ce8-428e-a917-85a0cb5a9c1d,Some understand yet beat idea specific how each.,tran.com,Marketing,4120,no,no,desktop,Safari,2025-03-16T10:19:20,131,"32.1148745,113.553942",German
80abf2bd-e47f-428a-b4b9-57d276328427,Argue summer provide herself line.,kelley.info,Operations,6536,no,no,mobile,Safari,2025-03-11T15:36:15,33,"-60.899218,-90.690105",Spanish
92a2267f-9f36-4e0e-810e-3a3bd7bf528c,Right else own ten fill whom.,williams.com,Finance,4037,yes,no,desktop,Edge,2025-03-04T01:16:00,575,"-41.682317,-178.683231",English
52cf2857-8c36-41ef-8366-0b0ec7d7aed8,First fact most son price use animal career.,fitzpatrick-palmer.net,Sales,8844,no,yes,mobile,Edge,2025-01-16T03:32:00,112,"60.7395065,92.652319",Spanish
e6a52750-c249-4cdf-b326-86ec244e40ac,Wonder above my green.,davis.org,Finance,7455,yes,no,mobile,Chrome,2025-02-14T16:34:48,254,"73.1952825,43.227556",German
6f8346cf-25e4-4849-95cd-bad826d4a0f2,Do travel nothing various source.,mcdonald.net,Finance,2627,no,no,mobile,Opera,2025-02-02T23:53:26,508,"-20.9644755,-9.741091",Japanese
41143659-1b8e-42cd-aa49-efc2a5f07c64,Speech fly news road everything.,clayton-austin.com,IT,9297,yes,yes,mobile,Safari,2025-04-04T00:46:05,277,"65.774438,-8.098275",French
65894199-1bd2-4f56-b592-60bbab72d76d,Fish in result right turn.,rodriguez-diaz.com,Sales,8355,no,yes,mobile,Firefox,2025-03-26T18:22:02,326,"46.5456415,166.796616",Japanese
279f95b7-7a57-496b-918c-61d785487185,Give always seven paper door happen open.,wolfe.org,Finance,6366,yes,yes,desktop,Edge,2025-02-24T23:57:00,186,"-43.4129665,89.451419",French
2e92889e-f181-47d7-94a9-33f9c57ef112,Professional use he.,fields.com,Sales,4318,yes,no,mobile,Firefox,2025-02-18T19:57:12,318,"-15.1334005,-47.936357",French
3d6109c0-9d52-4a4e-9616-ae06bcae9e10,School nothing kind box protect can.,mitchell.com,HR,7182,yes,yes,mobile,Chrome,2025-02-04T06:55:32,274,"79.904940,-66.857070",Chinese
45d415f7-f06b-47c6-8c6b-07eabae1fca4,Main half laugh hair rather.,daniel-brown.com,Marketing,3744,yes,no,desktop,Opera,2025-02-14T11:13:19,480,"83.1522845,165.075867",Spanish
ab152703-bbc5-4f38-abc5-70f213365e27,This leg turn personal coach grow stand forward.,gaines.com,Sales,2816,no,yes,desktop,Edge,2025-02-09T10:14:54,131,"6.0802965,-176.267172",French
0963e9f1-1875-47d7-971f-59363f383998,Deal hotel this thus rise either.,johnson.org,Operations,5728,no,no,desktop,Firefox,2025-02-10T16:12:40,305,"62.747648,84.832600",German
8eca5926-26aa-4e19-a3f5-069e8459e38b,Charge light rich investment simple great wall risk.,brady.com,Sales,9672,yes,no,desktop,Chrome,2025-02-22T19:49:54,413,"-14.6919385,-32.539896",English
8e7b9dfd-12c7-43b1-9d6a-208211275a6f,Bar me hundred.,mcguire.info,Operations,7467,yes,no,mobile,Safari,2025-02-18T09:11:22,530,"75.1980785,170.266668",English
fb338e84-dd78-4b3b-b063-4b2873aba12e,Design economy like American wait.,garcia.info,Operations,5596,no,yes,mobile,Opera,2025-02-10T16:34:42,334,"1.114814,-111.507366",English
8199db13-5063-4f9d-a635-fc9eb8efe1b8,Truth concern trial her hope night.,herring.net,Marketing,5172,yes,no,mobile,Firefox,2025-03-25T15:42:23,100,"-62.1271485,78.038489",English
c2eaa530-d9dc-4066-b61f-af5229ece103,Whether food black.,kramer.com,Finance,4110,no,no,desktop,Firefox,2025-01-16T15:57:04,249,"0.7612955,-137.779488",Chinese
7cf3c124-1e32-47ec-94f4-2691bbbb6c7f,When against none of view letter onto.,fields-cole.com,Marketing,6993,no,yes,desktop,Opera,2025-01-21T22:10:19,10,"39.0819235,-106.132494",Chinese
3de84665-c8b1-4c44-a909-08bce886df3e,Turn hear serious wife.,mcdaniel-cain.net,Sales,1467,yes,yes,mobile,Firefox,2025-03-22T17:15:41,255,"56.735938,-164.394415",English
98b2efe3-3f70-4c87-81a2-3e3b9503662a,Agree set anyone show though voice heart.,ryan-stevens.com,Marketing,9930,yes,no,desktop,Safari,2025-03-03T12:30:27,23,"61.4775545,64.747882",English
00b7e1a8-6a7a-467e-b511-13a5acc6756e,Significant key federal or fill point provide.,williams.com,Finance,8341,no,no,desktop,Opera,2025-04-04T03:25:29,339,"-76.626372,-152.862681",Chinese
8375aa8b-994f-4e7e-96b3-87aaa509665f,Significant sense need partner gun me.,wong.com,Marketing,6657,yes,no,mobile,Firefox,2025-03-23T01:51:03,139,"24.5014505,48.598919",Japanese
749c1262-895e-42ad-b91c-f19a575d1a44,Professional color trip available physical.,alvarez-keller.info,Operations,2077,yes,yes,desktop,Edge,2025-03-10T16:47:08,104,"22.616643,-146.864163",Japanese
b22428d7-d671-4fce-827d-a0026d5b5fbe,Buy however green high upon apply.,obrien-wells.com,HR,8635,no,yes,desktop,Opera,2025-02-19T22:45:53,43,"-35.3156285,179.321055",Spanish
cc2a4a1e-2c43-4e0a-843b-16d1fec6b8b0,Treat hundred much serious keep.,hall.org,IT,7204,yes,yes,mobile,Opera,2025-03-17T14:00:12,515,"-10.903483,90.425986",German
8e875682-5bf1-4725-8345-2d05664eb951,Leg government radio street treat house.,spence-anderson.com,HR,3887,yes,yes,mobile,Opera,2025-01-25T14:58:39,566,"-83.128999,39.969835",English
876e7a23-0f44-43a3-bc81-f06f53f4b531,Bill drop air scene.,blanchard.com,Operations,8767,no,no,desktop,Firefox,2025-02-06T03:50:57,438,"-22.2750255,-166.341394",Japanese
004995fa-6a76-44ab-8855-fe5ea3802c2d,Late rate office purpose perform onto throw trip.,collier.org,Marketing,1639,yes,no,mobile,Firefox,2025-03-07T19:28:45,46,"-57.4716075,141.216685",Japanese
4b13f36c-93ff-4d6a-afdb-3fdd99f8fb36,Ok training eat summer.,cunningham.info,Operations,6162,yes,yes,desktop,Chrome,2025-01-20T09:06:07,426,"79.7078225,-129.610842",French
f402652e-1701-4840-9b18-e771eede0b86,Everything investment at.,lopez.com,Sales,6642,no,yes,desktop,Firefox,2025-03-26T07:12:25,69,"-77.826256,-110.622508",English
b7466f60-f5cb-499b-b70b-55fea68d9ae4,Begin not over effort case.,avila.com,HR,5576,yes,yes,desktop,Firefox,2025-03-26T18:26:34,374,"47.762528,-75.046050",French
07d5fea2-d515-4f3a-8bb3-03bbf44fd054,Foot space baby later member end bank.,marsh.com,Finance,3950,yes,yes,mobile,Safari,2025-02-02T17:21:15,369,"-43.325980,-36.456110",French
f7cb2dd8-c351-4d07-8ca0-ca7d478b4349,Wear subject know occur.,hoffman-west.net,Operations,1960,yes,yes,desktop,Chrome,2025-02-06T06:23:54,190,"87.3228405,-116.374011",Chinese
4e1c730f-b7d8-458f-8e5d-b2f3a2faad7b,Growth attorney age future audience experience.,diaz-reeves.com,Operations,9994,no,no,mobile,Firefox,2025-01-09T09:34:16,42,"-37.045243,55.744977",Japanese
4df6f81a-09a6-46bf-b267-2732eaf0990f,Marriage hit imagine likely meet skin.,paul-combs.com,HR,6171,yes,no,mobile,Firefox,2025-02-17T17:07:17,240,"81.291550,81.955778",Japanese
20be6254-815f-450a-93ea-d7dc201ce5d1,Nature right get.,jenkins.com,Sales,9751,no,yes,mobile,Firefox,2025-01-23T07:04:32,544,"38.718503,-64.720345",English
cea1450e-2e1c-4711-a06c-d0921798c6a3,Sort than close tell machine.,ellis-garner.com,HR,2746,no,no,desktop,Edge,2025-01-28T23:48:06,150,"77.5866115,-133.838928",Japanese
bd5140fd-3e46-4440-ad40-a110ecf41f4d,Thing team them direction.,martinez.com,Sales,2208,no,yes,desktop,Firefox,2025-02-16T12:47:51,546,"9.8240715,-141.039704",German
eb677921-7908-4cf8-bc30-b43eca4fc11b,Turn data on address evening moment.,blackwell.info,Finance,7248,no,yes,desktop,Chrome,2025-02-16T13:18:07,141,"8.946210,40.092289",French
ec2ebe6d-7083-4889-9173-1074a4a6e1d1,My strong although price consumer prevent.,maynard.com,Sales,1354,no,no,mobile,Opera,2025-02-26T20:09:27,79,"72.170715,-24.108766",French
49f41818-57b1-4451-8c83-1605fd450958,Sign rate history writer notice.,mathis.com,Operations,8008,yes,no,desktop,Safari,2025-01-04T05:51:34,432,"-60.6037405,108.090488",French
a600ee4c-170e-41f5-82bf-45fbb8d46af5,Various present news area production certainly.,flynn-wise.com,HR,4790,no,yes,mobile,Firefox,2025-03-16T00:31:23,392,"86.9637595,-144.395032",English
702c32ae-dc9f-48ee-a1d4-c7616bcb4a57,Understand best too usually.,patton-brooks.com,Operations,1388,yes,no,mobile,Safari,2025-02-10T00:09:56,226,"-88.5596235,-86.625963",French
10c343f4-f36a-4d42-b55a-8ea143a90c61,Rise onto hand feeling stop relate.,gross-brown.com,Sales,4652,no,no,desktop,Chrome,2025-01-02T18:49:08,135,"42.597276,-171.538614",French
f629d586-2eac-447c-b8fc-daf958f795d3,Rise care quite old.,moore-peterson.org,Operations,852,no,no,mobile,Chrome,2025-02-24T17:11:50,302,"-88.893160,120.632296",English
8d60e460-9030-4ffc-b315-d3763421b9b6,Follow nation charge family attack world.,graham-lewis.com,HR,3148,no,yes,mobile,Opera,2025-03-02T03:35:07,522,"-0.9910735,65.421326",Spanish
dc0ac1f0-cbb6-4bc4-83f8-3b9213e748f3,Thought team director word.,thomas.com,IT,3966,no,yes,desktop,Safari,2025-01-16T22:00:36,53,"-66.250789,-152.107037",English
7f516841-406b-44f7-8b29-d1fa706f8cab,Address author heart painting.,kemp.info,Finance,8998,yes,no,mobile,Chrome,2025-01-06T02:24:59,71,"-12.951093,-9.625400",Chinese
2442f644-6152-46d9-99d1-e5852977088a,Machine respond discuss enough rather specific.,powell.info,IT,4172,no,no,desktop,Opera,2025-03-17T06:49:02,488,"-76.882969,-170.405830",Japanese
0150bf56-f7ab-451b-8bc5-0c08421c3d66,Lawyer old medical guy think ball.,harris-grimes.biz,Marketing,7264,yes,no,mobile,Opera,2025-03-10T16:33:47,460,"88.578175,105.318174",Chinese
e83c287d-de76-45b7-bc71-802d217eb586,Old bag behind dream phone very.,smith.info,IT,7773,no,yes,desktop,Firefox,2025-01-12T14:55:18,433,"81.4738415,-23.094541",Spanish
854556a8-226f-4ab5-9e46-60b2d5d5bcd3,Late according high see her drive must.,sparks-christensen.biz,Finance,3912,no,no,mobile,Firefox,2025-03-11T07:14:24,17,"45.975141,-170.265451",Japanese
636710fd-c480-4bb9-8a7c-7c19df35a2e7,Difference now avoid cup outside letter.,weaver.com,Operations,3266,no,yes,mobile,Firefox,2025-02-04T07:19:10,470,"-59.815282,-150.838464",Spanish
2f2a62f5-ef81-4168-b2a6-53f8bf914c7d,Industry single produce machine very.,jacobs.org,Finance,8741,no,no,desktop,Edge,2025-02-09T18:38:21,574,"28.752264,44.482393",German
79a49fd9-92aa-45c9-8c12-66b2ee7c65a2,Occur exactly whatever media operation once.,schwartz.com,Finance,6148,yes,no,desktop,Safari,2025-02-05T10:01:33,163,"14.270378,145.256440",German
33c1a991-1887-43b0-89d0-c2b554456e84,Area and employee whom inside nice care.,benson.com,Sales,1150,no,yes,mobile,Firefox,2025-01-14T04:30:10,595,"79.589781,77.835428",English
060404af-4494-4ad8-854f-8b77e01bcb42,None bar start develop peace officer stock.,smith.com,Operations,4947,yes,no,mobile,Firefox,2025-03-03T02:41:22,334,"89.073155,-53.607745",German
4b90e0c4-7b48-4578-acfb-5f394f3b002f,Hope role item option consider magazine data.,diaz.info,Operations,3156,yes,no,desktop,Firefox,2025-02-07T12:39:16,180,"84.0120865,-177.850748",German
eec0ff1a-6203-4919-9621-22e9605032fe,Set last walk health.,austin.com,Marketing,1146,no,yes,mobile,Edge,2025-03-11T00:53:42,564,"40.971321,149.388104",Japanese
38d44a63-ac3c-4e70-995d-a74ac594d8cf,His expert none leg.,williams-coleman.net,Finance,1601,no,no,mobile,Firefox,2025-01-30T03:57:26,143,"-21.447061,-98.900402",Spanish
a150c0ac-292b-4728-a62d-3421852c8cc6,Feeling market able she per leg task rise.,jones.com,Sales,608,no,yes,desktop,Chrome,2025-01-21T15:50:52,511,"81.2797025,-82.668539",Spanish
fe3c8fd7-5921-4e01-b7a9-612e7daa6d64,Wrong establish create cup compare probably bring.,scott-wilson.biz,Finance,2964,yes,yes,desktop,Chrome,2025-02-19T22:03:19,334,"-3.5762955,136.486673",Spanish
bbed5d91-edc9-4c34-b3b1-97feacccfd79,Assume home lawyer consumer year a study.,mcfarland.com,Marketing,794,no,yes,desktop,Safari,2025-01-28T12:19:54,238,"-79.6780825,-156.773694",French
10a123f3-7450-4267-97a9-d08b32b62215,Themselves until your recent.,montoya.info,Operations,9805,yes,no,mobile,Firefox,2025-03-10T08:59:55,279,"24.121089,-72.691394",English
824dcd17-46eb-45db-a152-a91f7f564753,Girl already everybody break trip evening never bit.,sutton.com,IT,7357,yes,yes,desktop,Firefox,2025-01-09T03:51:59,165,"-50.879887,-96.216720",English
5806904f-2316-49f8-a816-e375b34adb1a,Wind officer art.,torres.com,Marketing,5185,yes,no,mobile,Opera,2025-03-10T17:25:14,548,"55.868939,37.921058",English
3b101d35-d93f-4c54-ac64-e0afb54aa1b9,Price east option.,cummings.com,Finance,8027,no,no,mobile,Chrome,2025-01-18T22:21:37,299,"75.224843,-114.297310",Chinese
3ebaa9ed-93dc-49d0-8142-182afff24f2c,Real near single oil determine cold area.,parker.com,IT,4152,yes,no,desktop,Firefox,2025-02-05T19:58:39,447,"-72.1332635,39.071980",English
abc31822-80d8-4683-9c15-c740dfc6dd1f,Heart money west success.,york-lamb.net,Marketing,1710,yes,yes,mobile,Edge,2025-03-23T17:05:45,77,"37.0139245,-128.128479",French
3137c2bb-b1f1-4bd7-8015-54c545207718,May relate statement represent trade board data form.,tucker.org,Finance,4697,yes,yes,desktop,Chrome,2025-02-10T20:46:38,316,"-68.7198825,100.709030",English
67008699-9181-4cd8-bc7f-4566c3a88667,Know effort development walk father guess fish.,silva.com,Sales,2941,no,yes,desktop,Opera,2025-02-03T21:24:02,73,"78.4078475,-97.896312",German
b65b64a7-15d0-438a-bde0-4e32f2c7df67,Unit want face.,ramirez.org,HR,3714,no,yes,mobile,Opera,2025-04-03T00:33:05,14,"59.1486395,146.331665",German
c6210a6b-f0cc-4aa8-ae1f-78e7dc01613e,Series remember vote may.,hartman-johnson.biz,Marketing,8273,no,no,desktop,Edge,2025-03-06T18:24:04,108,"8.5885295,77.947754",Japanese
5a1a7797-7733-4b8c-8eed-f042d139c396,Agreement short sometimes physical police example certainly.,hanna-wilkins.com,Marketing,7475,yes,yes,desktop,Opera,2025-02-21T18:47:47,536,"29.010750,-40.409811",German
dd5307e4-0e94-42d9-b05e-55828b6f4023,Describe but arm gas hard south fine.,morales.com,Marketing,5561,no,yes,desktop,Firefox,2025-02-09T15:53:47,214,"-24.6744125,27.050434",Spanish
e612a39f-e9a0-4f6e-8f8a-16a738e42f6c,Look piece eat front though.,ho-wilson.com,Sales,9062,yes,yes,mobile,Chrome,2025-01-20T21:20:10,106,"18.0799605,4.375843",Chinese
24fb737c-1e4c-4489-a14f-068b748fa1b7,Arm somebody would leg doctor company.,jacobson.info,Operations,8147,yes,no,desktop,Opera,2025-01-05T08:50:00,24,"-47.5300595,62.513989",Chinese
ab5150d4-3eab-42c4-b0a1-9c83d25ded67,Ten almost indeed would debate.,johnson.com,Finance,7490,no,no,desktop,Firefox,2025-03-30T17:53:48,518,"33.767131,-2.211461",Japanese
9d00bcde-269d-4388-bb3a-77bd1a44fcc2,Believe open yet cup.,lawrence.com,Sales,7750,no,yes,mobile,Opera,2025-03-24T16:47:17,442,"29.1694265,32.516154",Spanish
bfe782fc-7807-4179-af5a-ba7c871cfd1c,Toward learn policy.,buck.biz,Operations,7533,no,yes,mobile,Firefox,2025-01-05T17:01:36,220,"-40.693381,100.914158",English
14cfad4f-c893-4795-845e-76a4f9b87dce,While tend very evening sort hard.,phillips.com,Finance,1631,no,yes,mobile,Chrome,2025-01-14T15:18:52,251,"44.5262105,-109.212246",Chinese
7f557bf3-494f-4a8b-976b-ed952e36603b,Green score increase much star.,joseph.com,HR,7912,no,no,mobile,Opera,2025-01-14T06:18:19,405,"-60.049535,128.153056",Chinese
bbcf4216-9a0a-42db-8144-ec3befaef243,Easy big should everybody order star sound.,diaz.com,HR,1484,yes,no,mobile,Chrome,2025-02-17T19:59:11,258,"-20.7004445,-82.837034",French
a59be67e-992c-4e0a-a047-0c1fa1a7d12c,Cold camera leader woman interview.,jackson.com,HR,6436,yes,no,mobile,Firefox,2025-03-25T18:27:45,367,"43.9382785,11.287701",French
771374d0-a4a7-4b9d-8183-e9b252a6e313,Eat technology run in final serious where student.,gill.net,Operations,3016,no,no,mobile,Chrome,2025-01-19T11:18:11,269,"-82.595906,-168.743901",English
def07b3d-a09d-4a4f-88ed-b110065313fd,Century agency bank apply political treatment along.,greene-horn.biz,IT,9690,yes,yes,desktop,Firefox,2025-03-11T10:40:30,529,"18.096820,82.307986",English
388164ea-e44b-45ef-8c8e-ff53824fdd61,Read prevent probably state top church.,bowman.com,Finance,2478,yes,no,desktop,Opera,2025-01-18T13:39:21,11,"18.0477815,44.736420",French
0936f411-f27a-45f3-93e4-20cc33e34a59,Dream official fish need method send small fight.,brown-baker.com,Operations,4852,no,no,desktop,Chrome,2025-01-11T23:19:59,153,"-84.9032585,-138.509472",Japanese
26a3d2e5-4aba-4797-ae2f-66d531a5aae9,Religious hit hot certainly.,simpson.com,Sales,4059,yes,yes,mobile,Safari,2025-01-05T11:30:46,98,"-58.668197,-41.021008",Japanese
604719e8-94c4-48be-bba4-5e9f6ffaaa9e,Drop idea plant.,silva-weaver.net,Operations,4155,yes,no,desktop,Firefox,2025-01-04T10:53:54,481,"23.787218,-33.423017",English
16a2897d-364b-4a80-84b1-4912308e76ae,Stage prevent society court always think.,chaney.com,Marketing,9408,no,yes,mobile,Chrome,2025-02-17T07:52:34,375,"-18.832961,168.776276",German
a3bd68ff-209f-456c-a217-e96e92bb2534,Order eight me program.,kennedy.info,Operations,2816,no,no,desktop,Firefox,2025-01-06T12:51:21,22,"-21.433731,-55.929472",Japanese
20fb7102-903d-4234-99ec-d98c920fed1f,By above general room break specific.,little.com,Sales,6913,no,no,desktop,Firefox,2025-01-19T13:32:42,28,"-77.2463655,-6.556637",German
56152beb-be42-4a7a-9762-39ad36ef125f,Themselves town various book although.,romero.org,Operations,2340,yes,no,desktop,Edge,2025-02-21T21:03:00,179,"-64.3040535,164.684625",Japanese
9e3b72cc-69cd-400e-bf69-24f1391d1ffe,Long world cell beautiful.,franklin.com,Finance,2132,yes,no,mobile,Firefox,2025-03-18T08:54:09,573,"-1.777138,8.081582",Chinese
5cc21279-ea98-4164-a6c1-f11d0f3ca20a,Administration prove after effect.,shah.com,HR,807,yes,no,desktop,Firefox,2025-01-28T23:03:47,28,"7.5120995,20.241628",German
a81194ce-2853-4a94-86dc-ea44a63bfcc5,Figure trouble require.,wood.org,Operations,3058,no,yes,mobile,Chrome,2025-03-27T20:38:41,568,"33.6050495,-67.600616",Japanese
5f83ce8f-ca97-412d-b797-3329f60dec2b,Make environmental amount eye space thing job specific.,grant.com,Finance,8957,yes,no,mobile,Safari,2025-03-02T02:11:17,33,"70.656027,152.540576",Japanese
c8dd7bb5-e1ac-4b3a-9533-d9a63db1110e,It find officer Mr admit.,thompson-meyers.com,Sales,3958,yes,no,mobile,Firefox,2025-01-12T12:47:44,259,"-46.421546,-174.602442",German
08b8dc49-99b3-4fea-8f9a-ab8f20926bfa,Town soon avoid dog raise drug.,marquez.com,HR,7184,yes,yes,mobile,Edge,2025-03-24T08:42:11,70,"66.3783195,-105.465121",English
2fc0ca73-8503-4329-86f0-a0313f695792,Hundred entire top capital.,smith.com,Operations,5623,yes,no,mobile,Firefox,2025-01-09T15:07:54,547,"-52.051295,93.055642",French
7aa1bdea-f9fa-4812-be68-437ecc0aa59f,You edge personal return save garden form.,stewart.info,Sales,3563,no,yes,mobile,Opera,2025-03-14T05:50:15,487,"24.014613,-39.418541",German
8390ca28-b2d6-4437-ab17-abca2f2848dd,Anyone herself contain specific left purpose.,mccall.info,Marketing,7455,no,no,mobile,Edge,2025-01-16T06:47:34,168,"-86.8172535,-11.984302",Chinese
22e2984b-1215-4255-82de-a76b60ea3a2c,Baby city close meeting with.,johnson.com,HR,1553,no,yes,mobile,Firefox,2025-02-22T03:24:11,487,"-0.809664,88.474043",German
6a485baa-03ca-4b8a-9391-7f9368a2e840,Change form style him spring.,long-wagner.biz,Sales,7470,yes,yes,desktop,Edge,2025-03-24T11:13:37,329,"60.1049685,147.717352",French
8bfbd4d0-ce46-421e-8d7c-3bd9cebaafdc,Measure either suffer behind name rather.,scott-young.org,IT,3385,no,no,desktop,Chrome,2025-03-15T15:03:51,14,"75.0624845,128.364870",French
ea4dbaaf-1633-44a3-84a5-30f5e67e0cb2,Manage fund month instead culture picture city.,clark-howell.org,Marketing,4507,yes,no,mobile,Chrome,2025-03-25T22:37:54,90,"-60.7838935,-49.552081",Chinese
a39b770d-2c73-4101-8f4e-fc779bc5f20d,Nearly his I need value fall.,villanueva.com,Sales,3162,yes,no,desktop,Opera,2025-02-15T07:27:22,52,"18.0131455,-21.483634",Japanese
44cb0f95-7c20-4023-80b4-dbc772d07ad5,Training card hear mouth daughter.,garner.com,Operations,1931,no,yes,desktop,Edge,2025-03-03T04:49:38,305,"-89.0116475,-138.518635",English
8bc83451-a537-40b5-a895-f5281e6c449e,Stay white system husband degree with person.,cooper-ross.com,HR,2818,yes,no,desktop,Safari,2025-01-27T13:53:28,482,"35.589721,-104.053642",German
0e771985-c60f-4002-b868-d503b1fad433,Great law test wind.,vasquez.biz,IT,5809,no,yes,mobile,Safari,2025-03-08T07:40:11,159,"52.0094945,-138.907028",Japanese
f34aecf0-75dd-4098-b943-f9a3c9d84bca,From tend significant need score.,cohen-yoder.com,Finance,2061,yes,no,desktop,Safari,2025-02-26T18:17:56,461,"70.326663,1.916497",English
f6edfc81-4ef5-4286-b2cd-4056ad1b276a,Agency despite food age.,flores-moody.com,HR,3363,no,yes,mobile,Firefox,2025-01-13T20:38:20,251,"10.140198,-168.677259",English
382ffd51-f05d-4925-a34b-0de895387533,Get describe dark.,mays.net,Operations,3314,yes,no,mobile,Chrome,2025-03-22T19:02:17,141,"-85.7970305,134.625715",Japanese
0328791d-bb28-46ad-b31d-0053676589ae,Support sing parent serious together.,morgan.info,Sales,9899,no,no,mobile,Edge,2025-02-06T08:55:31,161,"-36.5776295,-109.164062",Japanese
939c85a7-005d-4335-ace8-a04483415c3a,Step always option condition send nation improve pull.,frazier.net,Sales,1238,yes,no,desktop,Firefox,2025-03-18T05:35:02,336,"-56.818342,11.828106",German
022ad784-9520-457b-aef2-e4e507b613a1,Be treatment serve report enjoy.,jackson-gomez.info,Sales,4700,no,yes,desktop,Firefox,2025-01-12T02:34:45,276,"29.166322,63.690498",French
2070f113-3cbf-4f0b-86dd-09366b279bb0,Collection no open economic.,owens-fox.org,Operations,1692,yes,yes,desktop,Edge,2025-02-26T04:54:29,491,"0.374880,81.266638",Spanish
c1352a87-7a6b-479e-a731-2fba3d6dac77,Wide door reality real forget.,carr.com,Operations,5929,yes,no,desktop,Safari,2025-03-30T14:21:17,231,"26.3739655,-26.195038",French
e74fc41f-6dfa-4255-ac13-a847adf9c33d,Involve various partner glass.,jordan.com,Finance,9019,yes,no,mobile,Firefox,2025-03-31T09:36:40,488,"-50.1140945,-25.318886",Spanish
e98276d9-c65e-40cc-a15f-ff74c63b1f7b,All hospital analysis she city include single make.,garcia.net,Operations,7063,yes,no,mobile,Firefox,2025-01-28T12:16:23,514,"24.958084,165.465929",French
ffb1e30c-e680-43f9-bb34-43cfb267e90d,Watch yet thus join.,blankenship-matthews.info,Operations,3756,no,yes,desktop,Safari,2025-03-28T19:50:34,22,"8.571778,-91.535047",Chinese
0732d737-53ca-4c93-a207-b2a5787b89c7,Line tell become.,ayers.com,Operations,5630,yes,no,desktop,Opera,2025-03-11T20:19:31,397,"-27.4950105,-36.960517",Spanish
305a27a0-31e5-4da3-bc0c-85f1f12ceed7,Animal else few.,johnson-dickson.com,Sales,8592,yes,yes,desktop,Chrome,2025-01-21T09:54:34,47,"-22.148995,-88.512742",English
4877375d-9686-49c6-9395-47b356411524,Challenge low statement food couple anyone interesting day.,burton.net,HR,4702,no,yes,mobile,Opera,2025-03-15T02:05:34,276,"-30.2550335,-78.104932",German
5486263d-5abb-4a5d-86e5-6d5dd086d8f6,Late change environment organization unit work.,king-miller.com,Finance,2208,no,no,mobile,Opera,2025-03-31T23:43:35,278,"-24.399161,62.572495",Japanese
34d0865d-ee5f-4e17-8f70-d5dbf7c82033,Dinner yes we cause administration decade.,carter-white.com,HR,2551,yes,no,mobile,Firefox,2025-03-28T03:48:33,478,"-11.049947,-52.324516",French
aab306d0-9e4d-45e4-8326-dbed86660100,We local world note travel official foreign.,winters-massey.com,Marketing,5112,yes,yes,mobile,Safari,2025-02-17T17:58:16,210,"26.491726,120.232406",French
4d29617d-a1c2-43ff-99c9-98d2fd6de1f3,Candidate chair series trouble wall answer.,huffman.biz,Finance,5882,yes,no,desktop,Safari,2025-03-13T07:25:24,174,"-75.9035035,-60.511729",German
36243f4f-2589-4639-ba35-965f82d00c3e,Organization avoid argue well.,greene-mata.org,Sales,7214,yes,no,desktop,Opera,2025-03-22T04:51:55,142,"-53.396673,122.144328",German
4ea38c80-77af-43f2-93ec-36e55f327a1b,Cup song beat question create.,thompson-robinson.com,Marketing,9744,yes,no,mobile,Firefox,2025-01-04T21:26:02,90,"-18.140345,-38.452754",English
f447f3db-2d4e-4535-8e2f-98936344e1ae,Question their young painting lawyer trade.,rosario.com,Operations,8727,no,yes,desktop,Opera,2025-03-09T23:32:37,559,"1.7491405,86.103635",Japanese
e7a96d4c-b88c-4769-8023-5387d8f80148,Audience hand trade much relate arrive throughout.,harris-meyer.info,Operations,3953,yes,no,mobile,Firefox,2025-01-28T11:41:09,96,"23.4190655,-141.458854",French
dd40b043-fc36-4f86-8cda-495ccb4bf854,Mind together natural reflect song also indeed usually.,rollins-fox.com,HR,8336,yes,no,desktop,Firefox,2025-02-02T14:59:39,469,"43.6821215,-131.336404",English
39d06103-cc1b-40d3-9b01-ccd2021378e9,Manage respond about degree able.,simon.com,Sales,2678,no,yes,desktop,Safari,2025-02-09T11:06:23,330,"-23.203313,-98.329499",German
921582da-18e8-486c-bc96-0ee93074e21f,Talk woman understand gas side offer.,tran.org,Sales,4041,yes,no,desktop,Opera,2025-03-20T14:47:56,196,"9.076837,-74.983211",French
cffb251a-4753-4387-b246-44ef777b2c58,Student when movement teach station.,kirk.com,Operations,6173,no,yes,mobile,Edge,2025-01-27T17:42:07,36,"-53.273113,-126.724735",German
ec9cd80a-e42d-49e7-9cfd-e67a4a41a494,Fight decade final chance approach eight season city.,johnson-monroe.org,HR,3386,no,no,desktop,Firefox,2025-03-17T17:44:27,467,"-20.591570,162.245390",German
8b29aca7-e389-4677-b363-ce7aef7ae199,Most bill third cover tough.,buck.com,Sales,7336,yes,no,mobile,Safari,2025-02-27T18:36:51,436,"-41.5732305,114.614467",French
10332b9e-67b2-4c3a-abac-5dd776ea3cb1,Decade manage traditional quite heavy then image.,morris.info,Operations,6773,no,no,mobile,Chrome,2025-01-13T00:35:39,235,"-52.4389285,-32.279431",Japanese
8d0b2bd8-2d95-4861-a272-8da808a67487,Reveal heavy national new rule that.,wilson-miller.com,Operations,4236,no,no,mobile,Chrome,2025-02-05T01:33:30,285,"18.437378,-8.881454",Japanese
3836f07b-068f-4872-8340-04f2a64861cf,Before person official.,dalton-vazquez.com,Sales,5327,no,no,mobile,Opera,2025-03-25T10:06:43,25,"49.1903915,-0.368341",English
0ab2d0ba-e463-43b2-87be-2c3a4851f688,Make message region very table if indeed.,booth-gonzalez.com,Marketing,2554,yes,no,desktop,Edge,2025-02-11T02:04:07,368,"-44.155780,33.041098",French
bf9a5cca-15d1-4805-9e6a-e61a0e763093,Room pattern son community entire become wife.,lambert.com,IT,976,yes,no,mobile,Opera,2025-02-25T09:41:28,76,"8.696004,-40.819825",Japanese
dfc03d79-fde9-4749-a600-e8a831f874be,So point mention.,mays-ford.info,HR,7545,yes,no,mobile,Edge,2025-04-01T11:38:37,160,"59.098566,-105.800176",French
a6f4cf06-f1d9-44fe-b2f8-c0fb33ce7d14,Under behind exist read clearly company deep.,scott-hart.com,Marketing,5644,no,no,desktop,Edge,2025-01-22T09:37:58,232,"17.9741905,-91.280964",French
3a14aaf4-0a13-4b89-9144-b6f5d1322c84,Anyone police call let effect man.,knapp.net,Finance,2912,yes,no,mobile,Opera,2025-03-02T23:37:23,177,"-75.898167,125.972774",English
afcbe6a5-b54b-4435-a807-e889dad1d6b3,Husband smile light nearly push.,stafford-becker.com,Marketing,3689,no,yes,desktop,Opera,2025-02-02T04:56:44,449,"-57.786721,59.077843",Spanish
66a9a76c-72c2-406c-b1c4-2e184a890efc,Friend bed concern use choice commercial.,rodriguez.com,Finance,3869,no,no,desktop,Firefox,2025-01-18T19:54:35,223,"-11.801442,-46.569298",French
6c0775bc-9b1e-4987-bae6-00eb90fbb21f,Travel style pay safe relate catch face.,brown-allen.com,Operations,2970,no,no,mobile,Safari,2025-01-12T04:29:16,512,"34.1945175,-151.401123",French
f70811ef-4dbd-4e0b-8467-c690c16d4770,Window result seven find movement onto enjoy state.,vasquez.com,Finance,8414,no,no,mobile,Chrome,2025-03-02T23:44:17,117,"71.1925595,-76.088956",Spanish
fd9ac989-187e-4da0-9e84-86aa041dac59,Across around after area economic.,woodard.com,HR,572,yes,yes,mobile,Edge,2025-02-21T12:44:51,194,"-49.229892,115.094113",Spanish
9288afd9-4eab-484f-b296-4c100557979f,Expect total item decade hair hand kind.,mitchell.com,Marketing,9614,yes,no,desktop,Firefox,2025-02-26T14:30:11,175,"-16.920041,-137.690916",Japanese
5fdcc54c-e136-455f-a32d-6fc16e5f3783,Air same family listen serve market.,armstrong.com,Marketing,4593,yes,no,mobile,Firefox,2025-03-17T14:37:37,20,"-12.1005415,-137.234389",Spanish
9b2dadff-33f0-4d7c-8d79-51b69d58daf4,Player night many consumer church mission hospital direction.,bird.info,Marketing,4418,no,yes,desktop,Chrome,2025-03-02T12:45:03,338,"50.7054455,86.450897",Japanese
675d5676-5303-46fb-8723-9114fa68ad5f,Popular you outside picture music build.,collins-hunter.biz,HR,1842,no,no,desktop,Firefox,2025-02-11T16:56:41,222,"22.1470025,69.150707",Spanish
40ef25a4-d4d5-44c2-b620-7038db45943c,Game age reach leader argue.,moore-huang.net,Operations,9319,yes,no,mobile,Edge,2025-03-10T21:11:40,253,"35.0238345,28.649283",Japanese
40677872-5dd6-4192-aa6a-b2b76110537a,Action economic three lose stock media return.,rodriguez.com,Sales,8930,no,no,mobile,Safari,2025-03-20T09:11:08,345,"69.1134595,-48.163088",English
7d1301b1-fd8f-4ace-a4a8-96345999a6b9,It actually contain issue rather ball.,white-anderson.com,Operations,704,no,yes,desktop,Edge,2025-02-02T13:27:12,270,"29.850744,77.464726",German
27bf5bd6-ea99-45d6-813c-7fb55c401e92,Source store station have care.,ward.biz,Marketing,3548,no,yes,mobile,Firefox,2025-03-06T23:34:47,77,"87.677973,153.919670",French
889be20e-c615-44c5-9374-3c7851cd349b,Pull individual somebody character.,anderson-hodge.com,Finance,4545,yes,no,mobile,Opera,2025-03-09T02:51:56,501,"-85.6965435,100.795499",French
286a2f32-09d8-4d98-b633-887bf42001fb,Wish speak hold quality myself.,jackson-brown.com,HR,9271,no,no,mobile,Opera,2025-03-06T04:35:10,365,"-47.787499,-120.656973",Japanese
23fc24d0-9150-41b3-8c79-73da9286321a,Where send bill generation always matter so without.,garcia.info,Marketing,4477,yes,no,desktop,Opera,2025-01-07T23:39:46,117,"9.894556,-55.258937",French
e395113f-f7da-438f-ad50-c15b4170b65c,Plan drug agreement major easy political meet.,duke.org,IT,2869,no,yes,desktop,Firefox,2025-01-22T18:29:28,426,"16.522497,-5.324987",French
0e967f8e-f248-4f8c-a888-59973ec2b5e6,Air four idea.,wells.com,HR,2607,yes,yes,desktop,Chrome,2025-02-06T23:51:07,521,"12.1367055,-62.484812",English
e8b46166-c8fe-4c7e-998b-39a106fbfe5a,Star story garden article music environmental.,young.net,Marketing,6559,yes,yes,mobile,Chrome,2025-02-08T05:57:50,133,"36.0724295,75.713562",German
1a14c253-3e00-4247-8acb-f38aec4fcee2,Baby television rock.,saunders.com,Sales,8204,yes,yes,desktop,Opera,2025-02-01T10:24:30,449,"48.106392,6.161580",German
a1acab86-7990-47ab-b5e4-7cbc3bfad64e,Once center least place.,alexander.com,Operations,9570,no,no,mobile,Chrome,2025-01-02T23:12:37,438,"11.674301,-55.598374",French
4e6bac20-4f60-4ddb-a06b-b6891f7c4857,Bad wish edge on home week work.,richard.com,Finance,567,yes,no,mobile,Safari,2025-02-11T17:43:13,36,"-44.178217,21.523702",German
1346b3aa-d637-4c5b-9321-1a8289465e97,Yourself almost father road value trial mean.,james.com,Operations,7086,yes,no,mobile,Opera,2025-01-08T19:02:36,125,"7.2287925,-96.286980",French
ad6337e9-e362-4669-a654-7c92f7506d11,Program theory home up.,barry.biz,HR,9416,no,yes,mobile,Firefox,2025-01-26T05:32:04,294,"53.297614,-40.725825",French
ee41d64d-b48e-46e5-8d1e-582c86ee6c8d,Three identify develop read anyone bad.,martin-hansen.com,Sales,6509,yes,yes,desktop,Safari,2025-01-24T17:36:12,169,"7.225166,166.020094",French
3ef72b26-ee27-4436-a5c6-b88b540ca8f8,Southern rock image during.,johnson-kim.com,Operations,5798,yes,no,desktop,Safari,2025-03-10T23:40:40,199,"2.267097,179.185688",German
4a200d41-522a-449b-8fe2-ff1c548d651a,Bank act our relationship.,gardner.com,Operations,1367,yes,no,mobile,Safari,2025-03-28T20:22:51,126,"-7.984614,88.705375",Spanish
c2921d6b-f8fb-4fbc-981d-8ddead416388,Family receive open know outside perhaps just.,fischer.com,Finance,4242,no,yes,desktop,Opera,2025-02-26T12:52:58,577,"56.8064705,-152.752238",English
e7e5cd8c-e412-41af-a712-3f3d01f0e116,Population animal meeting month.,campbell.com,Marketing,1934,no,no,mobile,Chrome,2025-03-17T03:30:20,79,"-60.0494695,128.535998",French
4e27b017-35c6-46ac-aa1d-b657bc51aef5,Indeed message crime eight church open.,dominguez-carroll.com,Sales,2556,no,no,mobile,Edge,2025-02-19T16:06:50,477,"76.089809,169.713402",Japanese
47024ee3-b059-4317-80d9-6361f54c807a,Area above lose event skin from accept.,bell-wiley.biz,Marketing,7147,yes,yes,desktop,Chrome,2025-02-25T18:57:06,302,"36.3742095,-125.272548",French
8d1cda0f-e09f-4079-89c0-dd63b73b27b2,Who up important bring leg box six.,leblanc-evans.biz,IT,1247,yes,yes,desktop,Chrome,2025-03-14T06:51:20,498,"84.6142275,-89.686294",English
f7c495c9-1511-43db-aabf-84aa71568152,Office newspaper mission experience you center.,olson-lopez.net,HR,3776,yes,no,mobile,Firefox,2025-01-31T08:34:20,334,"-28.9836215,72.325199",Spanish
634aa536-1b0d-42a7-a397-5bbbb11673c1,Read bag pressure to.,wilson.com,Sales,7077,no,yes,mobile,Edge,2025-02-06T09:19:30,403,"60.761624,125.257124",Spanish
15bde673-e059-4ef4-b050-c51f45560ed5,Focus catch race eight somebody either sell.,miller.biz,Operations,7488,no,no,mobile,Chrome,2025-02-13T13:18:36,370,"58.5257485,30.334288",Spanish
e4e7125c-a33b-465d-863c-cf526cd33481,Run admit dog economy month debate name.,miller.info,Finance,3910,yes,yes,desktop,Safari,2025-03-10T14:44:20,126,"76.501108,1.072394",Japanese
87fa86c7-9918-49d5-8a9d-e910b9db627c,Between American air clearly.,simmons-benitez.com,Marketing,5382,yes,no,mobile,Safari,2025-02-14T09:40:00,116,"-33.8443255,-110.474823",French
4cc7e8aa-0676-4fbc-b1f0-9c0e196e5fe5,Discuss fly everyone item plan happy particular.,ibarra-avila.net,Operations,9240,yes,yes,desktop,Opera,2025-02-20T08:55:55,387,"-16.035012,-94.612785",Spanish
c343b348-b49b-4094-b715-780b492637b0,Some side push guy.,ellis.com,HR,7975,no,no,mobile,Firefox,2025-01-23T20:42:42,174,"5.0157865,114.859909",English
c33dfa78-13f5-4ff5-9a61-1ede8972c4cc,Practice institution both build goal bring.,bishop-bailey.info,Sales,8104,no,no,desktop,Chrome,2025-01-28T21:45:26,212,"0.754711,-116.104168",Chinese
cfbe7163-b5e6-4cf1-8c13-6b5fb19d699d,News attack old.,smith-dickson.com,Marketing,3249,no,no,desktop,Firefox,2025-02-01T16:59:11,241,"16.4438605,113.021751",Japanese
ed403776-2dfb-47f0-aefc-a6fbba553186,None shake house win.,carr-wheeler.com,HR,2568,no,yes,mobile,Firefox,2025-03-29T22:44:15,42,"21.937385,-58.585881",Spanish
e7ef24c7-615d-4bfd-bfa2-0c86609fe2a5,Series expect recently may rock service.,trevino-pitts.info,Operations,3643,yes,yes,desktop,Safari,2025-02-27T08:18:11,42,"-56.6951045,110.662537",Chinese
40883d64-e556-49ea-9702-36328c019066,Forget left social first lead.,grant.net,Finance,1819,yes,no,desktop,Opera,2025-02-07T16:27:00,87,"81.2377205,-38.824824",German
a94fd015-54e9-49f0-8e18-104cb61c9876,Station western few social relate impact cultural.,carr-hawkins.com,Operations,4457,no,yes,mobile,Safari,2025-01-24T10:05:57,337,"-89.971307,104.533475",Chinese
4f23e0b1-e71a-4797-9fe7-c3de191e49db,Various memory now various.,hall.com,IT,1859,no,yes,desktop,Edge,2025-02-28T20:04:58,470,"-16.620865,91.439110",Spanish
623e9b0f-3d48-4189-93e0-bbb4fdc9e764,Form off boy full central.,whitaker.org,Finance,6024,no,yes,mobile,Edge,2025-02-13T16:30:00,12,"-73.2549785,-115.607212",French
90616fa1-31de-4eda-b72d-d96299f4718e,Alone subject provide movie.,sawyer-miller.net,Sales,3015,yes,yes,desktop,Chrome,2025-01-05T06:49:41,354,"-10.173365,-91.222976",German
22e88b8d-8b12-415a-aefb-a798537ad457,Same tell different inside first family recently.,cook-hudson.info,Sales,3006,no,yes,desktop,Chrome,2025-03-20T15:56:49,496,"-65.8437415,-32.284422",Chinese
227dd84b-6555-4e31-8463-3d64943f3780,While measure ok man hand camera.,jones.com,Operations,8402,yes,no,mobile,Edge,2025-01-12T18:01:49,496,"-64.310176,126.972836",English
44535e30-01e0-4372-8388-1f5a97537dc7,Agency cultural which place air reason subject.,cobb.com,IT,1985,no,yes,desktop,Safari,2025-01-13T17:58:11,462,"69.0488005,92.143386",English
f7fa4184-b520-45be-8a1f-2db044544aa8,Few letter rich improve middle sort.,howard.biz,Sales,5696,no,no,desktop,Edge,2025-03-04T20:52:20,175,"70.6514585,3.609126",Chinese
ece396d4-01b2-4135-9554-86bbd806b35a,Cell letter no.,maldonado.com,Finance,8126,no,yes,mobile,Firefox,2025-04-02T19:18:29,388,"-51.497710,149.234317",German
970a11f2-5f37-4e32-9131-e64b7026de46,Red war of activity.,young-perez.com,Finance,1045,yes,no,desktop,Opera,2025-02-21T04:02:26,16,"-51.7973845,155.563893",Spanish
8d9d9678-a6cc-4101-8925-b6968fade936,Forward statement appear picture us.,bishop.com,Marketing,4674,no,yes,mobile,Edge,2025-03-21T08:40:19,60,"59.2562135,18.704650",German
4e0da32a-73ae-4740-8cbd-027130e76459,Several space system anything.,parsons.com,Marketing,5045,yes,yes,desktop,Chrome,2025-02-21T11:43:45,539,"-45.8452665,166.071246",English
03eda7b0-5c59-4d40-b9b8-ba0cc1b6d586,Movie part describe cultural.,estrada.info,Marketing,3703,yes,no,mobile,Edge,2025-02-24T06:38:24,283,"-11.536041,-175.607985",German
829d73a8-9741-499e-9e68-1ef65f39d5a9,Order us need blue dream century.,singh.biz,Sales,9429,no,yes,mobile,Opera,2025-01-08T04:12:19,272,"0.6367535,-169.628238",German
3bd073b5-6ffb-44f1-ad33-a694e40df816,Bring process as near course summer.,wagner-pennington.info,Finance,2978,no,no,desktop,Opera,2025-03-29T17:11:31,282,"-21.348756,120.900551",English
aa6e0dfa-a197-4d15-8b15-d1849237717b,Remain thing way one science gun.,ward.com,HR,9099,no,yes,mobile,Opera,2025-02-13T07:26:08,166,"45.2501525,41.940824",French
40c41e99-480d-4b37-9aaf-1952ae72b4a2,Reach music experience pick fine morning.,bell.com,IT,7368,no,yes,mobile,Firefox,2025-02-16T15:43:43,320,"79.9944615,-72.451978",French
6a3afd2d-fe55-4ad8-ab40-912425ddddbe,Computer discussion ahead front.,moore.info,Operations,3989,yes,no,mobile,Firefox,2025-03-22T15:06:46,340,"-60.625152,-25.273583",Spanish
12e444f8-20c5-470a-8a0c-eed31b32593c,Party agree heavy fire million big part owner.,simmons.com,Sales,4605,yes,no,desktop,Edge,2025-01-28T11:47:36,576,"39.226832,-81.017999",French
74abfd57-d1d5-44a0-a69f-d763e987459a,Yard according remain while level for.,castro.info,Marketing,3608,no,yes,desktop,Opera,2025-04-01T10:39:32,117,"74.340329,-142.164903",Chinese
760c512c-d19d-463c-88c3-02713daf4b90,Sister apply beat above.,elliott-wilson.biz,Finance,2179,no,yes,desktop,Opera,2025-03-29T08:58:13,500,"-54.0243205,-131.586054",English
1698248b-8ebe-4494-8fe7-9d0545a2d680,Woman sit lay her.,morales.biz,HR,9411,no,no,desktop,Opera,2025-02-13T18:45:53,534,"46.6538435,36.518844",English
b344c6d6-e308-4a12-9e35-10cadbbdd2d4,Time ten girl spring.,hancock.com,HR,5923,no,yes,mobile,Edge,2025-03-11T15:56:19,170,"63.243174,124.512298",French
8beb117f-57f0-42d9-bbf0-2f57fd3161f7,Tend ever business affect south on.,kelley.com,Finance,8644,no,yes,desktop,Edge,2025-01-16T15:14:33,543,"61.0565655,39.433175",German
0905903f-5e06-412f-85a5-46e032442f3c,Officer he poor win pick.,vargas.info,Finance,2628,no,no,mobile,Firefox,2025-03-02T15:40:18,111,"-51.702724,13.747864",German
3ec84aa8-584e-4e0a-895d-7d3ce38662e6,Hair return something field health control detail.,brewer-newman.com,Sales,7108,yes,yes,desktop,Safari,2025-02-28T02:16:52,268,"-21.1679805,-125.057731",Japanese
6114e6ba-2842-4ca0-99d7-48e8d1116eb0,Pressure current tough.,mitchell.biz,Marketing,7751,no,yes,desktop,Edge,2025-02-21T18:56:43,444,"-9.7406715,-168.522509",Spanish
37b235b9-7785-4c9a-91c1-4fa49d3c0bc8,Wife different pattern exist floor perhaps.,avery.com,IT,2617,yes,no,mobile,Chrome,2025-03-10T18:08:07,201,"60.755573,127.297915",Chinese
f1a2899c-6c01-483a-b153-121322aa64e7,Dinner others dark TV try teach.,torres.com,Finance,2627,no,no,desktop,Opera,2025-02-19T12:10:07,121,"1.3376455,-145.297624",French
6dbde556-e252-4e65-ab26-d7a2bc207528,Yourself what perhaps add minute because.,robbins-scott.net,Sales,5090,yes,no,mobile,Firefox,2025-04-02T02:51:16,290,"-19.6178205,-113.819687",French
b464b543-6f58-4029-8a5f-24dd273f98ef,Continue man contain think nature allow owner.,shields.com,Finance,6138,no,no,mobile,Chrome,2025-03-21T12:59:04,48,"-79.9661355,-175.349564",Chinese
fa8b40c2-00f9-4da4-b169-d20019d3d8a5,So mention indicate across.,daniels.info,IT,6100,yes,yes,mobile,Safari,2025-03-16T20:57:05,126,"-2.584935,-64.593377",Chinese
700811e6-0941-46fc-b0e4-8b941608a068,Education according school sea player between.,vasquez.com,Operations,3468,yes,no,mobile,Edge,2025-02-16T05:40:24,509,"32.064695,37.618846",English
d62fab50-7bfb-4564-8078-de754fd82c5d,Teach travel service onto start gun.,ware.biz,Finance,1705,no,no,desktop,Opera,2025-04-02T01:19:39,499,"8.735095,73.600355",French
7874d343-e7ea-44a7-9f57-e1969a49bf75,Imagine politics foot management bag.,garza-thomas.org,Sales,9782,no,no,desktop,Chrome,2025-03-17T19:51:34,92,"79.427549,36.630413",English
e2b2d553-9ab0-409d-a903-b0e391766ce9,But where unit ago occur without.,collins-cooke.com,Operations,8008,yes,no,mobile,Chrome,2025-03-22T09:58:28,123,"-82.0919695,92.109368",English
2f0a4157-23a6-43a0-898e-d20b388b3697,Effort scientist executive beautiful instead fish offer.,atkinson-maldonado.com,IT,4933,yes,no,desktop,Firefox,2025-01-03T07:11:42,271,"26.959407,-92.540538",Spanish
0c638098-9d98-48a0-8c63-a3258b8e540b,College for wall.,campbell.com,HR,1191,no,yes,desktop,Edge,2025-03-13T08:07:53,380,"-31.157206,-87.671701",English
0fa91133-69ff-4467-9e35-c1bb147de2b2,Month financial accept mean western.,ward-miller.com,Sales,5111,no,no,mobile,Safari,2025-01-08T02:17:04,80,"-62.6918445,-118.220335",Spanish
6a89e072-76c6-470c-9d4f-d90576af0cde,Put Republican difference foot wind sound.,russo.net,Finance,7801,no,yes,mobile,Edge,2025-02-13T04:21:42,584,"-13.975672,57.279227",German
f1c3df17-28ad-4770-8ac4-20a6a6e719e0,Your else share current.,yang-walker.com,HR,6063,no,no,mobile,Chrome,2025-02-27T21:11:54,365,"-26.613763,-68.648979",English
409f337b-e217-4a5d-93da-929ba6ca054e,Under debate each office game provide pass care.,parker-davis.com,Operations,5827,yes,no,mobile,Chrome,2025-01-26T12:45:32,78,"55.7625135,35.501014",French
d01018ae-698a-4704-920d-fc1319d679a3,Include develop teach.,walker-jones.net,IT,4716,no,no,desktop,Firefox,2025-01-28T19:53:37,338,"-36.8900655,83.650420",French
28d4939c-13ab-4cd6-97f5-4562c7eb8603,Hope girl Republican better.,wood-nelson.info,Marketing,8380,no,no,desktop,Opera,2025-03-04T02:25:32,156,"-36.094222,165.344078",English
4104aaa3-7cfc-40ef-a336-5514880a945b,Analysis happen by property.,mcintosh-white.com,Operations,4732,yes,yes,desktop,Edge,2025-01-15T22:43:51,312,"-55.0738115,-16.968128",German
ef0f7606-b811-40f5-80b0-c5c247f609ec,Dog carry although involve thank manage itself.,valencia.com,Sales,4444,no,yes,mobile,Opera,2025-02-28T09:01:44,198,"-30.388099,0.831876",Chinese
40978bc1-367b-45a5-a7d6-a1592d7ed015,Mission cause camera after.,garcia-combs.com,HR,846,yes,yes,desktop,Safari,2025-02-27T01:24:15,396,"-73.467893,-34.161813",French
ca11b961-0eb2-48af-8afb-edfd4b5c578c,Near ability hotel machine cause fish check.,ray.com,Operations,7730,no,yes,desktop,Chrome,2025-01-04T11:19:41,283,"-57.3813535,93.466336",German
73d09b8e-7e33-47d6-94e5-f1d1b7d510bc,Cost seek how whether minute sense.,perez-elliott.com,Sales,1677,no,yes,mobile,Opera,2025-02-17T11:50:49,493,"-71.922994,172.011007",Japanese
d0cf1b86-9ca2-4739-bcee-f853175f5bba,Evening sense which none.,padilla.biz,Finance,2241,yes,no,mobile,Safari,2025-02-12T18:05:02,192,"-73.544163,25.476564",French
e0505f6c-12e7-48e1-b36d-e4ba8fe33480,Find by range fish agent happen.,little.biz,Finance,8812,no,no,mobile,Chrome,2025-03-27T14:43:58,100,"2.813086,-162.672056",English
a839f037-0559-4abf-95ef-a9e8dd2c77c7,Foreign player heart throughout year.,taylor.com,Sales,3227,no,no,desktop,Safari,2025-02-25T01:36:50,466,"-29.381166,-98.738554",Chinese
078b170b-8213-43d0-b5dd-ff94b0de7256,Indeed around yes statement believe run.,jackson.net,Marketing,9720,no,no,desktop,Edge,2025-02-08T04:29:14,440,"78.3967915,162.032450",French
dd0372d1-a954-4987-af0d-9443e0bea927,Physical compare deep gas hit a though.,adams.com,Operations,4252,no,yes,mobile,Safari,2025-02-06T10:52:44,496,"-1.6364695,-12.478631",Chinese
c04cc381-3f86-4790-855f-f61539c59267,Performance simply whom money measure may sure economy.,martin.com,Finance,701,no,yes,mobile,Firefox,2025-02-15T20:11:47,322,"49.2829445,-6.641966",Spanish
2e220434-938a-4175-9244-0051f7e91744,Against various heart second.,brown-parker.com,HR,8974,yes,no,mobile,Firefox,2025-03-29T13:18:51,202,"-52.676513,-22.851155",French
47ac87ac-f9fc-4a1b-b767-42750c0940d1,Take seem he term story suggest prepare.,vasquez-ortega.info,Finance,7979,no,yes,desktop,Edge,2025-04-01T18:47:53,10,"-26.851732,-157.071269",French
809c1265-c6b1-4a5a-97b8-1db4e2319d98,Become agent follow.,jacobson-christensen.org,HR,6555,yes,yes,mobile,Safari,2025-02-14T18:32:49,544,"-53.419786,155.929370",German
2f6d242a-557d-44ff-b416-7641f715f606,Television bring practice throughout nice step guess.,jackson-martinez.com,Sales,1764,yes,no,mobile,Edge,2025-03-18T06:38:34,19,"54.3883845,56.224939",Spanish
046388ec-b77e-4977-a0f0-091f5da5ea33,Him laugh a old.,ramirez-palmer.com,Sales,8335,no,yes,desktop,Chrome,2025-02-21T12:59:24,304,"-70.858490,160.987766",Spanish
d6b0184c-da34-4d92-bd22-8bb9c40f8765,Still level others discover.,gutierrez.com,IT,658,no,yes,desktop,Safari,2025-03-16T18:50:08,516,"83.0671605,145.230982",French
031d0fda-8e92-48ba-be23-47b5836a4990,Small expect growth good else head decide.,parker.org,Operations,1435,no,yes,mobile,Opera,2025-03-12T01:18:23,287,"34.338804,-129.648943",Spanish
4fa632d7-8901-42f0-a51b-06ca6269d76c,Various he maybe current money change national.,rodgers-love.com,Sales,6804,no,no,mobile,Edge,2025-03-18T19:59:34,355,"-73.294323,-19.415067",Japanese
7efe2398-307d-47f1-b3fc-bac2c2837dcb,Energy son happy.,benton.com,Finance,9297,yes,yes,mobile,Edge,2025-01-25T05:15:19,226,"-76.4657665,-102.343228",Spanish
a6e630be-9c2c-493b-9035-b729e1fa7f3e,Firm region staff specific state project.,ho.com,Marketing,5054,yes,yes,desktop,Firefox,2025-03-26T04:35:30,511,"59.4084065,-145.830577",German
46729a08-7eb9-4b1f-a3d0-bb82874f153a,Out realize medical.,sexton-smith.com,Sales,7638,no,no,desktop,Opera,2025-02-08T01:39:49,135,"-5.219326,89.319476",Spanish
a2041576-e459-4c16-8122-f2c4866ed1d3,Oil one finish leg fly everybody sort Democrat.,cook.biz,Marketing,9960,yes,yes,mobile,Chrome,2025-01-15T12:10:23,426,"-52.2599335,-68.170446",French
22273d0b-9ecf-4f16-abb0-03bb4114e70e,Either head try why show fact decision.,silva.com,IT,8766,yes,yes,mobile,Opera,2025-02-09T23:58:43,376,"-11.7712265,-11.005382",German
c49b877c-3116-4092-876a-512c6bfd5fb5,Alone loss option speech particularly.,norman.org,HR,5476,yes,no,desktop,Edge,2025-01-23T01:56:36,472,"-17.815313,-86.315676",Spanish
fcf36542-48e0-40dd-8fcd-212bb277e8ac,System improve hair.,williams-paul.com,IT,9529,yes,no,mobile,Edge,2025-01-21T08:10:00,379,"-88.1131235,172.577490",French
b57aed3a-c180-4704-a217-a5ae666ba93b,Wonder stuff his window who still force.,clayton-paul.biz,IT,8512,no,no,desktop,Edge,2025-01-06T23:28:38,489,"-72.1945395,120.302956",Japanese
c8ea7a75-f039-4cb5-bc05-de213fc44824,Join various different effect reality.,kennedy.com,IT,1993,no,yes,desktop,Safari,2025-03-12T01:52:12,51,"-80.200095,-18.195368",German
95f0dc2e-afb2-467b-b4b6-9a93d6cd7761,Unit short office sometimes right either mouth.,russell.net,IT,1060,yes,no,desktop,Chrome,2025-01-25T13:51:46,241,"-29.9990425,-61.293838",French
996e88d5-d2b1-4ec2-a792-fa3990924db2,Center able structure successful.,taylor.biz,Sales,2673,no,no,mobile,Firefox,2025-01-18T07:47:20,468,"-50.320371,21.185599",Chinese
89903a75-ca73-47be-9f63-0988df19ae8a,See night order itself Republican house develop subject.,allen.com,HR,8567,yes,yes,desktop,Firefox,2025-02-21T22:08:55,39,"-55.7253545,112.003417",Japanese
e03b6d8e-32f3-4ca3-94ed-8c701cf5d2f3,Political happen style opportunity.,delgado.com,HR,6296,no,no,desktop,Safari,2025-01-05T04:15:23,587,"-76.949542,60.121807",French
cc9e9414-afaf-489e-b4df-47468a99080d,Hour write center maintain manage while.,alvarez.com,IT,6529,no,no,mobile,Firefox,2025-01-23T21:54:38,468,"-66.2667455,6.968244",English
8b4618c9-eed9-4755-bd42-530cd99bc7c4,Claim real out area development bed difficult.,williams-davis.com,Sales,6474,yes,no,desktop,Safari,2025-03-24T04:47:18,307,"-12.5182345,-21.641172",English
842da625-016f-49f7-9854-7e179403b7ea,Production improve add building important become impact.,lozano.com,Marketing,2097,yes,no,mobile,Chrome,2025-03-21T15:11:15,57,"-35.3183505,-6.995067",Japanese
921e4e03-2724-406b-9f07-15f782c49edd,Action firm his investment foreign property kid.,barrett.info,IT,8244,yes,yes,desktop,Safari,2025-02-19T00:08:34,465,"16.5325235,-89.321886",English
966934d4-9cbd-4e2a-ab05-7d516be3325b,Leg car season memory.,mcdonald-simmons.com,IT,4105,yes,yes,desktop,Opera,2025-03-11T02:17:50,519,"-53.7291285,84.068857",Spanish
16da1627-f51e-45dd-84a2-55d6de076d17,Increase likely suffer leave.,black.org,Operations,4228,yes,no,desktop,Edge,2025-04-02T11:45:33,245,"65.051988,96.309340",Spanish
4fd23697-2cae-4420-a8fe-6f8b4321153d,Home animal responsibility box spend at third.,jones.com,Sales,7765,yes,yes,mobile,Edge,2025-03-14T14:16:24,584,"-15.127066,-131.753752",Chinese
cac6102c-ff76-4ca8-ab66-37b58cdae197,Quite American lose popular.,williams.com,Marketing,996,no,no,mobile,Firefox,2025-03-17T05:46:28,521,"66.319896,164.199735",Japanese
4d6df6ee-dd05-445f-a6f6-9f9dfd8c7167,Above value four can author different every.,smith.com,Sales,7385,no,no,desktop,Firefox,2025-03-18T05:16:28,547,"51.7124275,-124.682287",Chinese
8c11797e-f6d0-471b-b34b-b5adc88b6ca4,Tree response play cut.,rios.net,HR,7295,no,yes,mobile,Firefox,2025-03-11T08:22:20,135,"-55.858595,-112.984681",German
07124921-7672-4206-b194-5c517a98adac,Under sense concern manage work serious.,hicks-everett.com,Finance,4878,yes,yes,mobile,Opera,2025-03-27T01:15:12,376,"-33.9807375,-27.050113",French
73868094-37da-408a-ab7e-8b62bcc44482,Time senior majority final.,johnson.com,IT,9930,no,no,mobile,Firefox,2025-01-18T03:07:18,551,"4.787183,-99.402887",Spanish
8a59f3ee-2f25-43ce-acae-b4e247e815ac,Indeed bring garden purpose conference.,lowe-michael.com,HR,4310,yes,no,mobile,Firefox,2025-03-04T11:32:03,11,"86.3610735,-67.321769",Japanese
1f9cdec6-c883-43c5-8271-b2eef12be06b,Pay become fish international its.,duran.org,HR,7508,yes,no,desktop,Firefox,2025-01-11T17:57:23,574,"-87.796383,106.116918",English
200f67ef-62a9-42e6-9c39-7c859d96956c,Movie own star have really fast arrive.,fernandez.info,Operations,8945,no,no,mobile,Firefox,2025-01-08T05:41:24,58,"-77.775206,-6.791903",Spanish
8d9cb7c9-95bb-47b7-b6e9-29ae62a38373,Serve town note five than program edge.,frazier-webster.com,IT,872,yes,no,mobile,Opera,2025-01-29T17:46:30,512,"80.3863835,-56.250894",Spanish
579574c8-9d9f-4c43-a00d-ff43c32b2c34,See through through ready bring commercial campaign.,garcia.org,Finance,9734,yes,yes,desktop,Edge,2025-01-08T06:29:45,429,"75.0368535,-161.515100",French
1ae8732b-7c20-4246-8081-b179467de01c,Assume despite ability natural happen.,dougherty.com,Operations,9280,yes,yes,mobile,Opera,2025-02-23T11:58:03,463,"19.879020,-3.300417",French
3149c47b-bd63-4b55-b637-a1ef954ba3d6,Night collection and place light.,patel-green.com,Sales,8133,no,no,desktop,Edge,2025-03-20T23:59:30,14,"54.2691145,-7.885967",English
1d0db079-6436-4b40-a987-43acb8daa076,Tree president present imagine table.,yang.com,Operations,3727,yes,yes,desktop,Chrome,2025-03-21T08:52:54,371,"32.1903375,151.324053",English
48ca1015-a7e0-43bc-a9d6-ce768b2546c9,End age look benefit significant.,hall.com,HR,1017,yes,yes,desktop,Edge,2025-03-01T04:56:43,139,"17.0586645,93.970259",Chinese
6b0986ed-e890-45ae-b7fc-bee2c6b8cf77,National them dog suffer west.,moon.com,Finance,6860,no,yes,desktop,Edge,2025-01-29T14:47:46,443,"12.454048,33.541926",Japanese
6af2aefe-d646-4bf8-8631-e38041e71ccb,Everybody history us series hundred.,ortiz.info,Sales,1283,yes,no,mobile,Firefox,2025-01-25T19:53:22,429,"5.115599,83.646338",Chinese
973e50ac-f73c-4de7-a334-79e5712fa0f4,Provide expert wish worker some.,castro-perry.com,Marketing,5607,yes,no,mobile,Opera,2025-02-21T03:27:10,433,"14.0576675,-136.425950",English
6fb9514e-4cd8-4b49-84f4-964d22a113cd,Nice strategy each.,burke.net,HR,7186,no,no,mobile,Chrome,2025-01-28T11:29:18,247,"-48.3982755,-108.082930",English
d96fcdde-4884-47d5-9e09-e061918f6ab6,Cause eight their number explain.,ward.com,IT,810,no,yes,desktop,Safari,2025-03-03T14:02:00,557,"-2.635038,-88.078390",English
9f0a1c84-cec6-47db-bd9f-56d2dac6eab3,Unit election her best.,holmes.com,Marketing,9109,yes,no,mobile,Firefox,2025-01-08T22:48:03,364,"-47.989777,-162.334908",French
9240eee9-658a-4338-86b1-81bfb2a7071c,Whose wonder follow statement who.,hendricks-poole.com,IT,9861,no,yes,desktop,Opera,2025-01-11T05:56:16,389,"-50.856843,122.660162",English
0a30c634-f5ee-4e89-a303-cd966cc536cd,Us understand check against fill like their.,hebert-greer.com,Operations,8812,yes,no,mobile,Safari,2025-03-08T16:16:09,418,"-71.9205415,146.297954",French
bf87e85a-2c26-48df-80fa-c9e13082eba4,Scientist probably last.,davis-humphrey.com,Operations,7442,yes,yes,mobile,Firefox,2025-03-27T16:20:16,532,"31.1419555,36.393123",German
f4141920-b7e8-4213-9ef5-09b0d511ffb9,Gun difficult road good situation short us.,sanchez-phillips.com,IT,4652,no,yes,mobile,Opera,2025-02-16T15:31:33,398,"38.3197925,-139.006554",German
8e2bc440-2424-4c1d-96cb-b14b37ce0100,Bank continue would wall special.,owens.biz,IT,2922,yes,yes,mobile,Opera,2025-01-09T09:56:20,119,"-41.382247,83.498696",English
61a64a0b-d120-4ad7-a5ce-6af3aba5214c,Improve clear ago break dinner happen.,sullivan.com,Marketing,8056,yes,no,mobile,Opera,2025-02-24T05:02:35,540,"65.017798,-57.076824",German
a3575053-5c78-4b09-b06f-18b505f5e10b,Same red budget story mention big practice become.,jackson.com,Operations,5301,no,no,desktop,Firefox,2025-01-08T06:24:16,261,"-22.571584,133.973021",Chinese
214ea505-61c4-498b-a7ae-2ed2bc361700,How simply focus event.,porter-travis.com,HR,2187,yes,yes,desktop,Safari,2025-02-19T20:58:51,568,"20.1201615,-111.322448",Japanese
3064ce29-cf76-4ce2-9a8c-9aa5be6a2d8f,Ever smile dream enough media image cause design.,knight.com,Sales,6038,no,no,mobile,Safari,2025-03-09T18:05:58,525,"60.1631085,-61.398189",English
45ab5b18-0279-41ea-a21f-b6dd3c2876a2,Defense police interest around financial experience born.,coleman.biz,HR,4945,no,no,desktop,Edge,2025-03-02T07:02:28,247,"-42.634833,107.991879",English
db1d5073-62d9-4079-98e7-7e07d7f11435,Front center special education cell task arm he.,sullivan.com,Sales,2788,no,yes,desktop,Safari,2025-02-13T02:48:01,160,"15.6812235,-136.390142",German
b6218779-98f6-4852-8f43-719998e51041,Chair three particular voice each body left.,williams.com,Finance,6716,yes,yes,mobile,Chrome,2025-03-03T00:25:48,357,"-65.8377025,61.766423",Chinese
d166a1f4-66e6-40de-9ac9-eb642a4db2b9,Line form challenge program into which.,andrade-best.net,HR,1265,no,no,mobile,Opera,2025-01-15T01:19:06,493,"-23.914778,76.471169",German
6d58c3ae-2664-4be7-bfc3-7e986093d6d6,Lot can card teach might fund.,nelson.info,Operations,8347,yes,yes,mobile,Firefox,2025-03-15T05:59:05,178,"-33.8790935,-114.344971",Japanese
353ee06d-7fe6-48c7-89bd-06ae9a779fd4,Page stay other.,reynolds.com,Finance,7737,yes,no,mobile,Firefox,2025-03-26T08:23:12,460,"-1.8014775,-83.507936",German
136b17e3-019b-454b-bb0b-6067a342f30c,Tonight must development fill begin.,macias.com,IT,8414,yes,yes,mobile,Safari,2025-03-22T22:16:53,292,"-13.723594,-36.649797",Spanish
6849b6fa-e1cf-4cd8-ae10-f91d679902d0,Perform Mrs increase trouble note both parent science.,rogers-warner.com,HR,7733,yes,no,mobile,Firefox,2025-02-16T22:01:26,77,"78.477349,-82.850610",French
6daa4803-d54d-4e2f-94e6-4350441de747,Institution doctor hold population relate.,sellers-osborn.info,Operations,9909,yes,yes,desktop,Firefox,2025-02-18T19:03:34,348,"0.589113,-28.137779",French
2c3acc0d-47ca-4564-b91d-efe6d3ce1662,Magazine concern east why.,winters-holmes.com,Finance,7510,yes,no,mobile,Edge,2025-02-18T04:55:07,499,"-29.532221,-56.186482",Japanese
8e6b9f87-7a68-41ad-8e82-166663df51b4,Real rest dog whom sister security have.,stanley.com,Sales,9815,no,no,mobile,Safari,2025-01-28T02:34:11,525,"-18.8695625,-29.494561",French
8de64ab0-ebac-47bb-b4ad-50852c7d4fd5,City start live record probably.,evans.info,Marketing,8984,no,yes,desktop,Chrome,2025-02-07T20:06:44,461,"66.991432,-37.273946",French
32b01389-5426-401e-b57d-723bd932cd76,Around hope still carry picture produce time.,boyer.com,IT,7091,no,no,desktop,Chrome,2025-02-24T02:48:42,503,"-57.992942,-154.469873",Japanese
9944fd03-a151-41cb-a598-e7e83497100e,Sea listen girl kind expert painting.,moore.org,Operations,3109,no,yes,desktop,Edge,2025-04-03T07:13:39,35,"7.931279,-137.269017",German
418dc307-1ba2-4e11-aed3-147c2b90b1ce,Book white plan trouble nice.,trujillo.net,Finance,5304,no,yes,mobile,Edge,2025-02-27T00:54:12,371,"-55.6820035,83.057816",English
e12f7447-d286-4387-9790-e510b52fcf15,Form return whole win tax run four.,dixon-martinez.com,Sales,8948,no,yes,mobile,Firefox,2025-03-10T10:44:01,182,"45.2142475,-173.586795",Spanish
843f4aba-fefa-4e42-bc88-50104ac39405,Discussion soon though pretty range.,monroe-rojas.com,IT,3247,no,yes,mobile,Firefox,2025-01-21T18:48:16,579,"42.107571,105.110907",English
d09367a3-fec9-45c2-9c0a-29a2c77d8e3b,Should sure gun top certain.,mercado.com,Finance,9281,yes,yes,desktop,Firefox,2025-01-16T00:00:18,78,"17.477468,112.948954",German
896c6e55-4b20-485d-8c07-4985c0d2bd10,Share bar though.,greene.net,Marketing,8227,yes,no,mobile,Firefox,2025-02-05T17:12:51,435,"-25.6170705,-53.939922",Japanese
056770eb-e7fa-4274-abfe-0e23aa485dc4,Support do yeah health than memory all.,carter.com,Operations,8728,no,no,mobile,Safari,2025-02-11T01:52:51,166,"-82.0011495,153.056834",German
52f37476-1182-4368-93f4-5a45855bab41,Fund security computer brother fall traditional.,cole.info,IT,8024,yes,yes,mobile,Edge,2025-01-27T16:45:33,592,"-3.362404,132.359531",German
aa0a9c71-ca90-4d06-bf81-d77ad420dd2e,Hope note among capital may go national.,pittman-jones.com,Marketing,1833,yes,yes,mobile,Opera,2025-02-17T20:42:59,473,"-82.664329,-28.575238",Chinese
ff3fe6a1-c81f-4c89-b472-433a400dcb37,Fear white make while.,petty.com,IT,3328,yes,yes,mobile,Safari,2025-01-25T06:41:34,304,"-42.6777455,133.080220",German
2b0a9006-e3bc-4ae6-b970-123f3ad0c6b3,Modern fly trial.,love.com,Marketing,9641,yes,yes,desktop,Opera,2025-03-02T06:29:31,586,"-58.0174585,96.735773",German
db712350-ecab-490c-9fa3-bb4cd397b739,Often from join throughout.,aguilar.net,Sales,8852,yes,no,desktop,Safari,2025-02-16T11:38:28,49,"-86.231713,-169.801153",English
5633c71f-e606-426c-af44-b1435a3d1428,Table dinner wife light consumer.,tucker.net,Finance,3722,yes,yes,mobile,Opera,2025-01-11T16:02:01,276,"-47.484150,118.882068",Chinese
f2f94da4-d2d7-4a18-a394-6721d74d82b4,Increase media art put evidence.,davidson.org,IT,3557,yes,yes,mobile,Firefox,2025-02-13T09:43:23,100,"-37.679244,-91.150801",German
217a5fb3-dd96-4f53-9e92-62a2af2d9f94,Suddenly above general whom.,weber.com,Marketing,4790,yes,no,mobile,Safari,2025-01-28T00:04:49,358,"7.4828375,-79.813666",Spanish
3d3c7577-e417-4edf-a896-b62ed77ee794,Easy consider citizen society future.,raymond.info,Sales,9607,yes,no,desktop,Safari,2025-03-22T14:33:16,562,"1.6668845,-90.861057",German
57a94baf-7ddd-43bf-9040-edbdf14ca754,Smile method record foot subject region who.,joseph.com,HR,6660,no,no,desktop,Opera,2025-01-01T08:57:46,260,"25.907290,33.009952",French
b5db942b-c7c4-491d-8aca-7ebd88041b2d,Participant spend camera expert strong already.,vega.info,IT,1655,yes,no,desktop,Safari,2025-03-05T15:15:47,97,"-43.1368125,-75.339038",Japanese
c272ba07-cb03-4300-8ab2-f9c9f896f056,Election item scene assume girl.,gordon.com,IT,2948,no,no,mobile,Chrome,2025-01-23T14:21:06,332,"-26.513213,-42.566428",Japanese
cf0f7d4d-9925-488d-b842-762e3df95894,Shoulder rock push stage compare well program.,martin-barnes.com,Sales,3085,no,yes,desktop,Edge,2025-01-21T09:02:53,264,"43.1911325,-36.817863",Chinese
13ddb746-2359-462e-9491-45941cfcd3a8,Age three also husband present already.,cowan.com,Finance,1493,yes,no,desktop,Opera,2025-01-31T02:36:11,370,"-70.4413415,-145.976216",Chinese
cb58bed5-ac19-4e70-b8b2-b6ee90ec50fb,Instead audience look.,armstrong.org,Finance,8891,no,no,mobile,Safari,2025-01-09T11:30:44,160,"14.5017585,-52.724947",English
72a61222-37f2-4742-a818-ff4344fdf0fd,Tax upon people up suddenly.,franklin.org,HR,3262,yes,yes,mobile,Opera,2025-01-27T13:04:49,305,"37.725858,-135.152462",French
27a4b57d-c4db-4d07-920e-ecf3bc023daf,Material former let us find.,whitehead-lewis.info,Sales,9366,no,yes,mobile,Safari,2025-03-09T12:57:45,570,"80.597563,-132.921777",Spanish
7197b18e-1693-44ef-a505-5b67bc154aa1,Week author easy avoid long.,woodward.biz,Marketing,1863,no,no,mobile,Firefox,2025-02-27T00:35:11,196,"-50.451706,108.130574",English
d12b7ae8-61dc-438a-8ba6-c8a7c2033b95,Phone certainly worry receive everything member.,jones.org,Sales,8034,yes,yes,mobile,Edge,2025-01-06T03:45:04,83,"-7.7509935,-62.164593",Japanese
806c3ad2-64f2-423c-847f-9cc28a97a29c,Forward strategy before news speak course court.,thomas-lewis.biz,Sales,7769,no,yes,desktop,Chrome,2025-03-08T17:34:30,402,"-24.6924425,-5.587582",Japanese
b98ea23d-8943-4810-90bb-3ff95fac821c,Claim group car reach.,jensen-hicks.com,Marketing,3067,yes,no,desktop,Firefox,2025-01-16T23:10:39,477,"-17.238015,103.259796",Chinese
37807501-1805-46e3-9f82-40541ac713f9,Street among evening relationship benefit.,smith-bates.com,Operations,1379,yes,no,mobile,Safari,2025-02-28T10:56:14,593,"-38.806324,28.567860",Chinese
104f8069-290e-43dc-a003-6270f25fa8bb,Officer in bag.,gibbs-mathis.com,Finance,9130,no,no,desktop,Edge,2025-01-22T14:23:46,28,"-31.9473975,-150.882023",Chinese
39c58d89-7f62-4086-ad48-58d2f01a2a9c,Allow reality mean direction focus choose.,gregory-fox.com,Marketing,1273,no,no,mobile,Chrome,2025-01-04T19:42:38,448,"-3.3538985,176.983163",French
3f866aad-6769-42b9-9ca4-bc9434d5e713,Mr order walk strategy officer anyone artist.,harrison.com,IT,8500,no,yes,mobile,Chrome,2025-01-02T20:03:21,134,"-30.352491,91.105144",Japanese
8f11d6eb-981c-4d70-919e-1ca4d57d4bc6,Technology audience foreign natural late wide by.,brooks.com,Operations,8243,no,yes,desktop,Opera,2025-01-09T23:16:53,311,"53.476563,131.004231",German
f3e113d2-1b37-4236-976a-d26c9c121e27,Hard resource sport direction vote show authority.,clay.net,Operations,649,yes,no,mobile,Opera,2025-02-20T08:01:53,399,"-66.2018775,173.613059",Chinese
b5ee3072-62dd-43df-97ca-7c6492c71cd6,Door attorney old end option.,ali.org,Marketing,9097,no,no,mobile,Chrome,2025-03-05T03:32:07,219,"-52.194655,66.139808",Spanish
fad99d39-79bf-4968-bd6f-6b377e6146b0,Feel a though position power close than door.,winters-hughes.com,Operations,2074,no,yes,desktop,Edge,2025-01-02T18:10:03,444,"-45.850621,-178.461432",German
bfb779c6-98ca-473e-af7d-027dd841cc23,Process require question environment up top every happy.,gordon-herman.info,Finance,2315,no,yes,desktop,Opera,2025-03-11T16:08:47,291,"73.832999,-175.541455",German
ff9188c0-63fa-4d21-9ada-28f90b11483b,Effect scene two check again head life.,rivera.com,HR,4138,yes,no,mobile,Edge,2025-01-02T10:48:21,406,"68.3998355,-161.961557",English
8eb3af12-3a88-4822-a7f6-1be106df5550,Theory four baby age art in usually.,hampton.info,Sales,4717,no,no,desktop,Firefox,2025-02-14T23:39:58,75,"36.7106595,-148.183620",German
6d38df91-430e-4a22-9e68-d9b169c8af01,Room paper forward hour.,franklin.com,Operations,2243,no,no,mobile,Safari,2025-03-13T03:39:07,210,"36.271180,-45.181704",German
b154e46f-7363-40c9-b276-1f01067a65ab,Task shoulder difference.,farmer.org,Sales,4523,no,yes,mobile,Firefox,2025-01-03T09:20:00,474,"1.093339,95.954748",Spanish
73e58697-3981-4a1f-892e-cdc6001ffc9c,Exactly suffer occur energy thus.,smith-ellis.com,Operations,9936,no,no,mobile,Opera,2025-03-29T20:48:26,168,"-0.3615715,-117.745259",English
bab0ad0d-81b8-4fd3-971e-af384da98cb9,Television example deal something reason drop worker.,castro-smith.com,Operations,1037,yes,yes,mobile,Opera,2025-02-01T21:53:37,348,"-29.9153155,170.946008",German
8eb346ac-6451-444e-b144-911fe1f6ace9,Art analysis camera maintain.,cole.com,HR,4624,yes,no,mobile,Opera,2025-03-03T02:37:18,272,"53.519046,62.023538",Chinese
09bdaa08-181e-4d6a-8f41-27cf98501f2e,Water nature message democratic myself former perform.,johnson.biz,IT,7280,no,no,mobile,Edge,2025-01-16T02:23:19,522,"55.391011,88.554443",Chinese
ee2cc95a-8a20-4974-8655-60c2b5d1c35e,Director I program word evening outside among.,torres.com,IT,1047,no,yes,desktop,Chrome,2025-03-15T13:52:14,89,"86.590688,54.194503",German
e0a8e3ba-2d3b-4be3-8d53-827d522b5d93,Itself middle consumer over start.,flynn.info,IT,5690,no,yes,mobile,Chrome,2025-01-14T03:21:09,21,"-17.017989,-32.927991",English
982068b8-a816-480c-8980-7a77a11ca01a,Despite focus floor understand color consumer blue.,sanchez.net,Finance,1765,no,no,mobile,Opera,2025-03-25T20:27:57,512,"-49.6217425,48.742531",Japanese
f0ff208c-731c-4a4f-9f0a-2f9c12257058,Food type use continue agreement plan five.,rivera.net,Finance,3363,no,no,mobile,Opera,2025-03-27T16:45:35,374,"8.812846,164.659970",German
b8b826cd-3bb5-46e2-b9ce-b72ce8d3405d,Particularly method part police low work.,ross.com,Operations,6586,yes,no,desktop,Safari,2025-03-02T21:56:19,528,"11.9879565,17.921872",French
39d4a04b-843e-44d6-bfb3-64a4c77b5129,Source teach his.,cooke.biz,HR,6326,yes,no,mobile,Opera,2025-03-28T01:37:19,456,"-34.412009,6.964586",French
bc499a0c-3c10-4186-880d-0f3f1c319555,Current fight military fact cause hair.,gray.net,Sales,5332,yes,yes,desktop,Safari,2025-03-15T10:39:40,435,"70.1873615,-122.148650",French
fe04a535-4fce-45b6-833b-320f57605637,Especially others boy company state available.,bautista-moore.com,IT,7317,yes,yes,mobile,Firefox,2025-01-17T04:43:49,344,"84.917939,69.046143",Spanish
5f9e3555-ec65-4a49-817e-5d93ba042a7b,Let nation admit down book project.,gonzalez-nguyen.biz,Marketing,5478,no,no,desktop,Firefox,2025-01-22T15:58:10,546,"77.933186,35.826608",Spanish
b7b75b39-cb3a-4265-a13b-69c59cc0494d,Provide age child financial.,walker-underwood.org,Operations,9090,yes,no,desktop,Edge,2025-03-18T20:35:43,220,"43.9069465,58.700620",English
d280cb82-6b2c-4213-be3e-606816e6d9bc,Yeah nation any.,lewis-owens.com,Finance,4531,yes,no,mobile,Edge,2025-04-02T09:13:50,588,"-4.297946,160.308143",French
1ceae445-4965-4396-8bfc-ae8fe112e51e,Short beat play also away customer.,jones-stephens.com,IT,3958,no,no,desktop,Edge,2025-02-10T06:37:38,349,"-21.017337,91.273846",English
32a66551-306f-4137-b85f-1a5a55c177c1,Detail again claim arrive future quickly.,matthews.net,HR,9208,no,yes,mobile,Opera,2025-01-12T12:59:11,493,"68.602535,148.908687",German
3f817c60-e8a6-49f0-87b8-621f0604a014,Despite activity education window minute tell.,carter.com,IT,8628,yes,no,mobile,Edge,2025-02-19T00:46:31,295,"38.7543005,39.396106",Chinese
0883ed15-3a18-46de-9fe0-99043e842d26,First and agency personal.,smith.com,Marketing,2939,no,no,mobile,Opera,2025-02-02T15:46:21,92,"79.874152,-102.012732",Japanese
d5f427f3-b69d-450d-bfd4-cf8c323c48cf,None carry sometimes drop.,briggs.net,Sales,5776,no,yes,desktop,Chrome,2025-04-02T09:59:20,590,"-42.9732405,15.766699",Japanese
a155fc07-e6ed-45d4-9bb3-5727e9e6977d,Modern child feeling better when whom.,herrera.biz,Marketing,2899,yes,yes,mobile,Firefox,2025-03-18T15:51:42,432,"-59.172341,-26.276976",Spanish
0c197df5-4ab5-43f9-916e-c9faaf3791be,National financial no generation.,rose-collins.net,Operations,5948,no,no,mobile,Safari,2025-02-10T01:20:27,70,"45.027991,104.264204",Spanish
bcd78398-b151-4c2a-9563-d0cf32e14bc0,Television class money happen nation take.,webster-buck.com,Finance,6185,no,yes,mobile,Chrome,2025-03-09T23:15:58,79,"-12.5900715,157.028309",German
6baeab02-faaf-4c05-92c5-5df24532825f,Report quality in style language military expect truth.,hunt.info,Marketing,4300,no,yes,desktop,Safari,2025-03-18T11:26:10,250,"-52.8798335,54.146457",Spanish
e7b19dfa-02d7-4b85-816b-9ca36a73bcc0,Stock their field avoid.,bond.com,IT,3989,yes,no,mobile,Firefox,2025-03-03T02:27:31,93,"-15.335087,-93.393282",German
8cc287f0-6f56-4a93-b4cf-0de02fc8f7ed,Our charge organization lot difference think.,travis.com,HR,8313,no,yes,mobile,Safari,2025-03-31T14:35:38,584,"-55.053000,29.810027",English
50fe203a-4c1b-42c2-af87-86c6e850a5af,Magazine result give since travel reveal.,rowe.com,Marketing,8545,yes,no,mobile,Chrome,2025-01-02T16:55:24,259,"64.5538095,45.663990",English
b297c1de-6242-48d4-a3e0-d86132a87c81,Paper ok else society material growth apply.,dennis.info,Sales,6368,yes,no,desktop,Opera,2025-01-22T02:29:47,425,"3.1174605,128.515473",Spanish
aa029560-fd5b-4f2a-983b-1e7ab96a43f0,Long process do apply.,taylor-anthony.com,Sales,5581,no,yes,desktop,Opera,2025-02-14T15:02:50,549,"18.2552585,-166.444464",Chinese
8133f30a-7bd8-466e-bf3e-00e5426e5343,Believe beautiful seat people impact mission reason arrive.,morris.biz,Marketing,9850,no,no,mobile,Chrome,2025-02-18T10:51:47,302,"-84.3114625,-82.863866",French
788d5217-2689-4604-9c0a-dc75a29cabb6,Federal agency describe option feeling similar human.,miller.info,Finance,7991,no,yes,mobile,Chrome,2025-01-16T06:16:44,373,"-32.1723815,123.799788",Chinese
70eeec6a-3ab9-4f65-82c8-eff8c8a1b139,Outside down president smile thousand.,davidson.com,HR,1866,yes,no,mobile,Safari,2025-01-05T15:37:25,577,"7.4539365,60.658052",Spanish
499c2cc3-26ac-4e97-99ca-cc49fb66fb15,Senior be cause whose rich daughter thought.,wilson-thomas.com,HR,6714,yes,no,desktop,Chrome,2025-01-21T22:28:03,270,"-55.570725,61.803337",Spanish
42c8a4f0-b90c-429c-8461-a3466b41f3fb,Dark old force edge computer forget.,bartlett.info,Sales,2653,no,no,desktop,Opera,2025-01-26T10:35:03,255,"52.623601,11.036049",Japanese
38627c45-a555-415a-9db4-83b8dd60bc7d,Situation writer current score decade gun.,moore.info,HR,6964,yes,yes,mobile,Opera,2025-02-24T08:04:43,277,"29.6102075,111.606210",English
adf48ba1-8437-4ebb-83e0-ba0cbd33819d,Upon worker increase.,alexander.com,Finance,8915,yes,yes,desktop,Firefox,2025-02-11T06:18:15,121,"-62.2426535,133.185091",Chinese
3ef736ad-2e00-42b9-b938-b6b9a1a77d2e,Two represent with family.,powell.com,Operations,5664,yes,no,desktop,Edge,2025-01-29T20:25:44,589,"32.785181,-112.680638",Chinese
774e8e01-07fa-4ba2-acf9-01398924531a,Involve born relate store something.,rojas-johnson.org,Finance,7650,no,no,desktop,Safari,2025-02-08T05:32:24,336,"-67.765412,63.987823",French
3cdc601d-43cb-4acf-b094-0b31b5865cf1,Model couple suddenly down report.,bradley-george.com,HR,5252,yes,no,mobile,Opera,2025-02-23T04:50:33,223,"-47.035573,121.098390",Chinese
f0ffdc6a-416c-46d3-8a86-15b7279b87c0,Political describe answer there old five.,conley.biz,Marketing,1325,yes,no,mobile,Firefox,2025-02-12T22:58:12,412,"24.504152,119.769650",Spanish
c309d02e-e671-4267-806e-a046fe798669,Will left do of study hot.,cunningham.com,Sales,8585,no,yes,desktop,Firefox,2025-03-18T19:34:29,494,"29.753196,-151.927062",English
0c75acf2-2da9-44ad-ac17-47be286a4ea4,Hand college who player strong six.,jones.org,IT,4910,no,no,mobile,Firefox,2025-01-09T11:56:44,554,"-63.2669535,-11.899987",French
6ef04e9c-f441-42a7-ad9d-46abc011e6ab,Identify when clear message east beyond.,garcia-ewing.com,IT,572,no,no,desktop,Edge,2025-02-13T18:25:02,340,"-53.7460545,162.203005",Japanese
fd78e6d8-ac8d-4411-b060-090af1fd5839,Business discover benefit example story form.,love-ramirez.net,HR,5767,yes,yes,mobile,Opera,2025-01-29T08:53:59,101,"-43.752262,70.600336",Japanese
fe1985ea-bdfc-4583-8a18-0aad1499b06e,Site only just oil water himself worry everybody.,joyce.net,IT,4892,no,no,desktop,Safari,2025-02-14T19:40:45,251,"-77.884738,-18.333747",Spanish
fa536194-eecb-4846-b803-5ff370e19188,Into subject coach serve.,reese-lewis.com,Operations,6028,yes,yes,desktop,Safari,2025-01-17T23:53:46,141,"-34.0666485,-39.879302",French
63e7a226-e920-4245-820c-81494874976d,Thing program role memory most ask.,logan-archer.info,Finance,4930,yes,yes,mobile,Firefox,2025-02-15T08:03:41,187,"13.611335,-67.178404",Chinese
6997ee41-5acb-43e8-adc2-d398cee11474,Republican identify late conference.,mcknight.com,HR,9835,yes,no,mobile,Firefox,2025-03-31T06:01:28,483,"-82.4944465,-59.354804",German
83c0ec14-0118-459a-81f0-a22d3808f1e9,Door American rule protect for.,guerrero-robbins.net,HR,2069,no,yes,desktop,Opera,2025-03-20T20:23:21,379,"15.840837,-175.986786",Spanish
741a7426-8b13-47d7-b1e2-2be60d49a010,Purpose interview family.,williams.info,HR,1758,yes,no,desktop,Opera,2025-01-02T11:14:05,549,"-3.4944385,2.245237",English
7d69a938-2b68-489c-838f-5f6dffd2ef0d,Relationship probably plant assume.,rogers.com,IT,1976,no,no,desktop,Safari,2025-02-25T02:56:58,544,"68.7913935,95.835808",French
e82bf873-7288-4c21-9b4a-703c3e6d9148,Through future agent.,mcbride.com,Finance,571,yes,no,mobile,Opera,2025-03-04T07:58:09,40,"-57.2159265,-162.128899",French
43eef12b-b976-42ae-b3c7-d67c67aa0f65,Respond cup now evidence work down practice.,smith.com,IT,7684,yes,yes,desktop,Chrome,2025-04-03T00:14:31,548,"-57.3601495,127.192387",Spanish
3b9e53a7-4f38-435f-97ca-fd78a7ec8733,Million drug large account again.,cox-richard.org,Marketing,8892,yes,no,mobile,Opera,2025-03-28T19:28:20,189,"2.459868,-49.870153",Spanish
620693a3-9873-4cfd-8874-a8df6eea9b87,Lay dog chance pattern.,watson.net,IT,6097,yes,yes,mobile,Edge,2025-02-17T19:23:20,409,"57.763183,-119.049005",German
e963871e-ad6b-47e9-8568-8f6d8c075373,Kid almost night city program lose.,olson-reid.com,HR,3598,yes,yes,mobile,Opera,2025-01-09T13:57:18,358,"83.1844675,-2.773338",English
394f0982-cd0a-45e8-91ec-ac82d74a8627,Single involve take plant century concern.,salazar-yates.com,IT,7784,yes,no,desktop,Firefox,2025-02-03T04:55:41,343,"13.006359,143.335005",English
c898128d-2f01-423c-88a9-1d79475b9052,Offer different nation season.,rodriguez-johnson.com,Marketing,7909,yes,no,desktop,Edge,2025-02-12T03:18:35,329,"6.592707,-123.796830",German
e166dca2-0a46-4b8c-b7aa-22c95ab2811d,Grow her family forget talk.,abbott.com,Operations,8675,no,yes,desktop,Edge,2025-01-27T21:59:40,253,"21.308387,19.921013",French
556bab52-7156-402b-b651-6ea849f1fdbd,Attorney scientist yeah big.,barajas.com,HR,5949,yes,no,mobile,Chrome,2025-02-03T17:38:59,503,"-75.804694,-26.040383",Chinese
507d2325-5bcb-4f55-9d20-2680aac90879,Fine hospital situation item suddenly.,davidson.com,IT,6705,no,no,mobile,Opera,2025-01-19T03:48:06,283,"57.506895,-121.838537",Japanese
446438fb-530c-4492-ba43-4144f3c284bd,Goal soon while owner here.,whitehead-hughes.com,Marketing,4075,no,no,desktop,Chrome,2025-01-02T04:19:36,409,"-10.406307,163.213549",Chinese
954b667c-eafe-4c59-99e5-0b7aaa248fee,Require but of gas walk gun close.,barnett.com,Sales,7958,no,no,desktop,Edge,2025-03-19T22:02:53,597,"46.682217,21.821180",Spanish
bdae3957-a7c4-4b64-a0ec-101ffb556f3c,Moment little modern education treat bed.,owen-johnson.com,HR,1967,yes,yes,desktop,Opera,2025-02-25T19:30:35,221,"16.0517695,-29.960054",French
a5226edc-584a-43f3-be03-b8ef197f59e5,Dog use employee effort part.,mendez-martin.org,Finance,3933,no,no,desktop,Firefox,2025-02-14T04:07:29,357,"65.022121,-104.760791",German
821e9d46-9ce1-445c-92e4-18ea30d7077d,Unit by one child other yard sign.,myers.com,Operations,1460,yes,no,desktop,Firefox,2025-02-04T06:02:38,572,"71.544713,117.073275",Spanish
91a83576-7abf-4b46-bb66-c7df7e9edba7,Age same do give trial bed catch than.,chapman-patterson.com,Finance,4325,no,yes,mobile,Firefox,2025-01-26T00:43:57,277,"58.5111975,116.362645",Spanish
f4b22878-79fc-4eaa-9a2d-96b16045fdb6,Available whether network manager during material.,graham.biz,Marketing,8198,no,no,desktop,Chrome,2025-02-17T05:44:55,597,"53.7323715,-31.039661",French
96b80189-632f-4618-8769-5afb1c4116f7,Future popular art information tree hundred.,oconnor.com,Marketing,3682,no,yes,desktop,Safari,2025-02-13T10:02:22,496,"11.3684545,63.105197",French
f02d12fe-a630-40e0-bf57-20eaf8549349,Threat gun too heart source start involve pay.,wilson-nguyen.biz,Operations,5741,no,yes,desktop,Safari,2025-01-24T07:12:43,83,"-76.2026205,32.745920",Chinese
577b7ef6-3639-4bdf-8b0f-d337aa6c2100,Next court air risk air bad.,jones.biz,Marketing,4337,no,yes,mobile,Firefox,2025-03-08T05:46:49,546,"7.3483395,-93.683662",Spanish
f27168bf-0e8a-460c-90e3-f310ad7f612d,Program car her past.,moore.com,Sales,2156,no,yes,mobile,Edge,2025-01-14T02:30:11,449,"77.252789,105.104074",Japanese
8b8f853c-de3e-4aa7-878c-784900cb30c5,Medical check rise recognize.,osborne-fleming.com,Finance,3935,yes,yes,desktop,Opera,2025-02-06T15:06:40,57,"55.150507,125.561169",Spanish
8cd48c6a-0d78-4197-8481-2cade23cc292,News form arrive your list affect boy.,cook.info,HR,1936,yes,no,desktop,Chrome,2025-01-20T13:09:37,134,"29.837170,-28.196342",French
800ecb6a-04d2-4ce3-8168-a1bd5d8fba42,Put when give which.,rhodes.com,Marketing,3714,no,yes,desktop,Edge,2025-03-05T02:55:33,560,"75.290574,-102.652736",Chinese
f11b44e4-e395-494d-87e0-affce6cf616e,Learn style although finally.,peterson-vaughn.com,HR,6159,no,no,mobile,Firefox,2025-04-03T14:24:10,296,"39.4240955,-28.879721",Japanese
ccbd9009-f043-4170-9afc-2a17f209b9d3,Most student sort ball how personal phone.,howe.biz,Operations,1050,yes,yes,mobile,Chrome,2025-02-12T06:58:20,222,"39.000324,21.498243",English
59846cf2-fe8c-43be-ab44-2efd4bfe6518,Rise example say before stuff rich.,nichols.org,Operations,4595,no,yes,desktop,Opera,2025-03-17T12:23:16,292,"21.0289845,143.681127",Spanish
403e9217-eec0-4ed0-8ad5-29b3744bcdfc,Hospital drug public should want amount.,braun.info,HR,2424,no,no,mobile,Edge,2025-04-03T18:51:09,519,"-30.5470295,79.014621",German
6425eff1-cda9-4176-b201-690e3d52e1b2,Born nothing require beat image area up stuff.,wilson.com,Marketing,1348,yes,no,desktop,Opera,2025-02-12T09:03:51,222,"-1.203037,158.434223",German
209a29d9-2259-4ece-a633-e34155355fe5,Summer play nice only challenge.,morris.org,Operations,3987,no,no,mobile,Chrome,2025-01-12T04:40:03,600,"32.6506445,-53.071091",German
a550f525-e648-4866-9001-4bf5783b3e36,Your not so upon yourself.,ramirez.org,Sales,644,no,no,desktop,Safari,2025-02-03T11:13:33,520,"-18.7027565,139.770277",English
b6816972-71d5-408b-aadf-ebc1bb5c9c87,Either class game without science.,baxter-lindsey.com,Sales,4841,yes,yes,mobile,Firefox,2025-03-25T20:59:04,222,"26.0387835,-146.676745",German
b87b0f42-fd84-4d75-be3e-66ac009677b3,Security table window simply value join ask only.,wall.com,Marketing,4046,no,yes,desktop,Edge,2025-03-02T14:44:07,469,"-45.0109805,112.820919",Chinese
d8cb36c5-1ca0-435b-9d84-05c71c0aaa2f,Democrat power hold over.,garza.com,Marketing,9970,yes,yes,desktop,Edge,2025-02-14T14:19:05,582,"12.1502545,72.588767",French
483fa265-f396-406e-9e0a-78d7651f04c0,Degree others perform ok meet.,manning.com,Sales,1356,no,yes,desktop,Firefox,2025-01-26T23:38:01,213,"1.216352,109.183933",Chinese
dfa8e8ad-f2b9-4eff-9bb7-9683ea87107e,Product these entire pretty eight.,meyer.info,Sales,2000,no,no,mobile,Chrome,2025-01-07T07:36:02,154,"-65.3793575,-99.055775",English
882da630-4292-4131-86a7-366c2245cf20,Control anything air player five.,day.com,Marketing,8461,no,yes,desktop,Firefox,2025-02-03T20:58:28,573,"55.5315745,-135.039319",German
fa5b23fd-3e52-4f61-98a8-82b7bfa87c00,Much picture admit reason.,luna-mendez.net,IT,4849,no,no,desktop,Opera,2025-03-20T01:24:25,369,"-12.4988985,-46.781588",Chinese
d6c2c906-6333-4535-9c80-f683ae1850d3,Until process own stock.,brown.com,Finance,2664,no,yes,desktop,Edge,2025-01-04T02:37:33,231,"-42.2826865,-134.088094",Chinese
c7fecf71-a5d7-40f1-bb61-cecb53f84a9c,Than important this week.,miranda-graham.com,Marketing,696,yes,no,mobile,Opera,2025-01-23T05:12:19,311,"-64.6119035,74.773829",Japanese
50656ee2-c1f0-4cea-a7cc-a06a7fdb3790,By answer anyone eat throw against fine remember.,ward.info,Sales,3520,yes,yes,mobile,Edge,2025-03-17T13:05:40,32,"6.6714795,154.818928",English
95695bb5-0a09-4663-886a-ea56434164b1,Dinner cell dream serious.,morrow.biz,HR,2903,no,no,mobile,Chrome,2025-01-27T09:02:21,253,"19.446103,-59.961653",German
2b123989-0a0e-430b-bc18-d7132dcd3e6f,Leader finally reason.,raymond.net,Operations,523,yes,no,mobile,Safari,2025-03-16T16:20:32,585,"-77.512145,134.527659",English
d6ff1abd-294d-4c55-9f08-22296d504ea7,Probably prevent away still.,beard.net,IT,8582,no,yes,desktop,Safari,2025-01-13T23:37:00,511,"22.073187,-19.609520",Japanese
3ba7b269-0a7d-4fd2-9dca-0385975daecb,Environment PM work admit behavior can.,stephenson.com,Operations,8543,no,yes,mobile,Safari,2025-02-06T14:40:02,533,"46.8148185,-50.450413",French
12b6463d-fdf3-4cae-acc6-286b26c9c9a4,Quickly accept fire lawyer firm direction piece keep.,blair.com,IT,8966,no,yes,desktop,Chrome,2025-04-03T09:43:42,465,"-4.655753,-40.947917",English
20e0c690-822a-4f98-8280-a7af54b396f5,Which despite management region find small.,ray-king.com,HR,8078,yes,no,desktop,Opera,2025-03-04T17:23:56,308,"-78.554814,29.394098",Spanish
4eea376e-08cd-4466-ab7f-86671787b392,No break at benefit education main.,thomas.org,Marketing,7053,no,yes,mobile,Firefox,2025-03-15T05:50:26,368,"33.526691,65.268662",French
595bd901-4671-499f-9bea-e5046f90794b,Pay usually reveal parent theory live.,thomas.com,Operations,975,no,yes,mobile,Safari,2025-01-12T21:41:46,85,"56.385640,-63.377546",Japanese
baf20a74-2756-4c73-b31f-41639a4aa0dc,Forget first water into.,bean-cole.com,Operations,6966,yes,yes,mobile,Edge,2025-01-06T16:14:27,351,"39.8170425,-44.665901",Japanese
a2ee0c27-e0b3-4cc0-938d-eac410195309,Mind indeed between perhaps act.,scott-romero.net,Marketing,8919,no,yes,desktop,Opera,2025-01-21T21:51:30,109,"89.5611865,43.152447",Spanish
3e38cd41-4ecc-4468-85c0-b64528ebbcc0,History view watch per production military card free.,thompson.org,HR,5797,yes,no,desktop,Edge,2025-03-03T09:13:13,555,"89.3949915,-123.990571",German
df786817-6ffc-42ce-add8-642311c53805,Next at local meet.,steele-miranda.biz,Sales,2136,no,yes,mobile,Edge,2025-03-04T03:51:30,596,"3.918456,-132.160443",French
a8558d9a-c314-4b1b-adfc-1429d51e710a,Head drive always amount upon turn somebody line.,fletcher.info,Finance,2791,yes,yes,mobile,Edge,2025-02-25T02:37:14,554,"-28.5229735,-67.583695",Spanish
a7690870-2992-4a14-9673-643e1e5dab5b,Civil leave owner walk including film.,garcia.info,HR,6051,yes,yes,desktop,Firefox,2025-02-12T12:53:37,383,"-73.4124705,-79.215527",Spanish
58e49a6f-c031-4e16-bd1a-c96f6ccaf1c5,Culture community recent street pass three protect.,quinn-page.com,Sales,1797,yes,no,mobile,Edge,2025-02-17T04:00:49,400,"-57.1748425,-27.576341",Chinese
4ba39e03-83bd-4a42-97b0-f4dddedab7a3,Station particular economy financial plan from.,ford-carter.info,Sales,1804,yes,yes,desktop,Safari,2025-02-19T01:29:39,27,"-74.6275125,-84.971245",Japanese
a5ca3436-b4c8-498f-8b95-32f56c430bfa,Industry pass despite whom.,gordon-adams.biz,Finance,1289,yes,yes,mobile,Chrome,2025-02-14T13:53:15,102,"83.855756,-23.311704",French
bba9227f-8e17-42a3-add1-0b681dc82408,Stuff later open laugh stand and.,daugherty.com,Sales,3573,yes,no,desktop,Chrome,2025-01-30T03:46:32,599,"-24.179635,-153.284031",Spanish
c68c31d7-c022-4f0a-a25d-f45175481185,Impact Mr before truth kid president imagine.,silva.com,HR,4054,no,no,mobile,Opera,2025-03-31T22:14:21,584,"-37.866308,-34.876930",French
e3bf71d7-d7c1-4076-81ee-b83cb78bb856,Thousand wide full including president garden.,alexander.com,Sales,6901,yes,yes,desktop,Chrome,2025-02-10T14:23:58,583,"-8.7695535,-139.310121",English
8a8cf12a-fcf8-4169-9633-26be5c5efd9a,Day likely hold.,meadows-martinez.com,Finance,3904,yes,no,desktop,Safari,2025-03-31T13:22:33,134,"44.091881,14.969215",French
93f05e1f-2d31-46a3-bb20-68fed7bd1a1c,Myself such year whether whatever mean thus decade.,cruz.com,Marketing,7322,yes,no,desktop,Chrome,2025-01-09T23:27:38,347,"46.204788,92.890391",English
88238b18-058f-4753-8498-513d8901b350,Many she nature need edge.,hernandez.com,Operations,2170,yes,yes,desktop,Edge,2025-03-22T19:22:26,94,"-44.520487,-172.857690",Chinese
9ea66084-a1e0-4154-a7f1-71e1c6f03ec2,Full mission according material protect bad.,davila-smith.com,Sales,928,no,yes,desktop,Chrome,2025-02-09T19:17:11,156,"-73.749357,159.563430",German
e6ec3709-c946-4239-901a-0261d2ea212a,Method city candidate must follow.,edwards-kelley.com,Operations,4504,yes,yes,desktop,Safari,2025-03-20T05:42:58,440,"-7.144361,-127.352145",Japanese
5b931d97-9468-4abd-8294-f370cf5dde6e,Four until edge however sometimes.,gentry.org,Finance,6048,yes,yes,mobile,Firefox,2025-01-08T15:01:49,507,"46.6077155,-64.899494",French
d81831e0-8b53-4780-8381-a3310c6d7785,Spring against inside reality concern beautiful ball.,gomez.net,HR,2181,yes,yes,desktop,Firefox,2025-01-05T11:22:27,403,"59.325847,-84.209470",French
05b8337f-0f83-430c-b12a-8344c88914bd,Agent mother pretty agreement citizen car protect both.,singleton.com,Marketing,7561,yes,no,desktop,Safari,2025-02-28T14:35:17,501,"-74.5654515,43.990265",Chinese
66d88bf1-1cde-4198-a0ff-162b29b53142,Key goal personal material network experience.,taylor.com,Operations,8561,no,yes,desktop,Opera,2025-01-10T22:27:30,433,"-0.768821,-159.145357",English
54e8d567-df62-4579-9856-96d47b8f6d61,Pull system fight total here.,smith-white.com,Finance,568,yes,no,mobile,Opera,2025-03-26T22:42:30,97,"26.0684265,-123.474829",Chinese
a50a0e81-3dcf-41c5-bf01-cc14ae9e447e,National company mother art story laugh.,moses.info,Finance,3794,no,yes,desktop,Edge,2025-02-04T11:25:13,273,"-60.036133,-75.998452",French
cb2b7899-e238-42b4-8bde-e59815644e46,Radio husband product appear factor child.,anderson.com,Finance,9390,yes,yes,desktop,Edge,2025-02-08T20:55:51,258,"47.2125185,-81.836117",French
75fe1601-60c3-4de6-9807-625cacbd1b6b,According score throughout style sister.,watson-lindsey.com,Sales,6226,yes,yes,desktop,Edge,2025-01-20T19:54:53,239,"-58.9292055,139.865758",English
ca6db71e-d686-4a7d-9614-18458e4a34f1,Six shake American nearly economic contain capital.,edwards-roberts.com,Sales,2480,no,no,desktop,Chrome,2025-02-18T23:41:47,240,"-9.556441,178.225035",French
a636ba27-0927-4c68-bd6e-2ba189d65e1a,Mother teach return apply debate reach leg.,oneill-tran.net,Marketing,4511,no,no,desktop,Chrome,2025-03-02T10:33:17,128,"77.045072,86.439644",German
c4c43e91-7638-48ce-aa95-f84ac86eebc0,Where business miss actually professor thing tend.,moore.biz,Sales,2317,no,yes,mobile,Chrome,2025-01-09T15:56:25,122,"-64.2736655,99.408625",Chinese
b47242ea-1878-4cf0-8e0b-7144fb2f21cf,Recognize success city area civil.,carr-patterson.com,IT,5207,yes,no,desktop,Chrome,2025-03-05T02:44:57,242,"29.937081,-68.064471",French
15648258-b997-4ce9-be87-824249a39c49,Figure special commercial safe.,davis.com,Marketing,1128,no,no,mobile,Chrome,2025-02-08T22:06:25,332,"71.015519,18.966893",English
3ea6ad35-0660-4330-b9b5-8eafb1b6f55c,Talk hair add soldier foot age agree.,gonzalez.com,Sales,2547,yes,yes,desktop,Opera,2025-03-03T04:09:55,259,"6.6932425,-95.645507",Chinese
bab1df63-2306-45ee-9dca-f8da53bdc575,Management under without boy good house year.,fitzpatrick.org,Finance,7647,no,yes,mobile,Opera,2025-01-02T01:43:42,218,"-17.150898,-140.512414",French
2b241f99-d37e-48a3-9800-4b4683471476,Our Mrs some billion past gun hour party.,solis.com,Operations,3869,no,no,mobile,Firefox,2025-03-13T20:26:45,187,"45.9947885,66.256608",German
97451bd6-b83b-43b1-a2cf-7ef08979c504,Final fine amount difficult fact.,buckley.com,Sales,7474,yes,yes,desktop,Firefox,2025-01-21T18:50:32,243,"-0.866891,85.011904",French
690e79b4-d24c-4349-809f-97270a0c1bc4,Explain agree build child.,garcia.com,IT,998,no,yes,desktop,Firefox,2025-02-28T14:46:04,352,"-82.965750,-119.268260",English
bf126f08-eb08-498f-84f1-9ebbe2a35473,Crime tell magazine short bring.,moses.info,IT,1362,yes,yes,mobile,Opera,2025-03-17T04:57:22,108,"-51.599657,-133.939761",English
4a2227b6-5c7a-475a-b34e-e9b3c8062e71,Moment exactly security free maintain each present.,moore.com,IT,3546,yes,yes,mobile,Chrome,2025-03-31T06:32:14,451,"-49.800222,6.591219",Spanish
850561e6-1967-4e91-8823-c4c09100b87e,Only next one age customer pressure section wide.,moore.net,HR,2573,yes,yes,desktop,Edge,2025-01-18T04:25:03,474,"52.216833,-113.768433",German
6a066803-8b19-4a9a-b9a5-739c07d14496,Standard the hundred section tree item stand.,butler.com,Operations,1012,no,yes,mobile,Safari,2025-01-29T00:13:25,571,"82.446567,152.865645",English
ddea0a18-9944-461c-bb62-5ceda1616d6c,Happen later nation high leader option.,west.com,Marketing,6051,yes,no,desktop,Firefox,2025-01-13T06:42:18,45,"-2.1415385,135.783175",Japanese
f7efa63e-b2ec-4229-bb8d-549450231b88,Figure when strategy his front respond.,schneider.com,Operations,9783,yes,yes,desktop,Firefox,2025-01-08T17:11:19,313,"6.8746705,10.500361",Chinese
0abd2d02-c171-4b8e-97d4-47ede91b8459,Look bad ahead class.,nicholson.com,Finance,2928,no,yes,mobile,Opera,2025-02-21T12:32:44,501,"-41.629770,69.206864",French
39093464-cdc2-4e4b-a380-ba6987aba5db,Image join soldier service design big outside.,tran.com,IT,7819,yes,no,desktop,Safari,2025-01-25T11:00:47,319,"-42.4018335,-118.149524",Japanese
578df577-dfc5-45eb-9187-1f8c2a65151c,Ask radio stand raise marriage on.,lucas-nelson.com,HR,7953,no,no,mobile,Edge,2025-01-18T09:53:12,345,"-39.6191775,92.276405",English
1b27b3a3-ee78-4cbb-958a-842da94bb810,Home us today however skill help.,garcia.com,Finance,1040,yes,yes,mobile,Firefox,2025-02-20T05:02:27,536,"-48.694816,64.514113",English
cf17df04-61a8-41c5-b830-909d8acd3926,Building by sign color impact study.,smith-cohen.biz,Sales,9782,no,yes,mobile,Safari,2025-03-27T00:36:49,583,"76.761375,-163.802768",French
44a4e1cc-1290-4606-b822-7a60ca432195,Yes value think traditional pay perform.,white-nelson.com,Finance,1845,yes,no,mobile,Edge,2025-03-24T18:09:08,279,"67.3239065,-88.310457",French
d54bd9b6-0eec-4e22-82b5-7ed66309d91b,Receive mother employee star start challenge.,smith-green.com,Finance,3335,no,no,mobile,Opera,2025-01-24T04:35:36,129,"84.3656645,175.494704",Chinese
4c9c5ab0-7530-46d1-9c79-ae2055959b7b,Investment again financial into best also through.,heath-jones.com,IT,8618,yes,yes,desktop,Firefox,2025-01-09T09:16:30,468,"44.629685,-70.627305",French
25c2c956-dac1-4a89-a577-e1abb8daaf2c,Site difference out those management smile.,munoz-frye.com,Operations,3689,no,no,mobile,Chrome,2025-04-03T16:54:28,539,"-73.879085,168.428666",Japanese
7ed1d76d-bd91-4a7a-8a6c-e5bc338e621f,Debate fly goal authority.,brown.com,Marketing,1399,no,yes,desktop,Chrome,2025-02-24T01:04:46,561,"66.0949135,171.552257",Chinese
0209e36a-4d7c-46fa-a184-9566193ca158,Mind indicate case mother stock itself.,owens.info,HR,1861,no,yes,desktop,Opera,2025-01-18T07:14:59,55,"71.9437055,-155.549462",English
ba7998b1-9ab9-426f-998c-b4fe87f1cbea,Admit citizen painting her.,buckley.biz,HR,6911,no,no,desktop,Chrome,2025-01-31T09:29:59,548,"37.3882295,133.307574",Chinese
b0c829ec-d690-47c1-bc7f-dc9832774d50,Quite college themselves memory community.,reynolds-woods.org,Sales,9209,yes,yes,desktop,Firefox,2025-01-26T13:27:25,179,"78.8977395,124.782009",German
402ee504-a024-4f6d-b7d2-afda1d648530,Financial ok send admit thus after not discuss.,smith.com,HR,8255,no,yes,mobile,Safari,2025-02-26T17:03:22,18,"24.8213375,83.878566",Spanish
6a1776f1-a82a-49f8-932a-97e693cfc843,Yet affect visit international happen whole.,richmond.org,Sales,2273,no,yes,desktop,Firefox,2025-03-04T20:57:23,154,"-55.2226455,163.970420",Spanish
8ec5281f-f0ab-4c35-b096-bb1bdda39e03,Performance big simple seem.,jackson-robertson.com,HR,6230,yes,yes,mobile,Safari,2025-01-17T00:52:30,333,"-12.872671,-57.836978",French
1c7baba9-3324-4dfa-95be-e9930562c78b,Stuff through goal.,king.net,Sales,517,no,yes,mobile,Opera,2025-03-14T10:04:18,572,"68.940140,60.398912",Japanese
d92dce89-6655-49b5-9413-43f1ff9db003,Case water serious design current new civil although.,soto.com,Sales,4093,no,yes,desktop,Chrome,2025-01-24T12:19:37,42,"86.508424,-78.836312",German
e74f77fb-1257-4a65-a482-e4959175d22f,Economic American bring campaign.,johnson-rogers.com,Sales,2244,yes,yes,mobile,Safari,2025-03-05T17:57:06,55,"11.714437,-106.616269",German
ad76541c-eda8-471b-a6d2-99a9f7cce921,Safe goal base house bring economy wear fear.,richard.org,Marketing,675,no,no,mobile,Safari,2025-01-16T06:07:55,249,"52.0390615,81.180372",Spanish
9edfb520-31ac-4793-b528-b1bfbe3c60c5,Group such environmental become.,kelly-miller.biz,Sales,9223,yes,yes,desktop,Edge,2025-03-17T21:16:09,135,"85.4266905,163.677825",English
15adc0e4-218e-4cc3-a5a9-89bb42c2eb64,Central eight best test lot.,fox.com,Marketing,3243,no,no,mobile,Opera,2025-02-19T03:52:27,111,"-80.0984325,-2.182241",Spanish
91f6480b-229d-4972-a0d8-67eb9707c101,Statement perform protect method.,vasquez-green.biz,Operations,7370,no,yes,desktop,Firefox,2025-02-16T02:44:14,502,"-61.4055065,-96.053884",Japanese
c90015c6-bfee-4379-aba0-2c9203e9c5b1,Like quality another.,rogers-rivera.com,Finance,2929,no,no,mobile,Edge,2025-02-24T13:02:39,223,"-31.737214,-147.930419",Japanese
f5c26a6d-5cea-4ff5-a621-49420da1d15b,Section her foreign by population.,brown-hebert.org,HR,8161,no,no,mobile,Firefox,2025-03-31T02:00:35,50,"-23.470178,-155.626638",French
ed0923de-5967-416b-8fa2-c3329ead9115,Institution mouth rather step million.,willis.com,Operations,8960,no,no,desktop,Firefox,2025-02-21T13:20:03,127,"76.1522395,119.880932",French
53862935-aea4-424e-a515-f943fe9aeaf1,Evidence standard those medical similar thousand later.,campbell.com,Finance,7067,yes,no,mobile,Chrome,2025-03-25T00:30:31,136,"15.0610135,-167.158183",Japanese
4f627f45-1b83-4232-b7b0-10717f7c38e5,Expect participant school.,berry.org,Finance,2504,yes,yes,desktop,Chrome,2025-01-04T16:09:36,167,"-41.187890,-141.535150",Chinese
3bf9b7b5-1cb7-404d-954f-c6ec75d0e036,Event dog theory seat.,ryan-griffin.com,HR,1855,yes,no,desktop,Edge,2025-01-03T18:40:11,253,"0.504784,103.282597",English
c8d866ad-851f-496f-8100-fd4bb1b69a45,Standard pay with foot.,alvarado-vasquez.com,Finance,5937,yes,no,mobile,Edge,2025-03-08T20:54:27,570,"-33.525134,-124.981008",Japanese
8c7e0415-ec28-44a5-aa47-41bec3cc80a2,Pass could official mention.,delgado.com,Sales,8032,no,yes,mobile,Opera,2025-03-12T09:52:23,526,"-87.639072,121.748803",English
d94e7e58-ae60-412f-af1b-7e1f59c7fb7d,Too bar our force eat gas hour economy.,carter-yu.org,HR,8957,no,yes,desktop,Chrome,2025-01-31T09:54:32,535,"-17.972334,128.914770",Spanish
264c736a-91cb-46df-8223-0a776483857c,Even develop add fall.,anderson.biz,Marketing,4135,no,yes,desktop,Safari,2025-03-06T16:52:17,390,"-39.0026265,-1.468159",Chinese
5fdb43ae-cbeb-40ba-9dd3-5993a47ccdac,Never idea step move listen raise onto.,sims.info,IT,4546,yes,no,desktop,Edge,2025-01-19T12:59:16,565,"-31.3512825,41.347216",Spanish
e75cbece-b7de-442c-99e6-627e497b5ed0,Bring per know realize.,malone.com,Operations,7527,yes,no,desktop,Chrome,2025-03-03T04:22:01,48,"-52.659258,-131.850998",German
6ba7d2ab-0c07-4760-8001-f15fedd29b79,Dream scientist create once skill.,manning.info,Operations,1976,yes,yes,mobile,Opera,2025-01-20T15:07:37,31,"34.5125215,15.200243",French
7da1e210-4922-4388-ad3b-2b6d7c2d7407,Share discussion standard yard.,armstrong.biz,Sales,4335,yes,no,mobile,Firefox,2025-03-08T03:45:01,228,"62.242084,145.741328",Japanese
f83f1161-9e5f-46a8-ad9e-db4c62fed606,Great serve notice sell laugh.,coleman.com,Operations,8561,no,yes,mobile,Chrome,2025-01-07T15:11:51,114,"-86.226163,-66.018944",Spanish
2da8abd6-1941-4fde-a591-855fdf1b917b,Garden room same although decision thus most.,ward.biz,Finance,1479,no,yes,desktop,Edge,2025-01-13T00:58:44,341,"-86.615567,78.756867",French
5a912c08-b398-4d3f-9bce-48904bb79899,Country north task far four senior nor.,woods.info,IT,3757,no,yes,desktop,Safari,2025-01-31T15:39:53,516,"-84.186340,124.739163",English
c512ee91-6e28-493b-98ad-956d48a7048e,For perform cup capital in.,weaver.com,HR,5350,no,yes,mobile,Opera,2025-01-21T07:58:36,541,"-67.711825,-72.507725",French
d3bebdf7-c0e4-4273-80ef-d10edd8a0094,Local form painting believe position music.,foster.net,Sales,4125,yes,yes,desktop,Opera,2025-01-26T21:26:19,366,"68.2991065,-132.062725",Japanese
88757cd9-a32f-40f0-ad8f-22c20574d4d2,Wall let rather by way turn take program.,sanchez-benson.net,Operations,8395,yes,yes,desktop,Firefox,2025-02-20T06:22:49,133,"-28.446087,-71.503697",Chinese
1c50b505-5b1c-4851-b89d-fe7852f857a9,Fill teacher middle politics bank.,vargas.biz,Marketing,6417,no,yes,mobile,Opera,2025-02-17T07:37:34,579,"63.370946,173.808106",French
667318c0-9ff8-46e7-8984-0fbda5f2b44d,Growth forget trouble how agreement guy.,carroll-drake.com,Finance,1208,yes,no,desktop,Firefox,2025-01-22T05:49:23,215,"44.927775,78.962059",Chinese
358cd5df-9b05-4bc8-8f14-64b462708446,Word politics energy though.,garner-day.net,IT,2298,no,yes,mobile,Firefox,2025-02-27T00:57:34,408,"59.597786,-140.269996",French
d2f5db72-b903-4242-b4c4-00cd0d249faa,Compare half care wrong daughter.,cantrell-fox.net,HR,1091,yes,no,desktop,Opera,2025-01-14T09:33:48,151,"10.726515,61.309353",French
b08c3182-4159-4606-801d-97a46c341bcf,Treat catch focus might learn base.,winters-douglas.com,IT,8041,yes,no,desktop,Chrome,2025-01-21T00:02:48,280,"-87.705727,-160.820653",French
2fa22aaf-0d1d-4cfc-b433-a38a12082562,Couple sort race car term number.,hunter.com,IT,6022,no,no,mobile,Firefox,2025-02-11T15:07:23,113,"80.425213,-104.204578",Chinese
36046aff-3b37-405d-b348-102520c676ee,Guy cover affect fall.,robinson.biz,Marketing,1792,yes,yes,desktop,Opera,2025-02-05T02:03:54,584,"-83.2525875,24.798209",German
27bdcb65-d2da-41b2-bff0-f45a638d3139,Decision option affect himself nearly arrive show.,cook-mccarthy.org,Sales,956,no,no,desktop,Edge,2025-03-20T18:46:41,329,"-20.8657515,140.020589",German
69ee3fa0-2eec-466a-9bde-6629caf4ca33,View example admit plan build particularly responsibility.,williams.info,Finance,4753,no,no,desktop,Opera,2025-01-14T13:52:00,301,"-39.426424,100.379891",English
5467da64-e880-4b40-bd8c-eae522bf6f04,We eight possible benefit without policy article.,sims-stanley.com,Operations,615,yes,no,desktop,Chrome,2025-01-22T22:05:43,453,"36.2520685,-0.333615",Chinese
917495ac-3053-4b2d-9d24-8b5df190eec9,Air church picture ahead protect later.,griffith.com,Marketing,5102,yes,no,mobile,Safari,2025-02-05T01:51:00,476,"8.8324255,44.431118",English
0b0d424f-3833-46c4-a600-a5a2b8a5add8,Cold note arrive customer.,johnson.com,Operations,7657,yes,yes,desktop,Safari,2025-03-29T00:39:38,180,"6.4980475,-37.257106",English
c0172c34-9758-44b8-a356-6fc67dba0485,Son nor effect political behind pretty.,smith.com,Marketing,9755,no,yes,mobile,Edge,2025-02-13T13:06:03,465,"-59.755117,79.288286",Japanese
a8f0ff51-8309-4141-bf88-555f569e5dd1,Husband it order hard court education government.,chavez-hall.info,Operations,3799,no,no,desktop,Safari,2025-01-27T16:08:24,146,"-28.4608455,31.827679",Chinese
32087d7a-402a-44d4-8358-922d60d1f037,Send need turn how break table police.,williams-landry.net,Finance,6263,yes,yes,desktop,Chrome,2025-03-23T05:13:48,206,"-53.0180525,176.929865",Spanish
989b91c3-fdee-4fe3-b8f8-b127a4bb5b94,Mother before half standard space fact environmental.,martinez-hernandez.com,HR,547,no,no,desktop,Opera,2025-02-27T08:53:49,472,"-16.4364885,145.546856",French
8cef1943-cb48-454e-ac46-b8a568afe059,Take truth road civil most hour.,booth.com,Finance,9575,yes,yes,mobile,Firefox,2025-03-12T04:44:59,250,"24.059906,48.552889",German
a1fdd787-1b70-4fcb-b93d-a8f0c3137088,Difference operation price positive.,garza.com,HR,9594,no,yes,desktop,Edge,2025-01-16T20:15:58,259,"81.8509945,2.794345",Spanish
10ebb1fa-ce7c-4322-b383-9d0409254c0b,Arrive few fall bad ready arm forward.,woodard.com,Finance,3163,no,no,desktop,Firefox,2025-01-28T11:23:00,104,"-4.114868,103.541511",German
1c29ec4c-6e15-48b0-b4d8-5b38de2cbb1e,Movie field event nearly.,morrison-brown.biz,Operations,1384,no,no,desktop,Edge,2025-03-30T18:53:26,158,"36.428892,-98.796607",English
43a13379-6d80-429e-956f-79b6ca11b94f,Cultural back piece world ability ball.,allen.com,Operations,3577,yes,yes,desktop,Safari,2025-02-12T17:11:34,587,"-10.074958,156.280763",German
b3e3c6fe-55a8-403f-904f-7bae746abe90,Official hold why occur such mention.,sullivan.com,Marketing,9927,yes,no,desktop,Firefox,2025-03-20T10:03:57,254,"-14.8230385,-80.959523",German
2d971fec-7758-4b05-9db5-de0effdac219,Man choice again attack.,moore.com,Sales,9679,no,no,desktop,Firefox,2025-01-26T01:31:28,327,"11.8783195,114.528687",German
7d598790-2086-4b18-99ff-07963c598495,Walk now high item cultural.,wright-lyons.biz,Sales,629,yes,no,mobile,Opera,2025-01-14T02:02:48,466,"-13.995221,71.485178",Japanese
057bb381-c33b-4941-95c9-54aec3109181,Protect action air west hair nature financial.,wyatt.info,Sales,6262,no,yes,mobile,Chrome,2025-03-26T13:14:02,40,"-62.1004865,-104.050706",German
9bae8350-8f72-41fa-9f1c-b67b97492848,Already past someone event.,lopez.biz,HR,7573,no,yes,mobile,Chrome,2025-01-30T02:25:47,298,"-71.120589,-89.861794",English
c4f9f96d-4dc3-4336-a63b-af163d4059cb,Catch indeed bag writer test play leader focus.,mendez.com,HR,609,no,yes,desktop,Opera,2025-01-30T02:36:12,424,"-70.9749035,-145.884012",Japanese
a72fb1e0-8151-47f5-bc12-b121f5cddd32,Sing brother artist parent staff office sound.,salas-collins.com,HR,2390,no,yes,mobile,Opera,2025-01-15T01:35:26,561,"81.567053,-114.875645",French
700ac9a2-0df1-4386-a9b5-39e8ca12ee58,Simple bill amount.,brown-skinner.net,Sales,7055,yes,no,mobile,Opera,2025-02-14T14:00:33,341,"-24.503944,-92.413085",English
369b3f91-7b7e-4cdf-bf32-b6ace9a5b20e,Several remember hour onto memory turn college life.,shah.biz,Operations,7668,yes,yes,mobile,Chrome,2025-03-19T16:47:25,54,"26.3634185,-19.939440",English
4b12f19c-5597-4e15-8e2e-17925ec70de4,Usually wear front anything face take writer off.,cruz-hudson.com,Operations,2039,yes,no,mobile,Opera,2025-02-22T08:51:21,425,"-64.2016575,-32.572282",French
f0240505-8193-47d8-9d87-bdcf5de72e9f,Hit apply cold eye.,wright.com,Finance,6229,no,yes,desktop,Safari,2025-03-23T12:28:02,420,"0.324408,-72.850443",Chinese
7ab91c2c-3215-406f-86e5-1744b5aeb476,Behind check performance use door low laugh turn.,dixon.com,HR,7330,yes,no,desktop,Safari,2025-01-19T20:18:57,408,"32.3001805,-51.174628",Japanese
7243d12a-fd7a-472e-8b96-32e8fe65c448,Another rock fine operation size ahead.,bennett-walker.info,HR,4464,no,no,desktop,Chrome,2025-02-13T06:36:40,337,"-30.145492,-8.034504",Spanish
3054a72d-b8f0-49f8-8674-fe966700e5e7,Product community like feel section.,tran-fox.com,HR,7309,yes,yes,mobile,Safari,2025-01-28T15:53:32,396,"8.5170405,137.365400",German
9406ef11-6128-4ee8-b0b1-44c81ae3c6f9,Both use detail other part strong.,perez.biz,Sales,9829,yes,yes,mobile,Opera,2025-01-04T19:11:25,570,"49.000916,104.453028",French
e95bf0d0-ede9-4ec2-83cd-6c6c88e1a2fa,Democratic change unit draw themselves ahead seven.,savage.com,Operations,1329,yes,no,desktop,Firefox,2025-03-15T03:42:58,288,"47.8551305,35.935744",Spanish
2f6ca3cd-4232-416b-8938-4dc4530915c0,Culture professor address care.,sutton.com,Operations,1135,yes,yes,mobile,Chrome,2025-02-05T11:52:22,129,"-23.797232,150.145852",Spanish
07663f12-fcf3-44fb-891d-fa4a47babea3,Dog west focus.,johnson-dominguez.com,HR,6396,yes,no,mobile,Edge,2025-02-18T07:07:46,363,"-16.2349435,158.923621",German
afb6cd82-bf9b-49ea-affe-5511add6a04c,Group deep become popular no sense.,torres.com,Finance,4669,no,no,desktop,Opera,2025-03-19T07:19:38,111,"-20.753036,-146.754765",German
2b7d08fd-9f8c-4158-8fcd-005908bdea73,Clearly bit wish interest majority Democrat interview.,page.com,Operations,3204,yes,no,mobile,Safari,2025-02-04T11:42:47,580,"17.428802,-111.351702",German
4a878025-464f-4af7-bc62-3fc6e279c9c7,Specific reason rather.,glass.com,HR,7493,yes,yes,mobile,Opera,2025-01-17T20:32:37,294,"53.1660525,-179.659403",German
1718bf40-fce0-4fc5-9288-abc321be1638,Course method against some challenge wall.,walker-smith.com,Finance,5632,no,no,mobile,Edge,2025-02-27T08:04:33,558,"82.7482035,143.349968",Spanish
0f4bc197-2f00-4abf-8d2d-ce6b3cbbbdda,Along manage space central long tree.,ortiz.com,Sales,4791,no,yes,desktop,Firefox,2025-03-21T03:02:54,387,"-3.242652,10.762874",Japanese
12228ddb-9cbb-4298-9507-b3a56560a935,For keep lot find.,paul-green.info,Finance,8631,no,no,desktop,Firefox,2025-01-15T14:12:03,253,"64.1958155,128.802209",German
bbf938fc-4dcc-47ab-a46e-61e44b38977a,Election chair end positive spend remain firm.,mayer-pope.com,Marketing,3453,no,yes,mobile,Firefox,2025-02-20T06:10:51,330,"78.1213795,68.923481",Japanese
7734ba50-1230-4af2-81b1-91ada5725c79,Remain ball happen use form.,orozco-mcconnell.net,Operations,3770,no,yes,desktop,Edge,2025-03-02T00:02:14,483,"45.650939,-170.667291",English
201225b1-9e7c-40eb-8270-f3fe67d48cca,Bit smile address pretty.,barajas-sanders.com,Operations,3907,yes,yes,desktop,Edge,2025-03-12T06:40:36,139,"17.757150,119.218269",English
3887d06c-695c-49a1-bf37-23bf55dc934d,Wait product now may technology debate.,lamb-torres.biz,Sales,6159,no,no,desktop,Opera,2025-02-15T10:19:56,268,"-5.3571475,169.638194",Japanese
0238e33d-8092-4d5f-8ec6-de6305d029ed,Be represent enjoy lawyer Democrat parent.,kent.net,Finance,7072,yes,no,desktop,Opera,2025-03-08T12:28:42,264,"-3.1664315,68.556938",English
69441af2-a6d5-4e67-8139-845461286bc1,Question none record.,young.org,IT,7291,no,no,mobile,Edge,2025-02-07T00:30:51,180,"-20.289271,-68.243844",Spanish
4f9f3e67-5b6a-4505-9937-3ab59816a436,Minute goal information weight along almost physical.,crawford.com,Operations,7847,yes,yes,mobile,Opera,2025-02-28T07:52:08,245,"79.140408,90.414447",Japanese
f6e15e0a-d7b8-4e40-a917-ae29521d05c5,City deal toward fill especially onto.,brown.com,Sales,4963,no,no,desktop,Safari,2025-02-24T17:59:09,24,"27.8885805,-157.040570",Japanese
314f00e4-9036-47b3-a7b1-5f3d0d0f1e87,Source consider recently official where center.,collins-ibarra.info,Finance,1702,no,no,desktop,Chrome,2025-03-06T19:00:21,518,"-64.151527,87.330308",English
30390367-ca25-4bc3-a69b-18acf2e25c45,Stop health each determine across.,collins.info,HR,1839,no,yes,mobile,Safari,2025-02-24T03:09:09,567,"20.497139,12.001903",Chinese
f42e48e4-eaa4-442d-83e3-9b8f8197dd2f,Add require response thing success add artist beautiful.,lindsey.com,HR,6513,yes,no,desktop,Chrome,2025-03-01T18:50:10,145,"25.951981,-15.088834",French
bd6d98d8-f2ac-4f91-a8c2-f5be995d5192,Animal player write direction ever even game whom.,estes.com,Marketing,7292,no,yes,mobile,Chrome,2025-02-04T23:06:49,329,"63.8058535,58.768615",German
705b19f5-5f93-4216-b2db-6045a69cdee4,Education seat dinner rate receive space speak cut.,ryan-monroe.com,IT,8741,yes,yes,desktop,Edge,2025-01-12T19:22:53,223,"24.3302945,-2.705081",French
b9c59f2b-9971-4a1a-932f-dc45d9471d3f,For full middle contain add.,hart.org,IT,4930,yes,yes,mobile,Chrome,2025-03-10T06:55:34,135,"-56.358010,-129.839388",Japanese
e5d33f5a-973d-4c33-b393-6ffa2c72d404,Camera night economic whatever ten above.,schmidt.biz,Sales,4710,no,no,desktop,Safari,2025-02-21T13:20:57,390,"-70.206882,-95.058807",English
38965796-8e74-4f54-8784-385ec6d55b0f,Young rock television anyone everyone power heavy thousand.,huynh.net,Finance,8475,no,no,mobile,Edge,2025-03-20T06:08:13,286,"27.4957105,-26.938078",German
987a5da2-c0bb-40f4-baa8-2950a22ed9b3,Few source ago edge need from Republican.,mccoy.org,Operations,1755,yes,no,desktop,Safari,2025-03-11T08:30:45,514,"-40.193137,-171.816149",French
9db9a799-7ca0-44f8-9aba-62540c8ef36d,Involve white moment series discover.,crawford-lawson.com,HR,9376,no,yes,mobile,Opera,2025-03-05T12:17:10,38,"24.7252755,146.436074",Japanese
d27858c1-3b3e-4b78-9426-a568e197a064,Positive thing check economy cup again.,kennedy-mathews.com,IT,4612,no,yes,mobile,Edge,2025-04-03T13:21:31,457,"61.9203515,-150.930039",Spanish
c4cb4fb9-cb7f-445e-ad34-79361ddf2f8a,National adult audience prevent seek person.,horton.com,Sales,5469,no,no,mobile,Chrome,2025-02-14T21:54:46,194,"38.505430,-158.909812",English
51590b0d-1151-494c-a481-0dbe23309942,Why enough design trouble him decade soon heart.,smith.biz,Finance,4702,yes,yes,mobile,Safari,2025-02-08T09:36:25,147,"4.377339,59.564066",Spanish
334eb9f3-31f5-401d-bd44-14b9eeec7f40,Talk popular happy sometimes fine big thousand.,hayden.com,HR,2772,no,yes,desktop,Safari,2025-01-25T02:35:57,494,"-14.514771,163.683237",German
62fa6ee9-8014-447a-b2e0-5659c4e8910d,Few side fire tough series about.,porter.biz,Operations,2178,no,no,mobile,Opera,2025-01-25T13:44:28,584,"65.6922085,-86.428515",French
014ffe91-7c16-4bfe-aeea-8fef9cbb8fc7,Culture maintain agreement drug fire heavy service exist.,navarro-cruz.com,IT,5915,yes,no,mobile,Firefox,2025-01-12T01:25:47,133,"36.5021785,70.095513",English
43ddbbaa-b1e1-4729-8908-12a57b49b569,Recently difficult much task painting learn religious.,harvey.org,Operations,8487,no,no,desktop,Safari,2025-02-22T14:41:15,112,"-31.873716,-92.910829",German
13521b99-6607-467a-8647-ebaca4df302b,Yes discover card officer especially.,ewing.info,Operations,3679,no,no,desktop,Chrome,2025-03-07T03:25:33,505,"12.636236,-150.838445",French
e8754dfc-7b6c-48f3-beaa-d2c438a7335c,Water over everybody success father car this.,bryan.com,Operations,2222,yes,no,mobile,Edge,2025-03-29T05:15:14,34,"-85.532711,80.223733",Chinese
b749a760-0338-4155-a77b-1e2e43154392,Less pretty than resource statement.,rogers-whitney.com,Marketing,7866,yes,yes,mobile,Edge,2025-02-18T22:04:12,269,"70.747782,-75.470933",French
77d80c4c-d210-4ae6-974a-8cc1ba715c2a,Need difficult painting air.,mayer-meyer.com,IT,6284,yes,no,mobile,Firefox,2025-01-09T22:14:48,86,"-64.8536825,-139.409623",German
ef0784e8-5d08-418f-bd54-8cb401608c63,Argue end put general mouth bill.,martin.com,Finance,5499,no,no,desktop,Firefox,2025-01-20T12:43:20,490,"12.9610625,143.742650",German
d53b6ebc-6f91-499b-bb20-8f420e503960,Garden deal our recently adult environment receive.,martinez.com,IT,580,yes,yes,mobile,Chrome,2025-02-25T09:36:17,54,"25.248207,-136.573949",Spanish
54171ac9-640f-4fd5-9806-41e996b6a3d1,Western pressure other stay still visit increase Mrs.,patterson.com,HR,697,no,yes,mobile,Opera,2025-03-29T16:34:53,135,"81.409323,171.979348",Spanish
103ec6ec-e08f-40ea-890a-07ec3501d492,Hour consumer event race international reduce figure.,jones-cross.org,Operations,3098,no,no,desktop,Safari,2025-03-22T23:58:20,236,"-83.695781,-114.447435",Spanish
27d1673a-d453-40c6-8584-783d652dfe01,Note though increase hotel general business onto.,knight-brown.com,HR,2581,yes,no,desktop,Edge,2025-03-14T10:31:37,86,"-77.931452,-158.091972",English
a5b6be53-2bed-4031-8c26-a312ed11e391,Near kid physical art ahead.,estrada.info,Operations,3471,yes,yes,desktop,Safari,2025-01-18T19:13:16,161,"2.5470835,-14.506725",Spanish
5e3a6f63-43e4-459e-a18e-3d270033f5db,Ok partner trip return rule product have yes.,king.com,Finance,8071,yes,yes,desktop,Firefox,2025-01-28T02:00:05,292,"11.3664775,7.152440",English
0c19ef6c-d531-475a-a9cc-b1d6d22f629d,Player whatever speak nor cost college.,smith.info,IT,7518,no,yes,mobile,Safari,2025-04-01T13:19:02,457,"-8.829381,-161.727438",German
61b7103c-aa80-4aa3-a242-d2e976928deb,Interview foot network someone defense south hair blue.,collins-galloway.biz,HR,916,no,yes,mobile,Safari,2025-01-15T22:56:38,462,"9.204969,160.566813",Chinese
49a42142-1d6d-4680-b51e-7be086cd3329,Fly ten break deal let.,mills-wright.com,Finance,4891,yes,no,desktop,Firefox,2025-02-01T02:53:37,288,"14.458329,34.096060",German
cc92c201-0f72-41c3-866b-0885fdc52ca6,Expert expert network their fire black those.,rodriguez.com,Operations,2778,yes,no,mobile,Chrome,2025-02-14T21:33:16,470,"28.7025315,-114.350405",English
2ebfe5d8-8157-4777-8e27-69537f295c31,Court write perform born box station exist.,pollard.com,Operations,8557,no,yes,desktop,Safari,2025-03-06T14:39:16,102,"45.025859,23.423133",French
2552a021-62f6-4b41-88e9-a31145bc4d47,Bank senior well ten police available now.,bright.com,Marketing,3124,no,no,mobile,Firefox,2025-02-01T04:57:06,479,"55.271905,-162.218521",French
c5dcc29b-8df2-4496-b91b-17dfb39812ad,Suffer rather this until.,washington.net,Sales,864,no,yes,desktop,Opera,2025-02-05T09:01:18,537,"53.5018475,-156.155822",French
45601812-2b36-4504-b176-9d993fcdd73a,Sure country answer who require agree.,martin-reid.com,Finance,6116,yes,yes,desktop,Safari,2025-03-13T01:51:04,588,"-40.729046,-94.786394",French
b02c2b3e-3c55-471f-b71f-916d383db5ef,Line during standard seat budget.,yoder-lopez.com,Operations,4075,yes,no,mobile,Opera,2025-02-25T06:19:24,494,"-50.752846,105.772421",German
87daf1c4-a2bf-473d-a2d6-fa260e9dea28,Arm successful find small magazine.,yang.com,IT,3427,yes,yes,mobile,Firefox,2025-02-01T01:18:53,556,"-85.549706,-174.454269",Spanish
6e14a18b-802c-4889-8677-a338c88544f0,Example form page list Congress commercial.,li-bailey.com,IT,4579,no,yes,desktop,Edge,2025-03-05T08:00:20,283,"-34.894538,-114.055901",Spanish
95a035d5-fc09-497a-8c2f-4d7bfcc05a6a,Impact eye several stuff base mention option.,hernandez.com,HR,9783,no,yes,desktop,Opera,2025-01-29T20:00:21,532,"76.519600,126.782750",Chinese
1bf85738-f6ab-4f4e-9a78-a1d94bf5075d,Person report what yet main next.,evans.com,Finance,2559,yes,yes,mobile,Firefox,2025-01-06T05:06:07,52,"-34.354190,-123.878166",English
f1a63c99-e8da-4f8d-b7bb-0bd12599e40d,Have those second market morning.,bennett.com,IT,8519,yes,no,desktop,Opera,2025-01-03T00:09:58,33,"-4.0384835,56.319048",English
60c63dbe-a3cd-48d5-8ce6-949c2f5aafca,Result increase risk buy politics board mean help.,miller.com,Finance,9642,yes,yes,desktop,Edge,2025-01-20T19:59:49,225,"60.372222,-76.035956",German
880514e1-fa0d-4ec5-913c-aea4d80863f5,Base place leg process among.,chen.com,HR,7161,no,no,desktop,Opera,2025-01-24T22:04:18,533,"67.522997,-30.137435",French
faec5329-5002-47b3-8572-6a0cb169f3c4,Unit be even left discuss help close.,macdonald.net,Sales,3027,yes,no,mobile,Safari,2025-03-04T00:48:24,345,"1.180699,175.618979",Spanish
70bc41fd-b0d6-474e-9b76-a2ed37804da5,Reflect also world plant compare seek.,rivera.com,IT,3457,yes,no,mobile,Firefox,2025-01-17T13:23:24,239,"6.3221575,-128.599815",Chinese
4f5a2e06-7dfb-48d5-90d2-cff3cef9fa11,Subject quality guess spring religious big young price.,meyer.com,Operations,1503,no,no,mobile,Chrome,2025-03-05T23:17:50,33,"-11.2800105,102.646796",English
349ed0b7-5cba-47df-b5db-b00c3fe340d6,Matter much member center condition those trouble.,mills.com,HR,3391,no,no,mobile,Chrome,2025-03-19T09:34:22,418,"41.7456315,16.892801",Japanese
90d40b79-3c77-409d-95e1-fb4185083f1d,Care western exist watch ability loss.,evans.com,Finance,6939,yes,no,mobile,Safari,2025-02-10T18:13:56,326,"80.472712,-108.111565",French
1f26ad2c-8261-4813-96da-bbac114f1188,Bit general election cultural.,bell.info,HR,1649,yes,no,desktop,Chrome,2025-01-05T12:54:31,416,"20.444008,52.989233",Japanese
e9f3eac7-bd0f-4941-a612-97eff88ec890,Modern role like almost out sound.,ray-brown.biz,Finance,7916,yes,no,mobile,Opera,2025-03-25T22:47:07,443,"16.508159,10.683125",Chinese
2a526fa0-52d1-4bdc-9eca-fd8f2a28ba91,Foot water own president draw imagine.,bass-pham.com,HR,2245,yes,yes,mobile,Safari,2025-03-03T04:36:56,528,"72.488925,169.303562",Chinese
200876f0-1ec0-4e66-bf12-fbbaa2922184,Kid result major action book good test.,larsen.com,Operations,522,no,yes,desktop,Edge,2025-02-08T11:28:41,32,"37.236722,171.295018",French
c85ea625-89a2-4f62-8596-b2aa90c2fcd6,Important fill member kid including network.,johnson-green.com,Marketing,9032,no,yes,mobile,Edge,2025-03-11T09:46:17,183,"-15.884828,88.402155",Spanish
169f0d43-6be7-437f-a0d1-9ee5cd08ea2d,Phone power article property treatment wait plan.,berry.info,HR,4989,yes,no,mobile,Firefox,2025-01-08T21:32:05,386,"-4.190340,106.135095",Chinese
3f298d6f-0dc1-46df-a221-1c720108b81e,Hand answer perhaps effect product my view option.,trujillo.com,Finance,4192,yes,yes,desktop,Opera,2025-04-02T03:03:34,182,"13.2673165,-33.547801",Spanish
56879d33-3664-4d0f-9710-2cf1ef79284d,Room Mr all half bank.,ford-clark.biz,Finance,7977,no,yes,mobile,Safari,2025-03-05T05:43:36,53,"-53.0285375,121.085595",Japanese
ec15148e-8fd5-40d6-8fec-feeb205062ac,See science draw necessary vote later.,gomez.biz,Sales,3298,no,no,mobile,Firefox,2025-01-06T02:09:31,475,"-80.5341615,-35.670491",French
78d44e81-d8cd-4597-bca8-c8640546ad4e,Represent serve nation policy around.,thompson-king.org,IT,4891,no,no,desktop,Safari,2025-01-08T10:42:31,580,"51.7048915,-118.686480",Japanese
a5903435-be84-4e5f-9084-be615d723ab2,Or religious water me season.,watkins.info,Operations,5688,no,yes,mobile,Edge,2025-03-04T23:29:55,246,"69.856619,87.821393",Spanish
60b89f71-e851-4faf-83fd-2549c94a6265,Early middle reflect.,soto.net,Sales,836,no,no,mobile,Edge,2025-01-02T14:42:54,557,"-30.7213625,2.982806",Japanese
48c672a6-c52d-49cd-b0c7-ebf6bc389441,Course bar upon control experience.,nguyen-vance.info,Operations,3664,no,yes,mobile,Opera,2025-03-21T00:16:15,470,"37.0025955,-118.224127",German
7b0f8e2c-03c9-4d81-994a-c8f81529d7d8,Her meeting bit claim poor sometimes.,smith-harris.com,HR,6371,no,yes,mobile,Opera,2025-01-10T10:27:11,33,"-23.0930695,41.933553",Japanese
3d1f58b3-bcc3-4690-85f7-103f27286136,Movement win happen herself.,jackson.info,HR,8954,yes,no,mobile,Chrome,2025-03-05T15:44:11,17,"12.635213,48.496165",Spanish
6ccbd047-5bbe-47a4-be1a-4b392d03ec7a,Public executive opportunity.,joseph.com,Marketing,979,no,yes,desktop,Safari,2025-03-15T01:44:06,387,"-8.370151,-121.539400",German
ec1a41f4-7ee9-46ea-b354-04fe852189d7,Early everybody family travel word.,howard.com,IT,5088,yes,no,mobile,Edge,2025-02-04T04:01:39,118,"29.5338215,-45.793237",Chinese
19e335eb-02fe-4856-93c5-a638fd02fc70,Family sign just trouble.,cooper-jones.com,Operations,8258,no,no,desktop,Edge,2025-03-04T17:22:28,77,"-51.355322,9.429828",Chinese
956052a7-92df-41f2-aa09-743e71d2bbf4,Leader southern scene indicate.,roberts.com,Finance,8347,no,yes,mobile,Opera,2025-03-28T01:13:54,511,"-62.5455355,-42.990583",German
c7ac91a3-2b3f-4f1a-8644-201b19cdbffa,Security treatment most little later.,morgan.com,Sales,7782,no,yes,mobile,Firefox,2025-02-27T04:57:20,375,"-85.814936,-130.493161",English
0a66fbf2-2218-4de5-aed6-ec96a96860b3,Would certain picture wrong young public them.,norman.com,Marketing,3847,no,no,desktop,Chrome,2025-03-24T16:41:10,71,"76.079802,-67.163721",Japanese
2a7e63ed-1740-4fb1-b681-fb0da60e669f,Loss occur whatever only Democrat.,flores.com,IT,5988,yes,no,desktop,Safari,2025-02-14T04:57:21,157,"-26.037882,-6.899164",French
aaf65aa9-5f64-4ba2-b16b-301a58433907,Think physical land up without.,brown.com,Finance,4762,no,no,desktop,Chrome,2025-02-08T12:30:23,508,"79.6252625,96.034317",English
bb33b423-3e31-426d-a14f-4e5be5909840,Whether worry keep all why simple defense.,jackson.com,Marketing,9364,yes,no,desktop,Chrome,2025-03-03T12:28:17,332,"-54.9910715,-155.429318",Chinese
de83e754-cb3e-48f0-9d49-4bdda8c7ae29,Mouth product often power under.,rivera-jordan.net,HR,4092,no,no,mobile,Edge,2025-02-01T20:35:05,193,"52.5851655,-69.802402",German
785196d8-0123-45c1-aa78-984e088139b7,Author education build.,thompson.com,Operations,7101,no,no,mobile,Chrome,2025-02-24T01:57:49,19,"10.1794825,92.801647",English
4ab6cec6-61ec-45d7-901c-28c0c59fc058,Administration water away whatever quite.,carpenter.info,HR,7310,yes,no,mobile,Safari,2025-02-08T04:03:54,125,"15.5595935,165.305217",French
7c1f7e7e-2d21-451c-81ec-511cc1f45d05,Give civil least under manager.,peterson.com,Marketing,2640,yes,yes,mobile,Chrome,2025-03-18T21:07:52,474,"-50.5068715,79.685316",German
f69da1ed-a7ae-42d9-a4b8-4707bf44309b,Seat rich suddenly help.,wilson.org,HR,8671,yes,no,mobile,Edge,2025-02-20T17:08:30,525,"60.996407,37.657641",English
ed0b70ca-ee6b-475a-ab1c-d21590fa7544,Bag heavy public skill concern.,shaw.com,Finance,3290,no,no,mobile,Chrome,2025-02-25T01:06:02,94,"-65.3342665,148.899817",Japanese
6498a0f0-b01d-4b47-b03f-95a68d2c1daf,Medical character prove despite.,hughes.info,IT,946,yes,yes,mobile,Edge,2025-01-09T08:40:44,372,"78.407446,-153.303760",Spanish
67b2c893-9cf9-4bcc-883d-295fe837cb92,Home marriage where rest.,marshall.com,Operations,4158,yes,yes,desktop,Firefox,2025-02-05T09:07:28,575,"-79.263759,-85.451318",Chinese
47ff5fe6-31fc-4b71-927e-705473b90064,Performance property certain cold stock chance.,rodriguez-lewis.com,Finance,832,yes,yes,mobile,Chrome,2025-01-04T20:38:21,189,"60.1252975,18.807528",English
f859d91c-ed04-495e-98ee-271ad1bdc1ba,Door sea seek large heart choose eight.,carter.biz,HR,9133,no,no,desktop,Safari,2025-03-04T16:24:11,520,"7.254675,103.093441",Spanish
208361e7-b771-4925-bb29-ee63a6116293,Stand election record loss may color line.,webster.com,Finance,3512,no,no,desktop,Edge,2025-03-27T20:21:43,522,"-84.2846035,-131.882522",German
720d2614-fa42-4a9a-822c-ac1cef2354d0,Can listen price president figure lose happen exactly.,montes.com,Sales,651,yes,no,mobile,Firefox,2025-03-24T10:16:34,508,"-78.6583185,-5.603600",Japanese
1e903dcc-0781-4048-ab6e-6fcbb2cb76c7,Glass win method.,clay.com,HR,8679,yes,yes,desktop,Edge,2025-02-14T06:26:16,29,"31.344193,-9.234504",Japanese
abae9093-d405-41d5-9fda-e8ad93331e40,Baby within report.,forbes-wall.com,HR,6721,yes,yes,mobile,Firefox,2025-03-02T00:12:57,376,"0.0505165,-154.643963",English
9167395f-0cfc-4511-8324-0c0009e2cb29,Before raise simply painting national score Mrs.,nguyen-bennett.com,IT,976,yes,yes,mobile,Chrome,2025-01-22T23:50:55,196,"59.4761635,16.323449",Spanish
07c6027e-0883-4577-bd42-4cc00cb6de23,Agreement song authority ahead would.,rangel.com,Finance,8741,yes,yes,desktop,Chrome,2025-02-18T17:08:17,406,"-25.114089,137.125713",German
fdf484e0-d5a5-4684-a669-6bad7dff2e7b,Grow upon not.,carter-woods.net,Operations,3025,no,no,mobile,Edge,2025-01-04T16:43:15,561,"31.7162005,-133.117212",French
ed80989a-9370-423c-8a55-0cb0957bb7f0,Chance suffer single relationship citizen.,brooks.org,HR,8891,no,yes,desktop,Chrome,2025-01-16T00:56:12,130,"43.040717,10.583305",Japanese
8057f940-52f1-433f-9e7b-48e8a36b41d4,Student tell gun well explain.,hunt.com,Operations,4340,no,no,desktop,Firefox,2025-01-24T09:09:17,343,"-47.278926,-19.266590",English
19a5b334-26b3-4917-ba8a-814041fbabef,Newspaper particularly personal contain make enough top industry.,willis.com,HR,3160,no,no,mobile,Edge,2025-01-10T09:07:58,544,"11.8982815,-73.896474",French
3397d54e-6e80-459c-a1fe-83fbd823e586,Take join blood cell talk bit.,ortiz.com,Operations,791,no,no,desktop,Opera,2025-02-19T11:45:55,383,"-17.018173,-127.685080",German
9d76043c-d971-4943-901c-632fcd02b522,Tv individual know into everyone that very.,ruiz.com,Operations,7852,yes,yes,desktop,Firefox,2025-02-05T23:31:00,508,"75.0000885,128.407857",German
e0b46347-39e4-40c1-84c7-764c7860ae58,Group machine story despite.,carson.com,HR,1742,no,no,desktop,Safari,2025-01-23T03:10:42,514,"74.634417,176.886529",French
de34a312-90c6-4318-8d3b-fd97148890bf,Bar force expert its crime middle safe hour.,lam.net,Finance,3148,yes,no,mobile,Chrome,2025-02-25T00:00:48,322,"-17.070811,-19.504552",Chinese
c5300c3e-11a0-41bb-be54-4f9430b4c17a,Full amount coach father economy house.,caldwell.info,IT,1279,no,yes,desktop,Chrome,2025-02-09T10:31:39,385,"-7.666334,-39.774324",Chinese
de7d02b7-e9a9-4a83-bcf3-aa2346c9124c,Local news entire yourself type dark support.,haas.info,Operations,1878,no,yes,desktop,Edge,2025-01-31T04:21:49,78,"-35.233737,-58.898321",Japanese
6bd08dcd-de46-4282-8817-6bbda5830601,Environmental ever determine here.,vazquez.com,Finance,2846,yes,yes,desktop,Firefox,2025-01-05T00:58:25,507,"3.572296,172.593590",English
e6d59a12-4dcd-46df-af42-054c972a70c9,Become change coach represent religious nature parent.,mccullough.com,HR,8754,no,yes,desktop,Opera,2025-02-03T02:58:01,245,"55.131187,-142.349753",Spanish
f3c6140b-2dfa-4716-9bb6-8611f006ce32,Center know themselves.,brown.com,IT,4273,no,no,desktop,Safari,2025-02-25T13:51:44,562,"52.3652325,-178.205532",English
738a4a46-e447-4332-bfbc-1c2c9b126c49,Measure almost attention population physical.,ware.com,HR,8577,no,no,mobile,Chrome,2025-01-17T22:36:14,499,"-47.7268665,-48.997294",English
12f9cc25-84d8-4de9-b6c0-bf6d1b869fbd,Card check billion better nation boy name.,davis.com,IT,9552,no,no,mobile,Safari,2025-01-03T14:09:45,162,"-16.035294,-15.292196",English
02d7a505-c106-4b31-81e0-e96dbd73f0bd,Them accept certain he improve child station.,bishop.com,IT,2453,no,no,mobile,Chrome,2025-01-11T16:51:45,264,"45.3755075,49.185148",Spanish
d3ddd8c7-c8cb-4a78-8df8-c8db4d9e7b87,Never main thus suggest in ahead would.,good.com,Sales,2965,yes,no,mobile,Opera,2025-03-11T08:29:21,76,"55.8336625,62.455307",Spanish
7726dd77-2dd2-403d-b79f-61a8e7d59707,Save reason remember my above eight yeah idea.,bond.com,Finance,6153,no,no,desktop,Chrome,2025-02-16T09:11:37,374,"30.648631,3.598349",German
a09329f7-4d40-4935-9612-be392557359c,Kid me could perhaps until camera.,gray.info,Finance,2290,no,yes,desktop,Chrome,2025-02-03T14:30:18,436,"84.8211615,-165.142119",English
11826571-946c-4d30-86b9-c83a3af5a0d2,Always opportunity almost society method nature.,neal.com,Finance,2983,no,yes,mobile,Chrome,2025-02-07T03:24:31,464,"69.0758835,43.903114",Chinese
6733c5a2-9cf4-46d5-b606-c56d5583740e,Interesting spring result drop interest save.,kline.com,IT,3187,no,no,desktop,Safari,2025-03-27T13:10:38,271,"17.116743,78.935344",English
658f4d8d-c49a-4e7c-b837-416e9efa1955,Check tough decade court bar room.,boyd-jimenez.com,IT,8064,yes,yes,desktop,Firefox,2025-03-31T14:50:20,168,"-53.026826,4.211613",German
c63e5bae-2249-4ef7-b209-470fc9cb36a4,Determine part lawyer once.,wilkinson.net,Finance,2779,yes,no,desktop,Edge,2025-01-22T06:32:21,187,"46.637928,-36.485564",German
fe49ebfa-8958-4266-80db-16dc5298164a,Occur should through.,duncan.org,Finance,7473,no,yes,desktop,Edge,2025-03-23T15:48:26,563,"-19.0859805,-166.638732",German
442e0fa3-fc4b-4492-b280-e94a1685db78,Nor central before reality including exist participant very.,caldwell.com,Operations,8640,no,yes,desktop,Safari,2025-03-06T12:49:11,470,"0.5934695,-76.396037",Chinese
28fba514-4fbf-4278-8118-4c40c268c61b,Cell throw social reveal word measure.,smith.info,Finance,2017,no,yes,mobile,Safari,2025-01-27T04:41:46,417,"-18.601801,-161.076185",Spanish
e8e0e2b7-9005-458e-93df-07325e926f1f,Must answer should argue design fall Republican himself.,wilson.com,Sales,3909,yes,no,mobile,Opera,2025-03-08T22:34:51,231,"80.712927,110.222426",French
f4390be8-851a-45a0-a474-9bf0fce89513,Trouble clearly window from science example.,williamson-savage.com,HR,1674,no,no,desktop,Opera,2025-02-05T02:25:14,215,"26.067082,-14.757453",Chinese
3b10c749-52bb-439c-a47e-39988a606687,Really pressure indicate her.,rose-rhodes.com,Sales,9791,yes,no,desktop,Edge,2025-03-02T00:06:18,371,"-45.5933025,72.072834",French
97f9c811-bee2-401d-bc1e-616358a28f39,Development red share.,matthews.com,Sales,9418,yes,yes,mobile,Firefox,2025-02-26T05:19:53,123,"5.2662815,-30.161739",Japanese
da7ddb66-79f5-40fb-ad7b-f4bc5ac498aa,Line about condition though them light opportunity.,williams-riley.com,HR,2344,yes,no,desktop,Edge,2025-03-08T09:52:28,453,"47.239217,143.089320",English
17b8aecb-dce0-4998-9852-6573fd20f97b,Again onto identify significant police.,stevenson-johnson.com,Finance,7183,yes,no,desktop,Opera,2025-01-12T09:47:15,107,"69.388340,-114.163762",English
0cd1db89-41cc-419e-9b5d-2b2a348fbb4b,Name section arm know form indicate sit.,myers.com,HR,4918,no,yes,mobile,Firefox,2025-01-25T02:55:10,167,"-65.7433525,26.911274",English
26bef400-a85d-4b2b-a71e-91d5a2d6a940,Meeting far hotel effect.,daniel.com,HR,1286,no,yes,desktop,Chrome,2025-01-07T03:15:06,242,"71.678520,51.174663",German
e6ce40d1-19ae-4e2a-827d-1a16dc0a81bf,Car glass mother entire speak.,hardy-casey.com,HR,6408,no,yes,mobile,Chrome,2025-02-11T03:03:13,86,"39.1960435,118.734055",German
cc57486a-5e60-44a0-8b0a-5abc1ec862ea,Say care inside try year similar control.,flores.com,IT,5092,no,no,desktop,Firefox,2025-01-05T11:18:02,213,"-87.270202,-54.597912",Japanese
01a470e5-3c8c-4a53-8a0b-85d82bce3fc5,Wear black side may bad present simple child.,fuentes-johnson.com,HR,3105,yes,yes,mobile,Firefox,2025-01-22T20:56:48,192,"-72.827864,-11.229203",French
5d9f9329-2c3d-41b6-98ed-26724b513879,Push almost early pick yeah central.,patel.com,Finance,3013,no,no,mobile,Chrome,2025-01-08T21:13:26,565,"-61.154193,-1.353192",German
18d98001-5443-4076-8229-217944c92fe5,Her history seek who.,kim-wong.com,IT,8248,no,no,desktop,Firefox,2025-01-09T18:05:49,531,"22.868785,-97.823221",German
243aaa59-6151-48b8-912b-34db6f362902,Sport how call entire travel.,lewis.com,Finance,8787,yes,no,mobile,Edge,2025-03-27T18:11:35,213,"86.2783535,115.075411",Japanese
352e27c0-e448-4a06-a5f0-01500de3da82,Price sense statement top each government offer.,hall-palmer.com,HR,4539,yes,yes,desktop,Safari,2025-01-17T20:04:44,127,"-57.9547725,176.630502",Chinese
d5a378de-d570-42cd-9b70-999f3449e5ee,Conference class person body finish idea account.,collins.info,Operations,7665,yes,no,desktop,Chrome,2025-01-22T06:52:53,407,"50.674132,-51.829524",Chinese
1e11c84e-8366-4eb6-9780-495e8bc840d5,Thing defense leave new offer seek off.,vasquez-watts.com,IT,3721,no,yes,mobile,Chrome,2025-03-05T10:41:40,342,"-10.4190715,-47.922953",English
c73ac288-d213-4d3c-a7fb-023feb514ffe,Police have according base.,beard.com,IT,4543,no,yes,mobile,Chrome,2025-02-04T23:05:55,72,"-18.456598,-119.284663",Chinese
ed813c40-ee59-441b-9cfb-633a15f0ad44,Card great white other peace interesting stuff.,ford.org,Sales,5854,no,no,mobile,Edge,2025-02-04T12:02:15,575,"-65.914511,35.098317",Chinese
b08e79bb-adf0-44d8-a1ce-0a0bd2da218e,Real major almost.,lawson.info,Sales,7372,no,no,mobile,Chrome,2025-02-13T22:10:27,453,"-84.6379545,48.223791",French
55f1aa3e-2673-4220-931c-bccf3c12e7a6,Year herself number small behavior.,ruiz-brown.com,HR,5981,no,yes,desktop,Edge,2025-03-23T04:46:41,29,"-3.7237445,-102.126134",French
f421e429-7595-42ab-9217-f28a1744cfc7,Number into imagine child movement well join fall.,smith-johnson.com,HR,4329,no,yes,mobile,Opera,2025-02-10T15:09:38,481,"9.817339,-37.710294",Japanese
716fe282-adad-43a8-9c65-4a3a37382767,Save what degree through operation.,solis.biz,HR,4594,yes,no,mobile,Safari,2025-03-09T14:41:00,82,"62.1234395,164.768967",Spanish
9f943cc9-560d-4b99-a515-4eadabeeae0d,Follow else interview.,garcia.com,Finance,6998,no,yes,desktop,Edge,2025-01-20T07:48:56,375,"-68.8319925,-106.038380",Chinese
f1445168-8201-4b25-968b-9e36277e48ec,Wall adult measure something cut guy.,wheeler-burton.org,Marketing,4534,no,no,desktop,Chrome,2025-01-08T12:12:05,213,"28.5472985,61.705840",Japanese
ffb73ac8-198c-4c62-96e5-ec74a1601bde,Capital by nice finally language.,ibarra-wilson.com,Sales,5190,no,yes,mobile,Firefox,2025-01-17T19:46:54,550,"-29.2397445,38.724125",French
eda7350a-d70a-4f1d-a38b-e3aca930febd,Parent become raise color relationship bank.,nixon-woodard.biz,Marketing,7211,yes,yes,desktop,Opera,2025-03-16T16:44:31,241,"15.9948735,-159.382376",English
fe5d0198-8150-400a-ad47-7da5f0197354,Beautiful within woman body report.,patton-lewis.com,Marketing,525,yes,yes,desktop,Safari,2025-01-15T02:49:43,469,"-36.8072315,152.910141",Chinese
8737a204-4984-4425-8b38-def410b13e30,Federal stage state outside thing.,calderon.com,IT,3198,yes,no,desktop,Safari,2025-02-27T08:29:34,577,"-37.5630295,-40.918261",German
82a5ecde-a053-41f3-b685-a94ffcf44675,Close tend reflect eight enjoy every step.,austin-jackson.com,Finance,1412,yes,no,desktop,Edge,2025-01-12T10:23:43,61,"85.3197555,61.553620",Japanese
5548acd6-fa13-418c-a274-e8f4e46b850d,Budget writer phone staff.,sullivan.com,Operations,4725,no,yes,desktop,Firefox,2025-01-28T02:51:22,47,"56.635573,38.825078",French
c951bbde-f016-43bf-85c9-65c5c42cca33,Hour close sound somebody call continue.,barnes.org,Finance,2837,yes,yes,mobile,Firefox,2025-03-04T15:56:42,414,"-67.7709175,3.346066",German
3e1a85ff-5330-4304-aaa5-dbd95da5ba49,Hundred cup cause anyone claim plan employee.,hopkins.com,HR,4127,no,yes,desktop,Edge,2025-03-27T15:02:41,265,"71.0568485,-62.342421",English
42b76e30-e6b3-4760-97dc-8294eba96593,Camera occur along would every positive everybody deep.,brooks.com,Operations,1165,yes,no,mobile,Firefox,2025-01-01T10:14:10,93,"2.842583,-123.316448",English
fd7a8e29-ca34-492e-b3f9-a530d2f0faa1,Figure knowledge draw others hand.,cunningham-johnson.com,Finance,2650,yes,no,desktop,Chrome,2025-03-24T00:02:45,579,"-87.0624525,90.137369",Japanese
cde44a6c-accb-496f-b77a-39d26326daab,Service hotel save degree these.,henderson-castro.com,Operations,6088,yes,no,desktop,Safari,2025-02-03T01:52:28,32,"-15.1759055,0.690839",English
1243398d-78b9-4ef2-bbb9-6e05f1bd2899,Skill head while wall never tend account.,reyes.biz,Finance,6200,no,no,mobile,Safari,2025-02-04T21:42:40,30,"-16.533716,121.855435",Japanese
4f0a8c97-6cac-43a9-872a-bfdefa0adeb8,Back fill thus back have lawyer security.,barnett.com,Sales,6538,no,no,mobile,Opera,2025-03-19T14:47:59,99,"-85.0736015,66.111365",English
93b4e783-d699-4e45-8290-02ccaea599de,Air notice including national.,barnes.com,Operations,6081,yes,yes,mobile,Edge,2025-01-30T12:25:14,295,"39.5845295,115.279901",Spanish
5d4debf8-7203-4e99-81fb-91a5f9317400,Sport everything not.,wright.com,Sales,9145,no,no,desktop,Safari,2025-01-08T19:39:43,533,"65.685472,148.650843",Chinese
8b94e350-1935-4b04-8c20-3b9c3fa72068,Successful enjoy purpose important beat suffer especially.,garcia.com,Marketing,2507,no,yes,desktop,Chrome,2025-02-08T23:05:11,403,"76.2797935,41.063266",French
ca170331-a6ae-4c9b-b4ae-d42c0e51321e,When recently writer thank.,smith.com,Operations,7678,no,no,mobile,Firefox,2025-01-27T10:49:05,297,"-42.7794005,-97.064864",German
02001580-e2f8-4a95-968a-2d9b776aa941,Chair along war air purpose five at agree.,jordan.org,HR,7472,yes,yes,mobile,Firefox,2025-03-20T09:39:40,156,"-30.1502205,129.506502",Spanish
cb6c3349-a474-40af-b4ee-bb7bae7c4dd2,Brother newspaper some center medical draw state.,kim.com,HR,8040,no,no,mobile,Edge,2025-01-10T01:08:30,363,"15.6838145,-22.438036",French
4c12f5f7-b5ee-4c61-92ce-33764bb95aa4,Century offer raise board.,smith.biz,HR,8943,no,no,desktop,Firefox,2025-03-12T07:47:12,164,"22.0420165,133.328051",Spanish
32cb7dd7-cac7-4c73-a572-8c85a3340500,Hear certainly finish positive land church story bed.,edwards.com,Sales,1199,yes,yes,mobile,Edge,2025-01-16T08:33:01,246,"39.706465,54.018968",German
67250f84-651f-4000-a97d-06a7141f5402,Test foreign professional after.,bridges-evans.org,Finance,671,yes,no,desktop,Firefox,2025-02-27T14:14:16,501,"52.469552,26.811388",Spanish
3aeb7f90-d396-43af-9039-64fb47748b47,Professional into me benefit but.,maddox.com,Sales,2426,yes,yes,desktop,Edge,2025-03-07T12:58:47,212,"48.477564,18.056814",Japanese
29a311e8-11a6-4ec0-bdc6-4230c55189b2,Choice brother heart catch.,smith.org,IT,6989,yes,no,desktop,Safari,2025-01-03T05:02:07,550,"24.2697475,-92.912061",Japanese
e4422cbc-086f-4597-8b49-490ca3221a61,Draw white now evening sea.,rowland.biz,HR,7065,no,yes,mobile,Firefox,2025-01-05T18:11:38,472,"48.9136865,116.646387",Chinese
0f0ca5a7-58c8-49e2-9a68-e950c3348bae,Than end force camera where.,waters.net,Operations,835,no,yes,mobile,Chrome,2025-01-13T12:18:32,368,"25.2945405,-70.644811",Japanese
c9ad1d18-b304-4452-bc58-65282b4bc558,Push far safe trade our.,keller.org,Operations,5826,no,yes,desktop,Chrome,2025-01-15T05:18:36,476,"40.7682955,-148.062508",English
32f7cfac-ca50-43fb-b0b6-821b8e94db7d,Moment onto along production difference what.,frank.org,Finance,7581,yes,no,mobile,Edge,2025-01-23T05:04:14,311,"-27.944545,-1.731531",Chinese
6395f63c-b390-43c8-806f-dec4d03e8ad0,Anyone decade after whether newspaper way fact.,martin-oconnor.biz,IT,5672,yes,no,desktop,Safari,2025-03-01T09:19:49,351,"3.009832,-111.749310",German
e02b5caa-dde8-4956-94e7-db813a59c0b9,Spring bar statement as happy.,roman.com,IT,8693,yes,no,desktop,Opera,2025-01-24T07:29:17,413,"-2.6620045,17.550274",Spanish
3622c112-e007-42f5-9746-5d1b3af115cb,Blood member plan woman.,smith-duran.biz,IT,4509,no,yes,mobile,Chrome,2025-03-14T16:12:51,326,"-75.215128,-132.109572",French
b910830e-5504-4353-be24-3c0e0e597812,Past and choice commercial.,compton.biz,Finance,8885,no,no,desktop,Firefox,2025-01-23T19:31:25,348,"39.6436735,-22.840250",English
85d5a1ad-be28-49f6-b129-35887aed9efa,Might trouble ahead in want.,hall-mann.com,IT,5628,no,yes,desktop,Edge,2025-03-31T10:42:13,354,"21.341751,14.272910",Japanese
36b64ae3-d88b-4bd7-b652-290c0f8cfb0e,Pretty rock together create.,carlson.info,Marketing,8611,yes,no,desktop,Safari,2025-01-05T01:06:37,404,"40.159444,75.075846",English
fa165572-1ce3-4b66-b6d7-75e837208294,Trouble sell deep plant.,ferguson.com,Finance,8129,no,yes,desktop,Firefox,2025-01-19T22:06:06,154,"52.7745925,-111.638048",French
8bc9850d-7b20-4890-9093-62ba82275fd6,Know some pass issue late follow.,benjamin.biz,Operations,8289,yes,no,desktop,Safari,2025-04-03T05:46:03,43,"71.6876465,35.671016",German
db1eff4f-98d0-4627-b321-1849eebe01a0,Quickly figure character crime debate may.,morgan.com,HR,4965,no,no,desktop,Edge,2025-03-14T10:00:58,157,"50.518602,67.326996",Chinese
b343993d-e936-42ed-813f-11554f2da7b6,Short hair medical hour Democrat buy city.,thompson.com,Sales,7955,yes,no,desktop,Firefox,2025-03-26T06:48:34,214,"21.080036,-115.340605",German
e6c2d885-e96c-4eaa-8093-f2f026a6121d,Shoulder let budget medical shoulder.,garcia-johns.info,Finance,2757,no,yes,mobile,Safari,2025-01-26T18:11:22,115,"38.2563055,-55.343450",Japanese
3bf6ba9b-092e-4448-b398-2bfb081567a5,Class work expert western.,gates-roberts.net,IT,2805,no,yes,desktop,Opera,2025-03-13T08:03:30,352,"50.2568915,-88.903457",French
c6fb85d2-bdf1-4f49-aa87-9e5a1f2376fa,Purpose environmental political six.,rodriguez.biz,Operations,6853,no,no,desktop,Edge,2025-02-11T14:23:29,319,"-65.6848725,-38.215742",Japanese
e865d3f9-a42e-4cc4-92b7-acf6a548886a,Everyone material wonder one.,lloyd-smith.com,IT,2065,no,no,mobile,Opera,2025-01-27T22:02:11,312,"-78.3242805,126.934157",English
859a97ed-1768-4cb1-997a-64262ee81db8,Perform mother professional free fear.,harmon-byrd.com,Operations,9768,no,no,mobile,Chrome,2025-03-06T08:37:02,268,"52.6790975,-140.055899",German
04000204-1cb7-4979-a6e1-69a79a8eddf6,Nor shoulder network rate anyone.,cardenas.com,IT,9820,no,yes,desktop,Firefox,2025-03-29T16:38:38,39,"-39.9469175,-31.309236",Japanese
99fe607d-3825-45ea-a627-45a8cf121a1c,Pass fear grow production environment.,hines.info,Sales,6985,yes,yes,desktop,Safari,2025-02-04T23:06:44,378,"13.3509595,176.808659",Chinese
e919a722-e1c9-4885-b69a-9009f707d2c6,Coach truth only nice color.,velez-vaughan.com,Sales,6097,yes,yes,desktop,Opera,2025-03-30T15:37:21,558,"-21.593146,-146.123326",Chinese
575af23c-88bf-46b8-b3d8-2ca87d990efd,Strategy throughout purpose late thus recently wonder.,kline-hardin.com,HR,3043,yes,yes,mobile,Chrome,2025-01-16T22:46:03,320,"-70.5110145,141.832242",German
014b4997-aa91-4df2-bfe1-1c8349de00f5,Worker truth commercial body doctor fact man.,mckinney-finley.com,Operations,3166,no,yes,desktop,Chrome,2025-01-15T17:42:13,325,"-17.530096,122.315542",Japanese
1022509d-7a4a-4df0-ad78-d02de8a0257a,Edge manage money lot sing wide energy.,rush.com,Marketing,3824,no,yes,mobile,Opera,2025-01-03T14:28:53,598,"88.4838095,125.265538",Japanese
8e759808-0d13-4eae-a4ea-62bccf118640,Officer learn hair kitchen same very usually pull.,hunt.com,IT,955,no,yes,mobile,Chrome,2025-03-21T09:52:57,480,"13.8310715,101.222094",French
491b0f77-ad41-4709-862c-8380a4c87030,Question treat treat.,hamilton.org,HR,9955,yes,no,mobile,Opera,2025-03-25T05:02:45,232,"-77.9023845,-143.568818",Spanish
8a61291c-8ade-4360-b47a-7fa94df58a32,Worry event nor call rest leader.,woods.com,HR,3905,no,yes,mobile,Edge,2025-03-12T09:21:54,328,"1.0055635,57.434132",Chinese
7485f2a8-be38-4bef-8a8b-531085422468,Data like near value.,edwards-velasquez.biz,Sales,8194,no,yes,mobile,Chrome,2025-02-27T10:21:46,21,"24.319476,113.142772",Japanese
b46ae715-0c02-4dd7-8fca-ff22f50e2e9d,Especially ability teacher later.,park-king.biz,Sales,8229,no,yes,desktop,Safari,2025-03-07T12:31:21,150,"-55.365259,140.574894",German
ae59be79-5bd5-4eff-bf45-42ac7d76f0aa,Future customer threat station where.,ellison-ray.com,HR,2284,yes,yes,desktop,Safari,2025-03-05T03:51:26,460,"-47.051121,56.376715",English
ce67f1e9-8bb1-431d-a8d5-64f5cb4b1222,Yourself various camera impact.,oconnell.com,Operations,2322,yes,no,desktop,Edge,2025-03-15T09:18:46,214,"68.8481315,-49.543826",English
fa846a2e-63ee-49ac-b650-8b06e99c17f6,Nation will party month hot individual difference get.,moore-flores.com,Operations,2233,no,no,mobile,Edge,2025-01-08T18:33:28,467,"49.356250,-102.077284",German
0747f7e1-11e1-4625-a58a-940545ae054e,Prevent member seek reflect others house.,castro-mendoza.com,IT,2170,no,yes,desktop,Chrome,2025-03-24T12:57:28,64,"-85.885225,10.396552",French
4e7f3733-b9e9-4b7d-a185-dfa489be3cfb,Throughout expert dog.,burton-rivas.biz,Operations,8685,no,no,mobile,Firefox,2025-01-18T23:30:55,266,"-42.6146785,14.753808",Japanese
fe883366-4e9d-4519-8e42-a3f730f70428,Brother show whom condition about yard article.,johnson.com,Sales,8605,yes,no,mobile,Opera,2025-02-09T10:47:23,302,"33.8683685,-78.994670",German
fe1f106c-c69a-450c-8894-ac9915790466,Book his buy authority particular network.,martinez-west.biz,Sales,840,no,no,mobile,Chrome,2025-03-06T09:31:56,424,"-83.884379,3.233584",Chinese
ec7a2369-2cb5-42c9-9ebd-bf92283a8d75,Factor although teach central policy cold.,smith.com,IT,4327,yes,yes,desktop,Chrome,2025-01-21T04:19:02,110,"-76.6644485,-79.587133",English
bbc9a706-b3f5-44a6-94f7-4d846dacf0ae,Performance purpose commercial.,garcia.info,IT,4353,no,no,mobile,Firefox,2025-03-01T04:57:42,550,"48.589810,-4.787458",French
748c22f9-1636-414f-b442-717b3c767e6e,Feel thank international network music.,burns.com,Sales,3643,yes,yes,desktop,Safari,2025-01-25T23:25:51,154,"29.1163495,-49.987413",Chinese
a7ac1c8d-f502-4d86-93f1-1a462301064f,Into his focus every outside true summer difference.,hunt.com,IT,1719,no,no,desktop,Firefox,2025-03-03T03:30:58,66,"57.908427,-108.023285",Spanish
025be94d-8d01-4c85-9b64-7e880cb975d9,Bank detail account small political.,norton.biz,Marketing,9436,no,yes,mobile,Chrome,2025-01-25T00:36:15,495,"66.521372,148.597235",Spanish
0dc37c0c-350a-4950-b736-6b69e9629e95,Central whom attention face.,king.biz,HR,1191,no,yes,desktop,Chrome,2025-01-31T09:59:06,453,"-22.7199585,-88.956487",Chinese
d4678120-f045-484d-a625-a71babe2ee25,Out artist could six blue stuff along.,mays.biz,Finance,9589,yes,yes,desktop,Chrome,2025-02-18T05:32:07,16,"-1.412336,117.963434",English
32e82236-ccf0-41b5-bb78-950de7980978,Question catch mouth rock.,watkins.com,Finance,7590,no,yes,mobile,Safari,2025-04-03T08:25:58,90,"-41.720662,-104.668423",German
909104c7-5964-40d4-a5cc-ce53ca39d3ec,Owner history model.,clark.net,Marketing,4381,no,no,desktop,Edge,2025-02-09T04:57:48,501,"-46.5563125,-44.726434",Chinese
1b021527-83d7-4663-8f3c-d0162acfc29a,Whom score really prove.,gonzalez-friedman.com,Marketing,7784,no,yes,desktop,Opera,2025-02-02T00:53:41,373,"69.069402,8.453712",English
cb80286e-80b8-4183-a052-8941104d075b,Capital teach light time.,burke.net,Operations,1183,yes,yes,mobile,Opera,2025-02-17T00:17:56,140,"-42.9572115,-146.103468",Chinese
b7b3cfe1-46ff-4393-bec2-7b65d4bd6d99,Also receive media follow show.,wilson-cole.com,Sales,5258,no,yes,desktop,Edge,2025-03-22T06:25:59,53,"0.150472,175.722907",Chinese
890e911a-967f-4990-87d6-7422d3c02484,Culture century fund everybody politics camera itself.,wells.com,Finance,4405,no,no,mobile,Firefox,2025-03-09T16:40:52,472,"-23.4272295,141.180502",Chinese
cca2c3b2-bb9c-4d78-bdd3-b410b5f8531c,Catch grow million first candidate Congress buy.,hicks.biz,Operations,8159,yes,no,desktop,Safari,2025-01-11T17:48:20,279,"23.6327615,-90.753885",German
43f37e25-9aec-4258-8437-4a62e980efa8,Generation million near moment seem door open pattern.,benitez-duran.info,Sales,3695,yes,yes,desktop,Chrome,2025-04-03T16:02:51,466,"-74.5076285,175.079332",German
1b983bf5-b354-4b13-996d-e9ca66fc2b2a,Moment machine administration drive full provide kid.,black.net,Sales,1121,no,yes,desktop,Opera,2025-02-17T09:21:31,492,"7.0678775,-120.470601",German
e20735c9-a516-4f7d-b2e8-98c0a0f60b0a,Blue cover morning report rest fast situation.,shaw.info,HR,6871,no,no,mobile,Edge,2025-01-10T18:57:16,10,"-68.7297075,-46.699102",French
bfd7bf7c-e880-4f33-b66b-e025f3852f25,Fall under truth catch.,cox.com,Marketing,5851,no,yes,mobile,Firefox,2025-01-20T21:40:09,236,"-66.3933315,75.998509",Chinese
4879d41a-dfab-4de0-bf21-0b6dc2dbab4f,No a such bar customer.,garcia-bryant.com,HR,4466,yes,yes,mobile,Safari,2025-03-08T00:26:55,423,"11.488286,30.699215",Japanese
730d1c32-0151-4faa-998d-44846af434be,Population state degree purpose.,hall.com,HR,4020,no,yes,mobile,Opera,2025-03-04T23:53:38,402,"-70.927193,0.019655",German
7120000b-9259-4c72-b16d-fe7b853bbf4e,Boy mission purpose.,miller-taylor.biz,Marketing,4791,yes,yes,desktop,Edge,2025-03-06T00:51:29,226,"-82.697215,-168.552123",Spanish
43285151-f133-450a-a65f-74fc7c5e248e,She ball per support ever.,garcia-martinez.org,Finance,1319,no,yes,desktop,Opera,2025-02-06T16:06:36,203,"-37.5593295,-65.569436",Chinese
ebc526ba-c1fe-434a-b852-0725a8f5c244,One contain here.,james.com,Marketing,3737,yes,no,desktop,Opera,2025-01-09T23:24:01,522,"-58.227654,-143.494091",French
da75107f-fa05-4fff-8a9b-42f1aafa2a13,Body save unit attorney mention wear.,davis-ward.net,IT,9822,no,yes,mobile,Firefox,2025-03-20T07:56:26,58,"-87.448630,63.503723",Japanese
11af90e8-5769-40f4-8301-eee0b5fe899b,Their or should join grow.,kim.biz,Operations,3198,no,yes,desktop,Safari,2025-01-27T16:46:35,574,"-76.222576,-143.156188",Japanese
ea213ded-f64a-4e3d-b02a-418c43e72a85,Market somebody why explain education ball next father.,walters-richardson.org,IT,5789,no,yes,desktop,Edge,2025-01-23T11:14:41,483,"-7.2462935,-109.567867",Spanish
0ce53fc1-7561-47a2-b04b-6d6e56f91db5,Defense determine help professor today main with peace.,stewart-valdez.net,Operations,1581,yes,no,mobile,Safari,2025-02-09T04:56:16,367,"54.574646,-76.585111",French
adf743e6-0ac8-4107-907f-182ffb8e799f,Man north expert stock join.,cantu.info,Finance,6377,yes,no,desktop,Chrome,2025-01-21T21:12:06,467,"60.571297,-43.686670",Chinese
11a57fdd-d805-4b4d-8d62-078242a80032,Talk lot foreign woman event girl.,fisher.info,Finance,570,yes,yes,mobile,Edge,2025-02-19T16:26:58,422,"-48.523950,162.712473",English
3be4eb24-4990-494c-a22f-c6abc42d9bb8,Lead health inside region low scientist.,lawson-espinoza.com,Marketing,722,yes,no,desktop,Firefox,2025-01-15T05:26:10,400,"-68.784492,-37.924398",Japanese
7cc3a5c7-ac9b-4694-a419-ea42309fe3dc,Live bad station ask.,atkinson-norton.biz,Operations,5431,no,yes,desktop,Edge,2025-03-26T14:36:16,594,"6.8758475,68.956952",Japanese
61f5cf26-79ff-43c1-a043-c1b5e39baf7d,Nature star involve break.,holden-taylor.net,Sales,9579,yes,no,desktop,Chrome,2025-02-12T00:30:21,522,"85.334128,-19.814519",English
9bd952f9-0233-4ccb-a8c6-ac7f232940ed,Management seem agency drive he.,mcmahon.org,Finance,8778,yes,no,desktop,Firefox,2025-03-30T15:24:56,152,"47.774116,-113.126878",French
f249b3ec-4ff4-4d32-a6e5-72dedd708258,Response Democrat message second player church picture assume.,schwartz-weber.info,Sales,7619,no,yes,desktop,Chrome,2025-02-02T08:51:29,18,"-75.6071975,-41.595453",Chinese
64c9a5d1-317d-4a6a-8680-01fae65d36a5,Baby him believe consumer sign force third.,wallace.biz,Finance,9035,no,no,desktop,Edge,2025-01-08T03:49:03,322,"-71.8330575,35.246835",French
c5120d66-6757-49e9-8746-7a43711da152,Allow actually happy free seek friend then.,webb.com,HR,3450,yes,yes,desktop,Edge,2025-03-11T18:54:34,84,"-58.4432465,53.356108",English
9102aca7-d8a6-4826-b1b5-a36399281194,Special cultural follow appear.,wallace.com,Operations,4206,yes,yes,desktop,Firefox,2025-01-06T11:27:01,230,"-25.3266195,-141.968532",Japanese
ed58f5b1-fc62-4d66-b2ed-4033c026687e,However job this into turn political over professor.,alvarez.com,IT,2637,yes,no,mobile,Chrome,2025-03-10T02:09:34,57,"68.499356,78.606702",Chinese
802a6609-5f58-4203-9022-8017c8124024,Memory project sometimes maintain college hair.,russell.info,HR,7254,no,yes,mobile,Chrome,2025-01-03T18:49:28,202,"-53.1436995,107.662420",Chinese
d9ef8bc6-f99b-4f85-bf39-0524e685119f,Hour together specific school item very.,ramirez-miller.org,Operations,690,yes,yes,desktop,Chrome,2025-02-20T11:17:36,95,"-24.325475,40.724383",Spanish
410dc83a-87d7-4ebd-a667-603525152558,Almost someone book prepare hand game.,norris.com,Marketing,6305,yes,yes,desktop,Firefox,2025-02-11T14:08:08,512,"-59.214340,-87.290152",Chinese
e58b5197-1f0f-4bd7-9320-eaa1fa72e954,Financial whole although.,mora.com,Marketing,9570,yes,no,desktop,Chrome,2025-03-30T10:10:33,461,"-89.336805,-92.512048",German
fc877bb2-e6ba-4761-8475-36ce66326d02,Discussion list development.,spencer.com,Operations,1782,yes,yes,mobile,Firefox,2025-01-13T23:44:30,385,"24.643963,-22.408752",Japanese
a0a333eb-f565-4cf3-bf9a-bfd8460ee0c9,Resource any budget travel world crime continue.,hoffman-long.info,HR,6820,no,yes,mobile,Firefox,2025-03-18T07:30:15,580,"7.5623205,88.038347",German
4202ed0d-633a-43d5-b0c3-a8ec8d97931f,Care work several.,lester.com,HR,4634,no,yes,desktop,Firefox,2025-02-04T01:24:24,317,"65.2550465,104.237825",Spanish
d38a8f00-4c59-4b49-b86a-b9482f5f82ee,President religious reflect pick type.,house-davis.biz,Marketing,1216,yes,yes,mobile,Opera,2025-03-21T01:12:02,260,"-27.2183535,-73.944691",Spanish
403aedfc-d097-4200-8666-8070d03de556,Second direction in expert like.,medina.com,Sales,9610,no,no,desktop,Opera,2025-01-20T00:35:54,572,"75.736381,-49.913713",Chinese
532b32b0-361e-45bc-a3a1-83628fce305f,Director once first trouble help particularly turn fill.,gonzalez.org,Operations,4104,yes,no,desktop,Chrome,2025-01-24T04:14:52,278,"31.0375175,26.362443",English
256411af-ba96-4acc-b235-7ca3c39fb972,Official new natural garden.,smith.com,Operations,9133,yes,yes,desktop,Safari,2025-01-03T20:36:31,426,"-28.883043,123.752527",Spanish
c5b41e79-01d3-4d39-8a0d-5270e4ef574a,Table now report discuss.,anderson.com,HR,2711,yes,no,desktop,Opera,2025-02-12T01:05:58,85,"-65.4962655,41.758345",Chinese
38ae7cf9-b3ac-45af-a4df-3152f53cb455,Official economy both seem.,schmidt.com,Operations,5538,no,no,desktop,Opera,2025-02-09T03:29:31,307,"-3.5145555,22.525031",German
efa53136-1666-4e3e-99ca-e8f7b1e4fad7,Factor manage former certain.,brown-cross.com,IT,650,yes,yes,mobile,Safari,2025-01-26T18:00:22,273,"-25.284112,90.239483",French
3f45512c-ae08-48a0-9add-7f36ae17daa1,Laugh sound customer option.,coleman.com,Operations,1317,no,no,desktop,Opera,2025-03-19T20:21:20,174,"61.6335725,-85.186249",German
cb2e3059-0a3c-41d8-8de3-5fc9ad8fbfdc,Customer trade president attention feeling size nation majority.,moore.com,IT,9904,no,yes,mobile,Edge,2025-01-10T23:03:44,187,"4.733700,-30.665933",French
68e9336c-ae4c-49ec-9c88-87f27e56d851,Ability cup manager.,vazquez.com,IT,7064,no,no,desktop,Opera,2025-03-08T14:02:37,409,"10.2006635,24.995256",French
b66e87ad-c2b5-4523-b569-e0838fb4f991,Resource education you him.,walker-white.info,Finance,5036,no,no,mobile,Safari,2025-03-27T12:50:42,520,"-11.5813465,-130.514493",Spanish
344972b4-72a9-4209-a2ff-70e4bcb614ab,Another down likely your something attention.,johnson.com,HR,599,yes,no,mobile,Opera,2025-03-12T01:50:32,208,"38.904727,121.529349",French
b0fb03c5-5705-4d37-9389-e3af889094b8,Civil us tough away show.,morris.biz,IT,7867,no,no,desktop,Edge,2025-01-12T16:06:42,323,"-55.0078285,-41.400859",German
f241f26a-cc5b-4973-adaa-a822dbafe4e6,Thank hundred meeting.,gordon-kim.org,Operations,7052,yes,no,desktop,Edge,2025-02-04T12:54:59,141,"-72.6437925,-145.804819",English
ad81caa6-71a6-4fae-ba6b-73e1a87f142b,While news boy.,knox.com,IT,867,yes,yes,mobile,Opera,2025-02-24T11:24:06,100,"-53.217175,159.509951",Spanish
d515979f-fc07-48b0-8788-feb481520000,Best business study everything decision reach table.,sosa.org,IT,6658,yes,yes,desktop,Edge,2025-01-28T21:01:24,210,"-10.8043005,101.482400",Spanish
4955798f-dcf3-460b-bf58-001e12964d9f,Wonder per cover someone student travel along.,brown.com,Sales,3888,no,no,desktop,Edge,2025-01-27T13:33:25,386,"-64.2828975,-75.524073",Spanish
eb3c5bfe-3629-4107-9d05-0b25042a1f5d,True nature physical.,mccoy.com,IT,4373,no,no,mobile,Chrome,2025-01-30T14:12:29,452,"68.8788275,46.686955",French
2fd26076-5c5f-47eb-873f-a6c1f3412e3b,City big citizen many minute.,mcclure.net,Sales,823,yes,yes,mobile,Opera,2025-02-22T03:42:54,378,"-45.172357,16.809616",French
29951486-a049-406f-9424-bb4f5e5169d3,Heart style class reality.,mata.com,Marketing,4514,yes,yes,desktop,Opera,2025-01-02T11:38:49,317,"-84.197640,-9.113443",Spanish
76f6651a-a62c-4282-800b-0dd9e886120d,Certain huge specific popular western computer.,yang.com,HR,5116,yes,no,desktop,Edge,2025-01-14T03:09:21,512,"3.0687335,7.428082",Chinese
6a42e723-2f52-4d52-a34d-8b93dd433472,Leave city conference quite.,hernandez.com,Finance,9954,no,no,desktop,Safari,2025-03-20T22:26:50,551,"-54.291458,70.602386",Chinese
6111e19a-f8de-4384-bd6c-26309f0873ea,Popular smile money from address on I.,hickman.com,Marketing,5090,no,no,mobile,Opera,2025-04-02T20:09:39,351,"-41.231122,69.398984",Chinese
3e3aeed2-495f-4476-80d8-9a3016fed870,Anyone relationship also marriage music age.,williams.net,HR,8075,yes,no,mobile,Firefox,2025-01-27T18:41:33,547,"59.9461185,108.964133",Chinese
bae9bf76-bc88-4b2a-a973-a0874df47cac,Lot boy worry rest east necessary throughout.,wright-taylor.com,Sales,8628,yes,no,mobile,Safari,2025-02-11T10:37:35,493,"-15.578743,-164.545314",English
f0a5d79d-aa16-4b16-b1cb-d4ebf24c81e4,Foreign check heart image painting hand by.,pacheco.com,Marketing,3866,no,no,mobile,Edge,2025-03-02T01:07:06,534,"-2.1136535,107.613519",English
88da3a1f-185e-4284-ade4-23b0b3e512dd,Might here manager.,harris.biz,Marketing,3723,yes,yes,mobile,Safari,2025-03-10T09:17:18,123,"-8.905375,-133.127169",German
81216c8b-e161-43c3-817b-2cd6a1dd0efb,Project find high increase industry.,smith-sanford.com,Finance,2768,yes,no,mobile,Chrome,2025-01-28T04:09:34,63,"88.0836425,-111.962597",French
11f17738-620a-4613-893b-d4eefbeff11a,Management quickly hair top dream.,ray-trujillo.com,IT,2140,yes,yes,mobile,Opera,2025-01-04T14:01:44,261,"-38.3005725,105.205369",Spanish
acef0e3a-20ad-4241-9d4a-cf6ec0c3c3ae,Child style stop pull answer.,cooke-hodge.org,Marketing,7085,yes,no,mobile,Edge,2025-02-20T04:45:49,216,"9.6952135,-141.985022",Chinese
e18e2494-2284-46da-9546-0dc3b6fc82db,Grow month new however.,david-mcdonald.org,HR,9156,no,no,desktop,Opera,2025-02-01T13:52:12,414,"82.490188,-127.511357",Spanish
ecabece1-1ad2-4668-b376-9a90d97e0fbb,Senior deal evidence seem food.,walters.biz,IT,3602,yes,yes,mobile,Firefox,2025-03-04T23:10:09,558,"-12.234059,53.759650",Spanish
1d8a06d8-d101-4e16-b99a-3bc5555a6312,State structure choice cultural.,myers.com,Operations,6084,no,no,mobile,Opera,2025-03-07T14:40:02,29,"61.0454565,165.357494",French
489755cd-72be-43a4-baf4-691bd7ca745d,Improve radio ground occur beat soon.,kim.net,Marketing,4990,no,no,desktop,Firefox,2025-01-27T07:36:33,288,"32.973683,169.482557",German
fe130820-6008-46c1-82c7-2429e24cc599,Leader fly up base else.,jordan.com,IT,1378,yes,yes,desktop,Safari,2025-03-17T08:05:27,527,"70.762478,165.907598",Spanish
179f0105-5d1c-45e4-80ae-8e4eeb27be3d,Watch under despite fast current spring.,bryan.net,Operations,7863,yes,no,mobile,Safari,2025-01-07T03:07:01,92,"-71.7304555,107.313521",Spanish
c48afe3c-f1a3-4b72-b52f-d477d953f3b4,Relate assume send shake decade peace level because.,arroyo.biz,Sales,4913,no,yes,mobile,Firefox,2025-03-11T09:40:03,441,"-80.6478225,-76.252340",Chinese
a9bd8a48-5b4a-4bba-9507-f9fbec452219,Serious modern effort affect improve leave meeting.,ford.info,IT,7603,no,yes,mobile,Chrome,2025-02-06T16:06:22,214,"35.1165165,-87.806319",French
052401c8-4660-42b0-81e3-407abbb3e61b,Let room people meeting task sport tree.,perez.biz,Finance,6382,no,yes,mobile,Firefox,2025-03-04T16:55:07,123,"37.3035935,88.282079",French
471ee630-4406-4e17-8e29-0e7f9af429de,Conference boy change like.,arroyo.com,Finance,9269,no,yes,mobile,Opera,2025-03-13T05:34:56,194,"-65.466044,-45.118376",English
e851eb22-0e16-42f1-9a7a-bbf8032c9825,Someone president artist see staff.,bridges-morris.com,Operations,1577,no,no,mobile,Opera,2025-01-05T04:56:04,289,"-60.4352265,-142.118838",English
9c07a6a0-3783-45ba-8d6e-f69ee6107b91,First skin likely class somebody really.,johnson-conner.com,Operations,1622,yes,yes,mobile,Safari,2025-02-04T11:13:47,401,"19.761261,84.618841",English
e8fe4ff9-4cf9-4750-9106-686c0c670850,Fine win however kitchen within.,poole.com,Finance,7945,yes,no,mobile,Chrome,2025-01-27T16:21:02,120,"68.830151,165.449008",French
f5b3a5be-71b1-40ca-a107-c603fd9ba95f,Everybody writer marriage night.,barrera.biz,Marketing,4704,yes,yes,mobile,Edge,2025-03-24T20:08:28,519,"-88.6906575,34.855751",Chinese
7dfb9e17-a77d-49fc-bd40-2d9e7de77296,Specific mouth impact popular choice some.,taylor-williams.com,Finance,8454,yes,no,mobile,Edge,2025-01-14T14:14:24,433,"42.2576545,-24.029042",English
bbddc5af-2c1c-418c-a4eb-d45976184cbc,Democratic hair office newspaper let PM bar.,roberts.org,Sales,6348,no,no,mobile,Edge,2025-02-26T20:10:16,289,"55.263926,-149.791617",Spanish
3bd30879-2be2-4d41-a1a4-e27e33fae7da,Risk player article because.,boyle-carter.com,Marketing,1167,yes,no,mobile,Chrome,2025-01-11T20:29:06,481,"-44.8062515,-104.572804",German
f1d27223-73c7-4f49-991f-351523cfd8c8,Thousand until find these whole everyone summer recent.,fry-morton.org,Sales,4543,no,no,desktop,Edge,2025-01-30T19:49:09,32,"45.964029,-112.492798",French
d2169d6d-094a-47aa-b280-ab25a41ef19f,Program pretty either thus both.,taylor.com,Finance,1592,no,yes,mobile,Edge,2025-01-18T18:00:51,435,"60.9973125,-52.372370",English
35df0d45-75ec-4989-9a49-825fb406e49d,Guy compare reach economic key agreement if.,sanchez.com,Sales,9066,yes,yes,mobile,Chrome,2025-01-15T06:08:36,126,"-26.8335115,-13.819824",English
93662d53-39ff-4de0-939d-539e659825f4,Their little any power firm job decision.,fowler.com,IT,5139,no,no,desktop,Chrome,2025-03-20T06:41:55,125,"65.0059095,11.425939",German
18710d5c-a9e5-4033-becf-cbbe2649c150,Report land can five.,brown.info,Finance,655,no,no,desktop,Chrome,2025-03-06T17:03:28,15,"-23.5635035,-74.814923",Chinese
ca881cda-7072-484e-b264-82277b05fd5d,Blood science entire carry technology draw grow collection.,robinson-beltran.com,IT,6918,no,yes,desktop,Safari,2025-02-23T00:53:48,124,"71.8437445,-60.382083",French
74242836-56f5-40ca-bf0c-8a931ee2ed83,Wish authority hit network above cost.,jordan-randall.com,Sales,7841,no,yes,mobile,Chrome,2025-01-03T10:40:43,31,"-26.966210,164.875986",French
35a18a53-be13-48c0-a57c-8369b9ba816c,Nearly course sea together fine evening address.,rose.com,Marketing,9722,yes,yes,desktop,Safari,2025-01-06T09:35:06,513,"-8.633464,-85.681600",German
e07efef1-d761-475c-8c72-3f0e325c2999,Full service final site.,jones.com,Operations,3094,yes,yes,desktop,Opera,2025-02-23T17:07:10,351,"54.791916,-0.621992",Japanese
268105e9-0c3a-4b9a-9bfa-4cb4097424c2,Raise time camera national.,foster.com,Finance,6195,yes,yes,mobile,Edge,2025-01-14T13:43:17,442,"57.5265775,78.762568",Spanish
04a9e95d-655f-4058-a463-1e42c8e3bd86,Education probably near mission.,crawford-hawkins.net,Marketing,8426,no,yes,mobile,Edge,2025-03-31T00:53:53,516,"52.635260,-115.927204",Chinese
c6410e9a-9765-4b77-b2a6-ac24f00d530f,Keep compare avoid story.,howell.info,IT,3969,no,yes,mobile,Firefox,2025-02-22T15:09:14,465,"-45.5823535,55.300122",French
71bd9afb-3936-482b-aec9-1be482736162,Hair great enough grow.,harrison.com,Operations,583,yes,no,desktop,Opera,2025-01-25T09:40:12,420,"-8.928640,67.763598",Spanish
896bda90-07f1-4d42-b139-c9e0151f86cc,Environment network rather word situation stop fire professional.,whitaker.com,Operations,4773,no,no,mobile,Opera,2025-02-17T09:34:48,459,"-19.650506,-53.385934",Chinese
ea351ed3-2ef9-42d4-b190-37b094297802,Structure coach war body all.,cooley.com,IT,6523,yes,no,desktop,Opera,2025-02-12T18:33:15,327,"28.708803,5.233919",Chinese
fed67ce8-6932-4ffb-8364-0711ead8818d,Suffer data mission he will while itself military.,swanson.info,IT,4509,yes,yes,mobile,Safari,2025-01-08T09:04:35,12,"-21.3786505,3.952591",Chinese
b80ba476-6a86-41a9-8042-546c319478f0,Themselves gas outside arrive.,johnson.com,Operations,4158,yes,yes,mobile,Firefox,2025-03-24T12:40:35,447,"23.8720425,-43.906529",French
afc0e0d2-8d21-487a-80dd-23868cbe2e6b,Far season last contain upon indicate state.,russell-walsh.com,IT,8122,no,no,desktop,Opera,2025-01-07T18:02:53,185,"65.7854105,21.298580",French
3bc0cf49-c627-4518-931b-7e19b4a36a4f,Beautiful option record city yard out office direction.,eaton-spears.biz,Marketing,3536,yes,no,mobile,Edge,2025-01-01T22:35:03,448,"-22.8120605,158.599176",English
e543a4ac-0016-48ec-8677-e566185ca21d,Matter laugh economy body firm very anything.,clark.org,HR,2103,yes,yes,mobile,Edge,2025-03-06T10:55:42,377,"85.774553,-97.492369",Spanish
c3dba76f-e9e9-4b8b-87d6-a16c4271cd4e,Increase card operation eat.,powers-sweeney.biz,IT,880,no,yes,desktop,Safari,2025-03-14T04:12:19,401,"-29.4646635,-36.305766",English
c8da6596-52c6-4d42-8f0f-78a59bb73f77,Put occur history deal indeed heart.,steele.com,Operations,7047,no,yes,mobile,Opera,2025-01-24T15:09:30,474,"21.466379,-2.046020",Japanese
27437b3f-b23b-46c3-b6c8-27b59a587634,Job course visit short message rather church realize.,mendoza.com,Marketing,9792,yes,no,desktop,Safari,2025-03-18T12:46:51,576,"88.200868,-1.770635",Japanese
16bc1960-6b49-47d3-a76d-b8b98a021e7a,Live me make believe approach perhaps policy design.,clarke.com,HR,8117,yes,no,desktop,Firefox,2025-02-27T23:48:41,334,"-15.511731,-1.154315",English
1fd55e7f-5706-410c-8b5f-d6e9e7f2de38,Imagine else remember ask travel tell.,mathis-jones.com,IT,5617,yes,yes,desktop,Firefox,2025-01-24T12:20:02,215,"-22.0896275,148.648532",Spanish
8e34b46c-c23a-4c48-ac1f-e10a6b26babb,On force couple understand.,hood.biz,IT,7389,yes,no,mobile,Chrome,2025-03-26T23:41:33,34,"88.825654,154.734332",Spanish
6630ed98-d0a7-4367-a03c-6f69a1ca2c05,Whose total executive.,thomas.com,Finance,2811,no,yes,desktop,Safari,2025-02-08T17:27:52,95,"61.188273,-81.848770",Japanese
5b83c83e-275c-4415-bc92-0b39859bf731,Citizen sometimes when low argue simply blood all.,collins.net,IT,6589,no,no,desktop,Chrome,2025-03-20T15:40:31,196,"-13.184349,157.281784",Spanish
35591224-6a36-49f6-aeb9-6bf44440a045,Here lot often more.,lawson.com,Operations,7339,yes,yes,desktop,Opera,2025-03-27T07:55:12,450,"43.3417475,-106.610438",German
33848429-3dc3-4ef2-b7d4-24c1ff5838cf,Energy effect consumer than base.,chambers.com,Finance,2181,no,yes,desktop,Safari,2025-01-05T16:07:46,88,"47.735258,11.350540",English
323c4d06-8f58-42d0-9b23-6659d92aa0d0,Reduce professional smile main senior power.,reyes.net,Finance,6020,no,no,desktop,Chrome,2025-01-12T12:36:02,204,"0.279816,-64.937729",Chinese
fa8ba1d4-71c5-4047-bad4-c1a5d949bee2,Fill you plan sing increase hold challenge instead.,pollard.com,IT,5035,no,yes,desktop,Safari,2025-01-07T10:49:48,313,"-36.6509115,160.008240",Spanish
74add040-7f0b-4996-907d-4abc50bd92a0,This explain reason page.,fernandez.net,HR,2512,no,no,mobile,Chrome,2025-01-28T14:02:34,405,"-18.120300,-54.024771",Spanish
a6a79180-786c-4e66-8739-1ea886856f74,Meet well total word chair.,robinson-wilson.biz,Sales,7059,yes,yes,desktop,Firefox,2025-02-05T09:17:12,158,"57.659037,-105.727967",Spanish
b963523a-122a-40ad-81c6-c68b94209e3a,Behind idea high dream five.,reyes.info,Operations,1272,yes,yes,desktop,Safari,2025-01-19T21:11:44,81,"-8.465681,59.624662",Japanese
138eec8f-9386-47fc-a887-4fa2654971d9,We rather present public car.,stewart.com,Operations,8507,yes,no,mobile,Chrome,2025-03-04T08:39:54,406,"28.914425,-70.629382",German
d49d64cc-852f-4a39-b0b5-fe76f98e83bf,Order place study lot pattern despite on environmental.,dixon.com,Operations,1077,yes,yes,desktop,Safari,2025-02-15T07:22:02,164,"-38.011414,149.792062",Japanese
129ba34d-f535-4b36-8f11-813d6f88df16,Model tree blood air yeah bad.,diaz.com,Operations,2526,no,no,mobile,Edge,2025-01-06T03:00:25,166,"88.862992,-68.171080",Chinese
ace571d1-41d9-40f7-8335-e75acaeb1a71,Point size record relate.,riley-gonzalez.com,Sales,6054,yes,no,mobile,Firefox,2025-03-06T17:38:40,339,"3.4692305,70.882740",Japanese
3f1c2034-dd48-4627-95dc-e18b5eb702e5,Risk economy political direction go.,beltran.biz,Operations,3729,yes,yes,desktop,Opera,2025-03-06T15:59:19,540,"39.200742,-45.064075",German
d22a005b-c3f0-42aa-af84-09a152323c5a,Look answer more defense.,powell.org,Sales,8330,yes,no,mobile,Firefox,2025-01-06T08:17:43,567,"48.232464,-31.571245",German
fe7f7d24-166e-4471-ac86-c883b28621a9,Subject return specific for sing.,young.com,Sales,9453,no,no,mobile,Safari,2025-04-01T00:09:45,581,"-59.272166,-153.011840",English
2cf8ef95-2c94-4b66-86a6-4a6b8ce96ba4,Yard various participant manager car seven.,ali.com,Sales,6808,yes,yes,desktop,Edge,2025-03-16T01:01:46,174,"6.064562,-61.839988",Japanese
17f8fbf5-3340-44b9-a478-f95e4b0ca652,Up news player majority.,marsh.info,Sales,7510,no,no,desktop,Opera,2025-01-29T05:05:11,104,"-65.2229255,-81.618827",German
275a086f-48db-4a1a-8925-1126ebd295d6,Indicate money only thing perform.,smith.com,Operations,9679,yes,no,mobile,Firefox,2025-02-27T17:18:18,460,"20.994518,77.904470",German
a0203818-ad2a-4237-afb8-c7786fc4d891,Business hot involve stay.,evans.com,Finance,4863,yes,yes,mobile,Safari,2025-01-06T12:08:20,451,"46.7411575,70.554791",Chinese
18e48e00-0e6d-4846-a1b2-82dca898ca1a,Current huge money body citizen begin and.,ortega.org,Sales,7239,no,yes,mobile,Chrome,2025-02-14T20:06:33,340,"-2.4190475,5.060354",Chinese
5225e723-202f-4f19-884f-a8d4314b53f5,Share amount subject wonder.,scott.biz,Finance,4878,no,no,desktop,Chrome,2025-01-29T16:41:33,54,"-2.421796,0.954475",German
77176061-06a4-4842-b785-83fcba7d7d9b,Fine study us.,pennington-martin.com,Marketing,6019,yes,no,mobile,Safari,2025-03-20T23:47:02,434,"21.730485,-56.359208",German
22c5e0c9-3bfc-416d-ac45-3d7ad69875d1,Daughter music finally information.,lopez.com,IT,8188,yes,no,desktop,Safari,2025-01-15T20:54:03,88,"-22.4545075,-109.746716",English
a604b7af-d9ea-42b6-a91f-c036d5484ca2,Seem large effect protect feeling activity keep.,conrad.com,HR,3774,yes,yes,desktop,Safari,2025-01-23T05:58:04,324,"1.2662555,101.530884",Spanish
a0015d87-8804-4112-8ce3-94e05f2ad826,Game ability radio receive foot act.,melton-marshall.biz,Finance,3142,no,no,mobile,Chrome,2025-03-05T15:58:52,484,"-65.632580,-131.421716",Chinese
2194e3f2-942d-4da7-a21c-b857d2059823,Often at everything.,tanner.com,Sales,5432,no,yes,desktop,Opera,2025-03-08T06:38:09,530,"79.4148095,139.385266",Japanese
a620d731-e469-45c8-8f80-b8f1146b11d8,Maybe sometimes sound up line.,anderson.com,Sales,9060,yes,no,mobile,Firefox,2025-03-22T10:03:07,532,"-79.155154,-55.601068",German
c3824461-90aa-4ced-a1e8-7b0052ebf1d7,Song support near final question down.,bowman.info,Sales,5127,no,yes,desktop,Edge,2025-03-01T02:49:35,445,"-51.1547765,-18.452790",English
ee812b43-3f4e-4197-8b4b-41f9fbe56092,Consumer serve end.,williams.com,Finance,1070,yes,yes,desktop,Safari,2025-03-05T09:56:01,457,"-15.642474,-46.114622",English
c4b4de74-5be1-49a7-aa8d-cade21438524,Beat standard present very run game.,gonzales.com,Sales,4490,no,no,mobile,Opera,2025-04-01T07:11:49,432,"-62.2683135,-120.348209",Chinese
565a17d5-0bab-4c05-b47d-777aee4351cd,In role law yeah.,hernandez.org,Sales,3540,no,yes,desktop,Opera,2025-01-03T02:47:37,185,"-26.690668,-34.480940",English
595a57cd-6a90-4485-b6e1-4236791f99b6,Environmental so source couple.,quinn.com,Sales,6576,no,no,mobile,Chrome,2025-02-17T11:23:02,536,"88.5171035,151.770113",French
6b0bd11c-b882-4a89-8af1-9f3da75fe657,Relationship character management glass west kitchen test light.,gates.com,Sales,3652,yes,no,mobile,Firefox,2025-03-25T13:03:57,314,"-43.662458,159.031647",English
82d78ede-25a1-4e5e-8148-609100c680a1,Red main activity next.,johnson-zavala.com,Marketing,8154,yes,yes,desktop,Opera,2025-02-04T21:29:59,307,"-56.781448,-112.730417",German
05abefe7-18a8-453e-999c-fde1f6c3605a,Thus enjoy own top talk game down animal.,joseph-harris.com,IT,4618,no,yes,mobile,Edge,2025-02-09T13:19:07,45,"-23.306138,-90.217432",Chinese
5545890f-b294-45f3-a109-fe807c1ce022,Which join goal woman follow area until.,pierce.net,Marketing,6868,yes,yes,mobile,Opera,2025-01-31T23:00:18,542,"-58.7568875,-95.918439",Japanese
362369b1-dd9a-400c-b189-66579ab0c5bf,Father future yard.,wells.org,HR,3061,yes,yes,mobile,Opera,2025-03-14T16:45:50,27,"16.390773,18.230228",German
f5fbf492-4639-4c37-9700-655309ad7ae9,I woman somebody look traditional.,schneider-turner.net,Finance,4845,yes,no,mobile,Safari,2025-02-05T01:08:01,223,"-55.5283155,-5.849262",French
886c0551-4a9d-43aa-82e2-aaf070accb9d,Live example culture machine their show job.,davis-price.com,Marketing,4584,no,no,mobile,Edge,2025-03-08T14:57:16,346,"25.762084,-174.148836",Spanish
c46f9029-1f0d-4722-839b-a69bb9068626,Hit focus heavy after require customer.,jacobs-bryant.org,Operations,5994,no,yes,mobile,Safari,2025-02-13T05:41:38,372,"-6.163378,27.308928",Spanish
306a2445-a9a4-41db-9d41-737e65d1a079,Interview order region heavy.,williams.com,Sales,8980,no,yes,mobile,Opera,2025-03-23T00:14:31,115,"-30.6998075,-56.133709",Japanese
0f390c25-87cd-45a6-b903-b2a86b884eb8,Write long remember throw computer your simple.,mack.com,Marketing,4195,yes,yes,desktop,Chrome,2025-03-09T03:07:33,85,"87.504693,179.982141",Japanese
cb07feb4-98a0-4924-aaa3-bfd1146356f9,Debate color catch alone response.,jones.com,HR,8177,yes,yes,desktop,Chrome,2025-01-03T23:12:05,428,"-64.3368805,-10.698942",French
4b9ed86f-2f84-42ba-bba3-6a6031f9dcc7,Thought a environment commercial growth behind player.,guzman.com,Finance,571,no,no,mobile,Firefox,2025-01-17T03:56:31,45,"4.815999,133.981084",German
e66f3122-2ded-4eb9-a4d4-d7cb0a834c5b,Tough whole reduce reality must.,drake-jones.com,Marketing,6432,no,yes,mobile,Safari,2025-01-30T03:55:06,459,"-11.8328965,46.217482",Spanish
85c5fb8a-18cf-4fd1-b9f1-a32902fc44d7,Analysis character movie and memory without.,craig.com,IT,1165,no,yes,mobile,Chrome,2025-02-23T22:34:03,590,"-53.4645215,160.062722",English
93016be1-7263-44b4-add5-ca19219fda4e,Prevent professional region usually red.,nguyen.info,IT,8912,no,no,mobile,Firefox,2025-02-17T22:20:24,573,"-49.452480,17.416318",Japanese
a5b433d3-2026-431e-bf20-84ef8ec17745,Cause affect staff first spring recent health.,peterson-hughes.com,IT,7602,no,no,desktop,Edge,2025-01-21T13:53:02,324,"62.7405775,-140.131933",Spanish
17059c0d-9080-4594-844c-4262b4448810,Cultural any to man.,larsen-miller.com,Marketing,1952,yes,no,mobile,Chrome,2025-03-01T21:50:08,159,"-28.8030855,-39.064263",Japanese
8d575434-ea3b-42bc-b2b4-e426a83cc95b,Like month memory at serve.,johnson-phelps.info,Operations,4333,yes,no,desktop,Chrome,2025-03-04T10:29:36,165,"57.6101335,89.559189",French
06ad92e1-a7d8-4177-938f-a0612ed29b14,President prevent exist toward small show yes.,weeks.com,Finance,6147,yes,no,mobile,Opera,2025-01-25T08:32:28,98,"12.010775,81.848115",English
7ece2594-f40c-4046-aeb3-c19ab69053f0,Try lose position carry especially or.,johnson.com,Marketing,3431,no,yes,desktop,Firefox,2025-02-09T15:03:43,325,"70.291868,-168.320056",English
c708f3cc-5825-4c7f-9e76-fb667bb1c4ed,Yeah possible defense view society possible authority reality.,lynch.com,Marketing,1311,no,yes,desktop,Safari,2025-03-05T23:15:09,274,"55.9906865,-83.936584",Chinese
c997c752-f391-41c7-be86-3d422febe33c,Phone sit Congress not.,farrell-warren.com,Marketing,9649,no,no,desktop,Firefox,2025-02-23T15:31:34,299,"-31.516826,-178.252059",Chinese
615c9776-d467-46c2-97b5-c6f3990f9dd8,Ahead song create contain environmental manage senior.,stafford.com,Marketing,7680,yes,yes,mobile,Safari,2025-01-30T08:31:14,433,"73.436078,-126.048574",Spanish
b227ce7a-5a0d-495d-84c8-d32319eb9d11,Security blood population.,krause.com,Marketing,4127,yes,yes,mobile,Firefox,2025-03-16T09:23:54,446,"-8.5453345,-63.034086",English
6a1ae050-e70f-4ad5-a43d-60c9e9735840,Explain candidate know.,glover.com,Finance,5599,no,yes,desktop,Edge,2025-01-25T06:54:57,446,"36.381484,46.905493",German
0edc3b88-f821-4db0-b8c9-5408fc5ae8ea,Choose college sit night.,huber.com,Sales,1979,yes,yes,mobile,Chrome,2025-02-22T01:45:58,366,"2.3079545,-81.380071",Spanish
32ce7aea-0101-4d50-b47a-ac06b2d103c6,Friend customer fund probably.,green.com,IT,4365,yes,yes,mobile,Chrome,2025-01-23T17:53:03,434,"-47.8696235,103.539229",Chinese
5cdd6263-5044-46b2-9556-314d68392379,By beautiful again I.,johnson-campbell.org,Sales,1713,yes,no,mobile,Safari,2025-01-19T15:25:40,598,"62.839532,161.362997",English
c92ebd83-adc1-4d34-99fd-c2b9e43ebee1,Majority game idea.,stewart.com,Sales,4441,yes,yes,desktop,Firefox,2025-02-18T22:21:11,467,"-86.579631,132.329301",Chinese
85c5d653-6abf-4e35-b5b4-d000b6cb9d76,Computer go born military writer.,roman.net,IT,5356,no,no,mobile,Firefox,2025-01-13T23:46:15,563,"-3.660409,91.021065",Spanish
861890fc-7ee0-4dee-8303-df3623ff3795,Yet with position almost outside movement share.,lee-davis.biz,Finance,5224,yes,no,mobile,Safari,2025-01-19T18:05:51,407,"17.9172215,123.899207",Chinese
9ea649bb-dc80-47ec-b9a4-8e7c7af9d6ec,Local offer set action college.,boone-jones.org,Operations,2890,yes,yes,mobile,Opera,2025-04-02T18:39:47,297,"-82.210458,110.828802",Japanese
89ea3caf-5dfc-4e49-85ad-4fa1153fd34c,Policy real close certainly news.,hunter.com,Finance,2956,yes,yes,mobile,Chrome,2025-02-25T22:42:52,90,"79.946290,99.654326",Spanish
c8fb00fe-6397-427b-8d77-7ad41cbe77d5,Question medical language common story look page.,jackson.com,Marketing,9062,no,no,desktop,Safari,2025-03-04T02:57:46,284,"-86.6879985,1.759857",Japanese
8e4cc962-82e3-43d0-b181-44496b6560b2,Light TV listen lawyer light listen possible.,ballard.com,Sales,4831,yes,yes,desktop,Safari,2025-01-26T11:35:16,432,"-65.604209,-53.796654",German
613f91ed-41f5-4ea4-8a26-61931fc762ef,Compare personal return specific full.,sanchez-kelly.net,IT,6958,yes,yes,desktop,Edge,2025-01-24T03:50:52,314,"-78.450182,169.863449",Japanese
48e72735-22b3-4975-ab88-f06fe4246aee,Quickly become you.,zimmerman.com,HR,2493,no,no,desktop,Edge,2025-01-10T23:02:59,136,"29.3003995,-55.061446",French
48d2ebf1-f947-4e36-be19-dcb3a745d92b,Cultural under coach authority kitchen summer use.,reynolds-russo.com,Operations,7256,no,no,desktop,Chrome,2025-01-13T10:06:35,411,"-25.3779015,-113.142819",Chinese
e7fec656-dfee-4e14-aceb-f53c6696bb9f,Story right should blue close determine case.,green.net,Sales,3073,yes,yes,desktop,Firefox,2025-01-25T03:17:00,515,"25.0710845,-14.118423",Spanish
144cd3cf-8673-4726-9bd3-e0143421fde9,More author majority effort finally style imagine.,lopez.com,Sales,9618,no,no,desktop,Safari,2025-03-10T10:26:16,437,"-30.7549845,110.453441",German
e8c47e60-006a-40fd-9757-24e14d5af011,Beat set occur itself.,brennan.com,Sales,9278,no,yes,mobile,Safari,2025-03-14T10:55:12,174,"7.203521,-112.075290",German
a81dcf4a-498e-48ba-ba54-5682ec5230d6,Offer direction various always country.,sharp.com,IT,6475,yes,yes,mobile,Firefox,2025-01-12T05:32:39,505,"75.263256,-21.537785",Chinese
60ab1feb-90ff-46e2-b19f-ffdd98c22a0e,Hair wife response president perform rock true.,webb-york.com,Sales,6399,yes,no,desktop,Edge,2025-03-18T14:09:09,514,"52.591153,92.339048",Spanish
4e43eb69-8fa0-4610-a5c7-11a5a2fd1794,Truth interest tend.,hudson.com,Marketing,6207,yes,no,desktop,Opera,2025-03-03T00:35:47,113,"-88.9906125,115.847602",Japanese
71e9cc59-613f-4907-a4d7-3e8ed242f822,Second example early add country full.,buchanan.com,Sales,9663,yes,yes,mobile,Firefox,2025-03-02T03:21:46,308,"-73.622919,112.951315",Japanese
298bec30-3440-43a9-9f2a-ccc61c80970a,Enter draw fill blood wife happy.,west.org,Sales,2748,yes,yes,desktop,Edge,2025-02-04T23:04:56,598,"55.9810765,154.907978",German
d6ce2a26-4b0f-4487-bdcd-3ea8e0ec8f6f,Yourself executive security thing.,riley.com,Sales,1535,no,no,desktop,Chrome,2025-01-13T14:28:21,418,"68.985790,52.941967",English
f18ae168-d106-460c-8a36-a7d0cff6b19c,Score amount include moment.,williams.com,Marketing,5078,no,no,mobile,Edge,2025-01-18T10:45:44,186,"-71.870089,72.744090",English
20e090b0-8017-4695-90c0-91e54143d645,Even itself network president common life.,daniels.com,Marketing,4594,yes,no,desktop,Edge,2025-02-09T14:04:36,277,"-6.8549455,-138.846753",German
fb061607-69af-4f3f-bc0e-bd52fb9967ee,Whatever foot around.,ashley.org,IT,4449,yes,yes,mobile,Safari,2025-01-26T05:42:21,422,"-54.7433355,47.044554",Spanish
3442e7f1-8697-4b19-8435-9b117b0f0599,Serve call here deal bed two society.,smith.com,Sales,5370,yes,yes,desktop,Edge,2025-01-24T12:12:42,311,"-54.305373,-101.576996",Japanese
a87144a2-b292-40a2-a7b0-c5f2efa8d554,Why bed participant way commercial soon.,campos-todd.com,Finance,2072,no,yes,desktop,Firefox,2025-01-18T11:36:51,481,"26.4883395,152.414836",Chinese
1a3a1512-c971-4b00-bdf6-a865d4e008da,Stay gun economic rock personal first.,robinson.biz,Operations,6577,yes,yes,mobile,Chrome,2025-01-10T20:42:16,585,"-7.311751,54.044096",French
79b2f08d-360f-41fd-87f9-c1027e263c58,Body than board.,chen.com,IT,7440,no,no,mobile,Firefox,2025-02-01T22:30:50,400,"45.5718235,10.317276",Japanese
74ab0c77-b68e-4e71-ae72-25f9ebae927e,Same brother standard sit hot decide.,evans.net,Marketing,4650,yes,no,mobile,Opera,2025-02-23T07:04:30,97,"-55.629098,97.865364",English
6412fdfd-5276-46bd-8364-923cc804c80a,Main like spring man day.,hutchinson.com,IT,7229,yes,no,mobile,Opera,2025-02-09T23:54:41,277,"75.454085,-82.903938",French
808f12da-174d-4e3b-944a-6c30c3bb0305,Owner sit goal gun major simply.,cunningham-robbins.com,IT,1884,yes,yes,desktop,Opera,2025-02-06T01:24:35,33,"20.257960,-156.447929",German
0bcbedbf-a2ec-44f9-8a7c-f482d27a828f,Become meeting both.,perez-dalton.biz,Sales,9507,no,yes,desktop,Opera,2025-02-08T05:25:03,187,"46.513916,-34.933494",Japanese
4154119f-9775-4160-b5aa-8c846d7053d6,Discuss maybe stuff report collection view.,clark.info,Operations,2170,yes,yes,desktop,Firefox,2025-01-07T22:30:41,493,"-18.0652185,-40.768190",Spanish
bf455f80-6832-460f-8a84-d094d432228b,Senior win national hand once southern.,woodward.org,HR,6914,no,yes,desktop,Opera,2025-01-27T07:53:06,516,"-56.923540,-29.347178",French
9496b170-b92e-4fef-995d-41b5f7c84469,South near heart economy they describe student.,bates.com,HR,512,yes,yes,mobile,Firefox,2025-03-28T18:31:43,362,"64.715219,-15.233145",Japanese
109a1860-4b73-4a50-a456-f4f1f36a0b03,Remember current issue particular answer dog affect.,faulkner-garcia.org,IT,3032,yes,no,desktop,Firefox,2025-02-03T04:48:48,338,"42.504634,15.619079",French
298f048e-5a04-4851-8029-7dcced76c22a,Alone him model industry indicate animal sign old.,hayes-drake.info,Operations,4531,no,yes,desktop,Opera,2025-03-07T23:21:23,563,"29.6308255,-31.899171",Spanish
5a13955f-dfc4-4993-9a1e-1dc729811b8b,Although side everything.,mann-fields.com,IT,6317,yes,no,desktop,Safari,2025-03-04T05:33:20,349,"29.729041,-14.578549",French
d465898e-5e59-49c8-a372-86bcee7b5c2d,Size must catch performance sometimes theory guy bed.,miller.net,IT,7379,no,no,desktop,Firefox,2025-02-25T19:42:11,215,"19.384537,27.271331",German
07a8af86-3ef2-458a-85c2-7eb92167fcff,Sit front political.,sanchez-reynolds.biz,Sales,7851,yes,yes,mobile,Edge,2025-01-24T08:54:07,457,"-19.435665,-72.983120",Japanese
f1f64e6d-2abf-40ff-aee5-a2883509e00f,Grow happen heavy know attention possible decision.,riley-lamb.org,HR,7302,no,no,desktop,Safari,2025-03-30T01:02:17,194,"-77.536848,-28.483692",Chinese
f6ebe0d8-e871-41b2-80ff-0bbee0636bbe,Call vote design upon reach impact research.,dominguez.com,Sales,7472,no,no,desktop,Opera,2025-01-26T08:12:50,50,"70.644661,-149.919985",German
6b4c11b6-0046-4753-95a3-74d2bf378709,Evening discover alone even consumer.,galvan.net,IT,7592,yes,yes,desktop,Safari,2025-01-20T17:32:23,596,"-15.585808,101.762395",English
25fe32cf-3f4c-472c-aa3a-f4d26bcecc42,Energy reduce spend morning attorney memory forward.,coleman-miller.com,Operations,7309,yes,no,desktop,Opera,2025-01-30T05:01:29,414,"0.459388,-117.327158",English
06d44e8a-f60f-4449-a33a-ad7814591462,School begin last marriage score character out adult.,richardson.com,Sales,6236,no,yes,desktop,Firefox,2025-02-08T09:57:33,184,"21.6465495,54.999584",Chinese
8c67d5f5-6d1d-4b6b-947e-313b969aee0e,Its health image new.,collins.com,Sales,6081,no,yes,desktop,Opera,2025-03-31T02:01:46,437,"14.288694,-20.677428",English
67a6bc3b-a3cd-467a-9ca7-ecc8cc3f4975,Itself particular on inside whether somebody.,hernandez.biz,Sales,6858,no,yes,desktop,Opera,2025-03-16T04:45:53,166,"9.4067515,-54.457744",Spanish
e018f3ce-4cd6-40a7-9b41-332063aacb2f,School should reflect free fear get charge.,acosta.com,Operations,9928,no,no,mobile,Chrome,2025-03-19T23:12:52,367,"-30.2740245,33.433082",Chinese
a9cc5158-d6a8-46ee-b975-774a73f76578,Sometimes list half area player choose.,freeman-warner.info,Operations,1828,no,yes,desktop,Opera,2025-03-10T02:45:50,335,"-13.6114835,-44.032236",Japanese
2092446b-c818-4a94-b72e-01a8cb19ad90,Defense tree Congress development save item.,ortiz.org,Sales,5181,yes,yes,mobile,Firefox,2025-01-12T03:16:05,63,"-46.198772,-99.798269",German
fc63c35d-efd3-4b91-8c02-c05c444e2456,Down visit draw kitchen.,bradley.com,Finance,3174,no,yes,desktop,Edge,2025-02-05T00:07:01,244,"-52.519070,-69.347848",Chinese
108b2048-d9e7-41ab-b504-b2e0ba1e920f,Hot wonder help establish beyond appear.,martin.com,Sales,7579,no,yes,mobile,Firefox,2025-02-04T19:24:01,266,"45.6233425,-21.150793",German
f097b9cd-c2b6-4a6c-8421-57e45ddfb9ab,Want movie against teach then card day.,davis-byrd.biz,Sales,2124,yes,yes,mobile,Opera,2025-01-06T18:03:44,344,"18.9577905,-91.105304",English
323b0571-6d1b-488d-933e-0ce56c6296c5,Final which available reveal everything.,ward.biz,HR,3226,no,yes,mobile,Safari,2025-01-30T13:05:17,369,"41.7606355,40.758138",Chinese
a85386e0-6415-4006-ab9b-2653e51a981e,Position radio project avoid career board.,green-thompson.net,IT,1772,no,yes,desktop,Opera,2025-01-05T03:33:41,350,"18.270461,154.706515",Chinese
42c0595f-3b4b-4970-86ca-66c4dd2d0c62,Work catch east new culture eight.,greer.com,Sales,9868,no,no,mobile,Safari,2025-02-15T19:13:31,569,"-8.1832265,-81.495733",German
9f39bc0e-7051-465a-a9cc-acbf1e113cf8,Able while relate majority catch.,walter.com,IT,6221,yes,yes,mobile,Edge,2025-01-03T17:08:36,18,"18.883819,39.678233",English
6c4a350d-533e-4797-9d44-98c04f0a0dbd,Organization us how return number.,wells-jones.com,IT,8784,no,yes,desktop,Safari,2025-01-21T17:07:11,154,"77.0613405,53.485427",French
616e674c-d693-48b9-a1d9-eca8f9f9e21c,Anyone politics whether difference economy ten.,jennings.biz,Sales,6123,no,yes,desktop,Edge,2025-04-03T13:33:47,300,"80.7398445,-102.892859",English
ac9bf250-5410-436d-bb6e-3600fc5ba154,Here center model forget organization better mother.,boyer-davis.org,Operations,4439,yes,no,desktop,Safari,2025-02-07T23:35:22,210,"-55.2711765,-118.681095",German
fdadd267-b63b-4c9d-b92e-044d1d09d499,Institution figure suffer drop every.,perry-mckee.biz,HR,8718,yes,no,mobile,Chrome,2025-01-23T15:28:05,426,"-27.2592125,97.923902",French
a6cf44f9-487b-4d98-9902-7ba2450fcfbe,Many think catch authority too.,hernandez-clark.com,Operations,1402,yes,no,desktop,Opera,2025-03-29T09:06:05,165,"88.2898455,179.978013",Chinese
faac10ee-f52d-4f2e-bf52-0f3995ed34a2,Worker two few chair meeting.,wilson-adams.com,Operations,7874,yes,yes,desktop,Safari,2025-03-26T03:21:08,173,"-35.2991275,175.570390",German
d0849dfc-30c3-456a-b9ed-71c9026aa84a,Find professional financial bit and party likely.,brown.com,IT,2215,yes,no,mobile,Safari,2025-01-13T05:35:01,550,"85.7105815,-55.507479",Chinese
e53c339f-2b56-480a-9bb9-fdc05aadf349,Half everything society concern question idea.,smith.com,Sales,1712,no,yes,desktop,Opera,2025-04-01T12:31:13,448,"-36.2761305,-161.093201",Chinese
e30ecad4-db39-4eb3-99aa-fa1a83e10231,Question cultural foot.,tucker-sullivan.com,IT,5829,no,yes,desktop,Opera,2025-03-25T00:08:31,10,"45.8623255,-113.773091",French
949f1c52-5094-4168-bddf-d5c1b4ba9dd5,History rate example.,miller-price.biz,Sales,4039,yes,no,desktop,Chrome,2025-03-29T07:09:01,422,"-82.3317815,-1.484074",French
3e398a8a-5908-4eeb-9fd5-8bf1b4c7aaa5,Present sea able nice trade write.,chen.net,Sales,5142,yes,yes,mobile,Safari,2025-02-14T17:22:53,167,"-72.082073,-91.787167",Spanish
a75b0d77-cc13-4456-8ff7-7c8f5668493f,Discover choose minute factor detail their.,patton.com,Marketing,3926,no,no,desktop,Chrome,2025-02-15T01:40:18,469,"-41.7202415,85.914934",English
65a20557-35d4-467b-8687-ace96ee444d2,Figure out memory understand laugh subject.,zimmerman-scott.net,HR,8623,no,yes,mobile,Chrome,2025-03-18T06:15:11,33,"-19.368532,-146.896377",Spanish
fc1c81bf-0b76-4771-a724-0afe34a69e2a,Particularly fight inside recent late range our.,solis-fisher.com,IT,2265,no,yes,mobile,Edge,2025-02-15T11:42:21,385,"-47.6724055,161.435152",German
096766e8-9787-4c38-bfd5-ec8b818fd4d6,Account American put.,sosa-ware.org,Sales,3084,no,no,mobile,Chrome,2025-02-12T13:08:19,457,"-19.793570,33.321299",German
f1106566-59ab-41a1-9ef1-1176ef300a1c,Measure with strategy public.,sanchez.biz,Sales,8755,yes,no,mobile,Safari,2025-03-16T22:31:12,331,"32.308908,130.973743",Japanese
8519197c-0194-49c5-aae5-a30bea6ad9fe,Beat different five one heavy.,wilson.biz,Marketing,8355,yes,no,mobile,Safari,2025-01-13T21:13:50,37,"-38.486723,75.776393",Spanish
dc653ff6-b0ee-4050-956e-87282d38cacb,Sister successful carry much information.,davis-little.com,Sales,3077,no,no,desktop,Chrome,2025-01-04T18:36:39,280,"2.508518,129.456300",Chinese
74e2391a-1c57-4630-8811-fc0342de7384,Peace time official final month cell matter course.,stewart.com,Marketing,1681,no,no,mobile,Firefox,2025-03-31T11:07:31,357,"81.0157215,-31.339323",Japanese
ff949d5b-3fc1-48dc-b625-103a884026ac,Sea military both region most where business.,allen.com,Finance,6665,no,yes,mobile,Firefox,2025-03-22T23:35:49,302,"-66.4350115,-94.575394",Spanish
4de20545-e0a4-413e-b53a-83521021943e,Only accept though.,burns.biz,HR,4098,yes,yes,desktop,Edge,2025-02-20T11:21:09,532,"-38.9441515,-46.650526",Spanish
da1439f2-1034-48bc-89dc-ef3602dcce16,Executive site wind spend prevent first.,dunn.com,IT,4852,no,no,mobile,Safari,2025-03-10T09:11:56,411,"-83.550900,119.522019",German
6f4f1777-56f1-4784-b532-6ed953515ba7,Full allow argue news business vote.,schmitt-spears.com,IT,4982,no,yes,desktop,Firefox,2025-03-11T12:23:15,40,"59.6058595,-91.030112",French
a339f47a-1bf3-4758-ac1e-3ad3afe72fb3,Require suffer least appear medical yourself.,bush-hogan.com,Marketing,629,no,no,desktop,Edge,2025-03-20T12:33:05,139,"44.5516765,86.675923",Chinese
91fae8f1-a5f4-4b93-a04d-113bebb23836,Necessary throw a style eye exist smile child.,francis.com,Marketing,7556,no,no,desktop,Edge,2025-03-30T05:48:05,98,"7.7550065,-173.362962",English
38d9b9ea-faf8-49ae-8af6-e65189e84354,Expert exist bag indicate movie.,collins.com,Operations,4576,yes,no,desktop,Safari,2025-02-01T18:10:02,269,"45.0493465,7.863742",Spanish
b20b74a5-1987-4c24-a674-affd251b04b5,Material Democrat near note food.,tucker.com,IT,5449,yes,no,desktop,Safari,2025-04-02T20:48:31,600,"-67.5891415,-84.629181",German
73edea93-8215-4381-9089-43f87380885d,Better very word stage yet traditional cultural.,lawrence.com,HR,2334,no,yes,desktop,Safari,2025-01-16T18:29:18,205,"10.018406,-31.767415",English
e27537c6-450d-49d2-81d4-6094fda6a10d,Involve ahead inside begin make than church.,martinez.info,Marketing,7745,yes,no,desktop,Chrome,2025-03-06T19:15:42,181,"63.3337725,-145.589265",Spanish
b5be09f1-59f0-4c33-9df8-0961dbbae4ef,Part live citizen walk ahead hot over.,henderson.info,HR,9538,yes,yes,desktop,Safari,2025-01-15T19:44:42,43,"-60.1713655,101.117390",French
7720f966-b74b-4a6d-8f33-af5c80955d7b,Official town along paper.,garza-romero.com,Finance,8526,yes,no,mobile,Opera,2025-03-26T04:41:20,586,"-6.6765625,113.006007",Chinese
84ad2199-17be-4137-9fc3-1855668055b3,Program account wear.,marquez.net,IT,1713,no,no,desktop,Chrome,2025-02-15T06:10:15,230,"-37.1234805,165.954615",Chinese
f5066844-fac9-4a4d-8c0c-56fb742f072a,Factor report large either culture partner.,murray.com,Marketing,8300,yes,yes,mobile,Safari,2025-02-08T11:10:39,52,"-61.370583,83.560601",French
c705b67f-03a3-4f87-8bd4-d577928b2e6c,Ground there own may body save service.,martin-brown.com,HR,7667,yes,yes,mobile,Firefox,2025-02-15T05:33:47,498,"-38.6237175,61.182295",Spanish
aa184f4f-e355-480e-8398-88d234647509,White play operation people word sense.,adams.biz,IT,2570,no,yes,desktop,Safari,2025-02-07T04:05:15,288,"80.4513565,103.121514",Chinese
3cf69dde-8b32-4afc-9399-f70145f5c6e1,Community above fly plant.,ramirez.com,IT,5997,no,no,mobile,Firefox,2025-03-11T17:11:05,565,"-0.1072065,116.041396",Spanish
acb293d0-b751-4fe3-b960-8f1b7444057a,Little happy answer candidate research.,brady-tucker.net,IT,7283,no,yes,desktop,Opera,2025-03-21T23:56:38,553,"27.7692025,-41.136586",German
c447f584-5843-4f96-857d-ffcfe61f6854,Else home act professor many early.,gaines-walls.org,Operations,9211,yes,no,desktop,Opera,2025-02-08T16:39:01,45,"0.0630315,-30.418344",German
8c00039f-8c92-40df-8e95-d543e6616ee2,Nice benefit result know.,tucker-hatfield.com,Operations,8090,no,yes,desktop,Firefox,2025-02-24T20:19:07,412,"-41.266740,-120.897034",Spanish
a3cdea13-78b1-4242-ac81-e2a87e9705d7,Piece resource outside foot fire develop hear.,lopez.com,Sales,829,yes,yes,mobile,Firefox,2025-01-08T19:53:40,206,"83.6795655,136.027311",German
7c758c03-592a-40f6-8903-332f679a8a39,Already heart magazine article compare public behind.,mcintyre-terry.com,Sales,1900,no,no,mobile,Firefox,2025-01-30T18:14:19,104,"20.718764,-94.010623",French
4eaffe8b-bbfa-4742-ae3b-d1a4bf974a90,Interview manage couple.,wood.com,HR,9907,yes,no,mobile,Firefox,2025-02-08T04:41:55,389,"-14.023638,47.032375",Spanish
9e565438-670b-4ada-bcba-3a6ed07447f1,Simple create clear board war.,woodard.com,Operations,799,yes,no,desktop,Chrome,2025-03-07T04:45:37,423,"-44.663134,44.372944",French
2e9c620e-fbde-4292-91b6-4c3d38b62fb8,Them meeting expect edge not whatever institution.,thomas.com,IT,5308,yes,no,mobile,Safari,2025-01-09T05:19:05,242,"-26.8447945,-105.276481",Spanish
9d018a71-2d14-4567-aeac-08c53c7978da,Piece nice soldier million article admit.,davis-potts.net,Finance,9682,yes,no,desktop,Chrome,2025-02-11T11:31:17,569,"49.874475,92.971132",Chinese
af7c3792-39ea-472a-93c0-5ca181010db5,Mother claim if career run.,park.com,Finance,6632,yes,no,desktop,Safari,2025-02-18T10:32:22,130,"-15.4337765,14.022364",Spanish
b5fb38c0-930b-4a05-9c61-3e81d51a0787,Land consider necessary.,ward.info,Operations,1456,yes,yes,desktop,Firefox,2025-01-09T05:43:59,482,"49.373987,128.329468",German
91197108-7870-4f4d-a898-3dc27b0c0dee,Authority degree this long.,rangel-simpson.com,IT,7707,yes,yes,mobile,Safari,2025-02-24T19:05:55,188,"40.8413835,-32.816360",Chinese
26f368fb-6fd0-45c5-8792-fd7fde18c009,Until both and rock behind artist movement.,hicks-miller.com,HR,9902,no,no,mobile,Chrome,2025-01-03T01:10:27,65,"-37.021968,-130.825590",English
40d7ce26-7694-47e2-9e20-fdbd4fabd274,Nothing south part begin woman of.,deleon-yoder.com,Marketing,6227,no,yes,mobile,Opera,2025-03-18T01:08:40,169,"31.300507,-137.534882",Chinese
cd9a2d29-e087-4b20-8838-fb35729e3844,Be speak these.,lawson-perez.com,Operations,1380,yes,no,desktop,Opera,2025-02-26T09:45:47,446,"-86.958180,-114.791020",Spanish
b74f202d-3727-480e-b222-7d28d4b6ad9d,Group center interest their pass group.,thompson.biz,Finance,2271,yes,no,mobile,Edge,2025-02-06T13:14:58,365,"-9.553311,-153.712331",Japanese
158f31aa-3c12-4da6-8ca2-e4535ee9753b,Figure model wall free defense because.,rodriguez.net,Finance,5058,no,yes,mobile,Safari,2025-03-05T22:48:21,188,"-84.9462465,-164.655592",English
f21fcce5-c381-4ff3-93e0-020efb2c4627,Spend thousand recently sign sing easy TV.,williams.com,Operations,5783,no,yes,desktop,Firefox,2025-03-17T05:19:46,517,"-31.764888,-111.560799",Chinese
51495c37-8655-42c2-82f0-b5301d644dd1,Factor moment inside teacher month quickly social customer.,tapia.org,IT,6517,no,no,desktop,Firefox,2025-02-04T15:38:34,390,"88.546576,-73.651957",French
d80b5b2f-3311-4c43-86ef-9e12e269d0e0,Manager direction inside about drive forget cultural car.,harper-anderson.com,Marketing,1961,yes,yes,mobile,Opera,2025-01-11T16:49:46,185,"47.769135,42.062639",Japanese
451b9804-5f26-43fb-b587-cf7d99523443,Red dog finally phone fact mother president.,elliott.org,IT,5490,no,yes,desktop,Edge,2025-01-07T13:38:02,387,"44.8681425,55.313719",English
d203fce5-3a04-4add-a893-24d9589fc9c6,Prevent matter individual road war heart.,lowe-hernandez.biz,Operations,9774,no,no,desktop,Firefox,2025-01-08T17:39:47,240,"-84.5894665,58.346944",Spanish
21de5914-acb1-4cef-bf63-8777334b2266,Economic kitchen eight contain.,williams-barker.com,Sales,4897,no,yes,desktop,Firefox,2025-01-27T21:27:55,406,"73.679230,-90.141973",Chinese
01253d25-7f6e-41ff-8a30-f27e9074a569,Stop walk wrong eye everyone.,wilson.com,Operations,1805,no,yes,mobile,Opera,2025-01-23T20:48:38,404,"79.5862555,105.206205",German
c3e17ad1-5687-4c72-9f2f-2dc05ad48252,Actually sea heavy beyond throughout again night.,murphy-clements.com,Sales,3769,yes,no,desktop,Safari,2025-01-26T05:22:30,267,"87.079665,-102.510422",German
d50a8742-f511-4c45-8b45-b549ff559119,Piece about third decide decade.,perez-osborne.com,IT,1589,no,yes,desktop,Opera,2025-01-23T23:52:40,191,"16.078074,17.611837",French
e9f63f93-36d3-4688-9ce5-4004350c1b82,Member moment impact should.,briggs.com,HR,1040,no,no,mobile,Safari,2025-03-27T08:32:01,355,"-11.914448,-96.539029",Chinese
aed498d8-c498-496d-93e5-12bc2c1fb8b9,Exactly enter who point indicate.,moore-rogers.info,Sales,3960,yes,yes,mobile,Edge,2025-01-05T06:05:03,260,"86.5118145,-73.980393",English
f8417fb0-3c8e-437c-85c2-c9a10caf51bf,Thank despite evidence material care.,elliott-marshall.com,HR,5709,no,no,mobile,Firefox,2025-01-07T01:16:15,503,"-34.977477,-152.834855",German
edc8df35-b95e-4324-90de-0d5057b2d11b,Billion rather hold grow.,collier.net,Sales,7055,yes,no,mobile,Firefox,2025-03-14T21:43:40,93,"4.1275835,109.130232",Chinese
b44e4851-926a-4ebe-93b5-7a1b2dd564f7,Would find compare over.,gibbs-hall.com,Marketing,9147,yes,no,desktop,Safari,2025-03-20T06:20:08,401,"7.6881685,135.262603",Spanish
2e8ffce7-a648-40d4-ae83-a4d532b37132,Ask every TV baby no.,jones.com,Operations,9970,yes,no,mobile,Firefox,2025-01-05T16:33:40,507,"41.455743,94.194625",English
ee0ce18b-2a6c-4b27-a16f-99798607e11b,First under structure reach understand anything my.,robertson.com,HR,1022,yes,no,mobile,Chrome,2025-03-21T07:40:45,598,"-56.781319,118.323884",English
7b181514-c7d0-4924-8ba9-8cb29f8aadbf,No record candidate thank experience.,gamble.net,Operations,6057,yes,yes,desktop,Chrome,2025-01-26T21:17:29,118,"53.1430955,-1.453684",English
2b72ef85-cf69-4088-8cb8-211757171ea4,Especially simple point expert building according.,armstrong.com,HR,5700,no,yes,mobile,Firefox,2025-02-22T07:06:32,64,"28.511551,-53.720931",English
c8abe2d2-45e7-4a62-b231-500ee3d17521,Alone style interview write fight.,shaw.net,Finance,7506,no,yes,mobile,Safari,2025-02-10T00:04:01,226,"54.6952905,162.792445",English
09e0c3b3-f8ef-4d15-b793-ba7c133c34dd,Affect really under writer.,bernard-willis.info,Finance,1619,no,yes,desktop,Opera,2025-01-12T07:57:38,404,"69.2740635,153.382073",French
1b9a13c1-3689-42ec-8ad3-6e953ea59a7d,Go beautiful forget.,wright-thomas.com,Operations,9272,no,no,mobile,Firefox,2025-01-11T20:15:11,15,"65.8230545,-25.343749",Chinese
ad66972b-8801-4ad2-ad24-1035071c0402,Position foot word may drop world entire rather.,roberts.net,Operations,676,no,no,desktop,Safari,2025-03-21T20:20:21,438,"-22.178393,-22.313789",English
eefd12a7-5b61-4879-ad0c-534a289fddc4,Turn factor stuff fight must account.,ryan.com,HR,1619,yes,yes,mobile,Safari,2025-03-11T07:50:30,333,"-23.6016615,19.182999",French
99e7f6f3-edf0-4588-a958-b85899d67208,Star any recognize expert.,lee.com,Sales,8991,yes,yes,desktop,Safari,2025-03-03T09:23:50,313,"-50.7847325,168.921742",Chinese
aaca09e6-3748-42f3-b7dd-fc20734ac5c9,Interesting almost central sea more many whatever.,perkins.com,Operations,3097,yes,no,desktop,Firefox,2025-03-13T00:11:59,35,"14.943875,-134.763591",Japanese
b97ff14e-7443-4fda-b706-cd32824f25c3,Cup factor really picture school bar.,hines.com,Sales,5911,yes,yes,desktop,Chrome,2025-02-05T00:17:13,477,"-39.8896505,-19.790021",German
919b6691-0f04-4ece-a508-21ae80edfe18,About beat help network reveal opportunity.,martinez-sanchez.net,HR,5543,yes,yes,mobile,Chrome,2025-03-16T21:06:21,115,"70.081371,9.532985",German
063b56f5-e820-4f19-aedf-45a4f58796bd,Security culture anyone keep.,newman-martinez.com,Operations,8509,yes,no,mobile,Chrome,2025-02-11T06:33:36,186,"-84.578046,133.866487",Chinese
1980f1a8-e214-4814-ac34-5f79f416637b,Town range type.,watkins.com,HR,8204,no,yes,desktop,Opera,2025-01-15T01:31:56,329,"-37.566566,41.535730",Chinese
34164022-0157-4c1e-a86b-6e6a1abf4207,Over officer heavy subject.,ortiz.com,Marketing,3553,yes,no,mobile,Firefox,2025-02-26T15:47:07,369,"82.357895,154.980624",Spanish
c0852a74-d8ea-4744-b8c6-5ac96f0fd862,Lead newspaper fact together because program institution.,nelson-thompson.net,Marketing,8114,yes,yes,desktop,Safari,2025-01-29T15:26:20,324,"-72.0378105,-136.607651",Spanish
53383c21-7271-48a7-8fc3-238375052b27,Week rest special.,bennett-griffith.com,Sales,4813,yes,yes,mobile,Edge,2025-02-16T14:45:51,421,"-56.960234,156.762561",Japanese
f7f80d69-9a56-49c3-a6f0-ee35f2f86fe1,Better rock letter another early past try could.,ramos.biz,Marketing,5653,yes,yes,desktop,Opera,2025-02-14T12:45:35,333,"70.527638,123.469876",Japanese
f8b30217-c192-4c1f-8525-96604e342bed,Back book far officer build hit have.,thompson.com,HR,4771,no,yes,desktop,Opera,2025-02-05T21:58:21,554,"13.3729685,-7.133727",Spanish
2734a499-79e4-4fa5-a026-8cb87852a3f1,Bed right conference perform board rock catch.,rosales-lewis.com,Finance,9387,no,yes,desktop,Edge,2025-02-27T00:40:37,93,"-49.519924,-115.467690",French
f04a886f-1434-4495-968b-15dc894f4211,Public life home anyone finally.,rose-richards.com,Sales,3614,yes,yes,desktop,Opera,2025-01-11T09:37:10,17,"-31.0699455,-99.955826",Spanish
e6429932-f927-4afd-a8c9-e84c710a1b12,Them practice deal.,spence-armstrong.biz,HR,3834,yes,yes,desktop,Opera,2025-03-17T18:06:16,329,"38.452477,-104.420130",English
5836904b-b58f-4475-b170-1cc2868ae3c9,Usually operation room scene can.,garcia.info,Finance,7669,no,yes,mobile,Firefox,2025-02-26T11:00:12,521,"-58.300431,-66.088790",German
1ae3bc6d-f26b-4ef9-8fb1-42b72ac22fa5,Why daughter financial defense suffer research finish.,smith.com,IT,1887,no,yes,mobile,Opera,2025-01-02T15:09:56,347,"-52.7897065,24.976999",English
f1a17cb6-8479-4c4e-9f39-7f52a230851f,Will woman peace each.,green-weiss.com,HR,9293,yes,no,desktop,Chrome,2025-02-25T19:09:39,26,"-37.655337,41.206400",Japanese
fba01cad-7072-4dc3-84e8-cfcfd141b97e,Area computer population.,johnson-taylor.com,Finance,2161,no,no,desktop,Safari,2025-01-09T09:21:33,335,"-70.1069565,33.666187",Chinese
1dc10d56-3123-4b8f-a956-e843846b0998,Agree across want those save.,hernandez-lambert.com,Finance,7728,no,no,desktop,Edge,2025-01-05T04:50:20,127,"56.6752855,-99.317684",English
8325fd6f-82e8-427f-8fc9-8006f16ca331,Think fall Democrat first soldier compare hit.,carpenter.net,IT,1123,no,no,desktop,Safari,2025-02-25T15:48:26,595,"49.7490635,-74.394148",Chinese
a1b55617-3d71-41d9-8aed-b2970d30ac21,Which day involve consider good.,poole-sellers.com,Marketing,5572,yes,yes,desktop,Firefox,2025-03-11T08:00:53,156,"-26.557860,99.585698",Japanese
d15e71ed-951f-47b6-a6fe-bc3e54cd744d,Bank indicate author get under try body.,oconnor.net,HR,5978,yes,yes,mobile,Opera,2025-01-03T11:21:12,292,"-47.4777255,-55.274059",German
a0d1f6ff-266f-4936-b026-5557204e6339,But air new exist difference consumer.,garcia.com,IT,1906,yes,yes,mobile,Safari,2025-02-06T13:44:44,484,"64.454930,10.692070",Japanese
09bf7730-1381-4f22-a357-14220f9419c0,Campaign organization member note woman receive buy.,long-ortiz.com,Marketing,1180,yes,no,desktop,Firefox,2025-02-05T20:14:04,461,"-34.856582,-39.411591",English
ad77beb9-e5df-4f4e-b7bc-5a50b7a66ea0,Land bag notice treat floor event career.,chen.org,Marketing,1941,yes,yes,mobile,Edge,2025-03-31T11:39:20,359,"71.234927,119.182640",French
c613168c-367a-41f3-ad13-e0243ed83f16,Tell across school street because.,warner.com,Finance,6961,yes,yes,mobile,Edge,2025-02-14T04:01:04,87,"72.1040015,174.024011",French
881a55b6-0aa6-4bdb-9f26-8e91156cf2b2,For above professor form record.,taylor.org,HR,957,yes,no,mobile,Firefox,2025-02-22T18:42:36,57,"-60.188003,25.036241",Chinese
f3150a52-50bd-4ed4-b0fc-080bfdded527,Throw common next much.,johnson.info,Marketing,9978,yes,no,desktop,Safari,2025-02-21T01:34:28,344,"-80.440056,31.560117",French
f603a3dc-50bf-478c-8ae8-b325a2e6d8e1,Physical popular security fast window.,higgins.org,Operations,8126,yes,yes,mobile,Safari,2025-02-14T00:47:52,328,"-82.7785985,-52.211444",English
be3064eb-c846-428a-b0d9-206dabef6528,Yourself general others history.,dudley.com,Sales,3502,yes,no,mobile,Safari,2025-01-09T11:35:28,561,"66.799062,159.503029",English
8fe9e69c-4d9a-4097-aad1-0452e91d2875,Change move also prevent talk cost.,love.info,Marketing,1908,yes,yes,desktop,Chrome,2025-01-02T01:20:24,253,"-69.0256115,89.211191",Japanese
ad0dfd43-4f30-4c40-a68e-203f066603e2,Give idea their center as speech wrong practice.,robinson.com,Operations,8537,no,no,desktop,Chrome,2025-03-03T13:01:31,158,"11.643011,84.826092",Japanese
4edcf7fa-8cb5-4b2c-8aef-1bb08353405f,Speak control staff majority part their become radio.,costa.org,IT,9141,no,no,desktop,Firefox,2025-02-24T10:10:44,333,"4.598214,-113.893024",Spanish
92eb8a05-6a56-43fa-96cb-50603722fe7d,Analysis morning which draw group per image.,stewart.com,HR,4476,yes,yes,desktop,Edge,2025-03-28T17:36:22,378,"38.529746,-97.775566",Chinese
41d66f8b-9c4b-476d-8b69-e628f5bd26c8,Safe check TV painting set sing condition.,harrison.biz,Sales,9953,yes,yes,desktop,Chrome,2025-03-16T12:59:23,354,"39.802555,-124.394557",English
b5bc5199-efbb-4398-8402-1b77d8fe1753,Without very say forward.,larson-king.com,Finance,3501,no,yes,desktop,Firefox,2025-01-20T10:07:07,16,"89.6618135,-38.641424",Chinese
73ae27f4-0675-452f-8184-1769e6c73170,Base case near season want image.,evans-scott.com,Finance,9553,yes,yes,desktop,Safari,2025-01-05T07:44:44,260,"-86.143987,178.485730",Japanese
4efae3fd-4cd2-435c-8fc6-eec1bfda6760,Quickly million pay high increase part recent subject.,clark.com,Sales,5603,yes,no,desktop,Firefox,2025-02-26T11:40:30,315,"23.248287,-39.400814",English
ca1dd7eb-f6cb-46a6-94ef-7555c2762a35,Movement raise available beautiful total open present.,yang.com,HR,2265,yes,yes,mobile,Opera,2025-01-03T12:47:09,235,"10.3353215,103.196522",Chinese
85ac489d-4fd5-451d-9adb-f520a6a822ac,Certainly nice phone benefit simply third.,cohen-cooper.com,IT,2089,yes,no,mobile,Firefox,2025-03-21T13:52:40,246,"5.2760785,96.098299",English
dc1200bb-655a-4d83-8faa-f1ad5649af52,Check step talk turn agreement rise.,wiggins.com,IT,2755,no,yes,desktop,Edge,2025-01-28T08:17:26,165,"-9.555745,93.564528",Japanese
096df137-1cd4-41d0-a783-c7d1c3c774eb,Shoulder situation part simply.,brown-williamson.com,IT,8353,no,no,desktop,Safari,2025-04-03T17:22:38,220,"26.1650305,99.101781",English
2229ef4a-f49c-481e-85c0-4495cb5d1c16,Nor TV wonder board real perhaps.,reese.info,Sales,1154,yes,yes,mobile,Chrome,2025-01-11T20:24:36,436,"86.7063795,142.202437",Chinese
63550bee-f11a-4524-b01b-7dd08c661f94,Several scientist fish everybody to question.,smith.net,Marketing,1998,no,yes,mobile,Safari,2025-01-05T06:32:38,542,"-58.498634,136.815478",Spanish
2457959a-3353-4be2-a2db-c6bb8be2957e,Business affect Congress attorney table professor consider theory.,morrow.com,Operations,6885,no,no,mobile,Opera,2025-03-23T01:21:06,356,"19.6348555,65.591786",Japanese
0da2e532-2459-471c-924b-d5d29a323264,Entire outside opportunity computer discover question.,padilla.info,Sales,5684,yes,yes,desktop,Firefox,2025-02-06T13:16:54,429,"52.358959,-35.514545",German
3b19420b-5957-49de-9d7e-e9a19d281ff9,Either perform here husband animal.,kramer-bell.org,Finance,5289,yes,no,mobile,Chrome,2025-01-07T16:19:37,566,"-83.7495385,-5.082575",English
4592b2a7-ab00-4b23-9015-cdb10b7f0a55,Place want that sport.,rivera-rosario.com,IT,2434,yes,yes,desktop,Opera,2025-04-01T13:46:50,178,"27.6576765,15.347318",Japanese
bca31b66-9703-4ea3-99e0-d8ea040e1388,Western say second war animal control glass.,lucas-lopez.biz,Finance,6248,no,no,desktop,Firefox,2025-04-02T02:59:16,176,"48.4280515,-6.466444",Spanish
50f6f3b2-95c8-4b48-a891-22a7ef37fd2f,State experience war ground long.,chavez-young.com,Sales,8413,no,no,desktop,Opera,2025-04-01T09:14:34,290,"18.3330515,-22.549661",German
95e456f4-dc51-4dfd-8ac2-3f8451744599,Outside quite sell during off else carry.,becker.org,Marketing,5590,no,yes,desktop,Opera,2025-02-05T09:54:13,58,"0.018020,113.878374",German
21a852e4-1472-4fe9-8a78-fd510c4523b6,Just behind manager five former particularly myself listen.,parker.com,Finance,1469,yes,yes,desktop,Edge,2025-02-18T21:18:24,313,"-33.028844,131.917834",Japanese
d5a36fad-0b56-4fc7-9807-d9252cf5e5f9,Media as chair land law stuff.,johnson-walker.com,IT,6313,no,no,desktop,Opera,2025-03-14T15:23:50,517,"-50.8773155,-75.550459",Spanish
806cab30-6cf7-440c-a586-a4151e855652,Argue style structure indicate office trip seven.,edwards.com,Finance,3875,no,yes,desktop,Edge,2025-01-01T02:36:32,456,"8.250440,169.562157",Chinese
a85c55d2-f3df-44bb-aa41-405dbffd826e,Example admit then world.,valdez-johnson.net,Sales,7942,yes,yes,mobile,Safari,2025-02-17T10:29:51,147,"10.115681,-164.920798",Chinese
45e02372-e574-4790-8a48-6ad57f238600,If region glass positive government son nice.,page.com,Operations,6983,no,yes,mobile,Safari,2025-03-04T11:00:00,13,"-89.1355315,-43.212078",Spanish
9ea50867-799b-4a8a-ad3e-946261386e84,Win course dinner perform else trip body.,walker.com,HR,3174,no,no,desktop,Opera,2025-02-05T11:47:36,23,"-12.060982,59.840527",Japanese
42507bd0-3a8a-44a2-9b16-78d28642c51a,Put morning authority agree.,moyer.org,IT,2639,yes,no,desktop,Edge,2025-01-16T05:30:02,488,"55.141147,-168.242413",Chinese
42734e98-dad0-47fa-a380-c43ec706d056,Recognize win air truth thing.,crane.net,Marketing,643,yes,yes,desktop,Safari,2025-01-06T06:25:10,469,"47.387925,24.349575",Japanese
056b6078-296d-4caa-b32a-813c79ccb1cf,Leg health provide simple itself.,burch-ryan.com,Marketing,4089,no,no,mobile,Safari,2025-03-10T12:22:15,30,"-36.4488425,-61.793116",Chinese
d0261e17-4e27-4587-9984-aa6165c1e55e,Continue fact trade away themselves.,rogers-price.com,Finance,908,yes,yes,mobile,Edge,2025-02-22T15:04:04,68,"-80.541071,148.122798",German
214247e1-d002-471f-ade9-5d27e6622c95,Provide rather focus suffer learn.,garcia.com,Operations,4601,yes,yes,mobile,Firefox,2025-01-11T06:43:16,297,"17.9871995,-50.338731",English
30d571be-4eb1-4677-90c5-5677940c7b57,Seat energy finally teach late.,cox.com,Sales,7971,yes,yes,mobile,Opera,2025-03-10T11:28:42,165,"-9.8322745,136.845262",Japanese
0e28ca60-b264-4abe-8324-9482697ec94f,Discover culture return during somebody card audience.,hinton.com,Marketing,7617,no,yes,mobile,Opera,2025-03-17T02:11:14,556,"37.8803415,78.979333",Japanese
265872f6-d5c5-4433-948f-e02b27d56738,Finally technology college lay always effect hand.,ibarra-smith.com,Sales,1013,yes,yes,desktop,Edge,2025-03-26T10:53:10,276,"69.4297635,-43.208504",Chinese
f98dbc85-c178-4fea-b270-c9fcffaffb61,However offer age certain drug effort front.,nash.com,IT,3919,no,yes,mobile,Firefox,2025-01-05T15:03:32,414,"30.7772015,-62.759001",Spanish
8715cf23-e206-45ed-ae37-42ec3d2ade5a,Ten price section interesting page.,boyd.com,IT,3379,no,no,mobile,Firefox,2025-01-17T11:19:29,564,"-36.663877,-97.542914",Spanish
dd780edd-8245-4afa-bcb2-f9b9582427a4,Inside kind student reason drop drug.,kelley.com,Operations,9998,yes,yes,mobile,Safari,2025-01-19T09:49:02,157,"48.9975495,37.848025",French
a73ccd1e-d038-4bd7-8944-4faeecddc779,Road writer authority a surface.,torres-huang.org,IT,6152,yes,yes,desktop,Safari,2025-01-24T07:03:44,46,"87.614057,157.114757",German
34d8be51-a2e9-486c-a868-d990bb4c686f,Suggest teach should clearly dinner sometimes.,bautista-weber.com,HR,9340,no,yes,desktop,Chrome,2025-04-01T20:36:36,10,"77.2954035,-87.749097",Japanese
8e6bec1e-1bf1-43b4-9609-407675bee32d,Ahead election plan local.,lewis.biz,IT,3577,yes,no,desktop,Chrome,2025-03-29T00:18:04,175,"68.5352855,-154.462174",English
e9e2b6fd-e1ae-4a32-adc3-1ce62c841cb9,Herself big my audience allow science safe.,bautista.com,HR,7510,no,no,desktop,Edge,2025-01-08T11:04:52,98,"-73.869949,-138.204184",English
e8320a73-dbca-4e1b-a6bf-66f13acf295c,Live country write someone trip.,myers.com,Finance,1550,no,no,mobile,Edge,2025-02-12T15:26:39,119,"65.594762,118.203921",Spanish
b9f60578-3c7f-4569-a8f3-508660d58127,Fill system face.,barry.com,Operations,3835,yes,no,desktop,Opera,2025-02-18T22:39:17,81,"21.726527,-135.151599",Chinese
77bebf2f-eadb-4507-8e91-d2a8f64347a3,North born three international way early some.,moore.biz,IT,6303,no,no,mobile,Safari,2025-03-03T13:12:21,599,"8.9827035,169.363462",French
e49dc18f-c8ca-4b74-8153-608d645afb93,Value rather more collection wife.,spencer.net,Sales,912,yes,yes,desktop,Opera,2025-01-19T18:31:56,126,"39.8576105,-128.173296",Spanish
1ee4c608-79e3-439d-a4fd-297403db862c,Two two view.,weeks-zavala.com,Finance,1701,yes,no,desktop,Chrome,2025-01-01T18:52:39,79,"-15.8749425,-178.861613",English
8b2c0f85-a303-4add-b99c-dc33eea6bca4,Piece election form ground itself result.,nguyen-khan.com,Sales,5602,no,no,mobile,Opera,2025-02-12T14:19:52,114,"-70.1980045,145.068459",Japanese
3bb5959e-e666-4384-afd2-98cde28859f7,Always quickly road.,gutierrez.com,Finance,3644,yes,yes,mobile,Chrome,2025-03-04T17:36:56,289,"-67.4611945,71.274078",Spanish
70fcc517-d16a-4b1c-afe0-6548f4facf44,Medical experience level understand director.,collins.com,IT,5249,no,yes,desktop,Edge,2025-02-15T19:57:02,347,"-62.237138,161.392152",French
061f6fc3-898a-40c1-9556-290de107764b,Knowledge me only.,sutton-collins.com,Operations,4960,yes,no,mobile,Safari,2025-03-16T13:49:05,485,"-0.5913115,-110.968606",Spanish
8350e735-4e6f-4f2f-88f2-f41d04a97687,Floor high phone food.,mcbride.com,HR,985,yes,no,desktop,Safari,2025-03-16T04:12:18,144,"78.3387945,-124.723339",German
89d1a524-4e62-43c9-89c7-62f0374e8443,Open both low.,smith.com,Finance,2213,no,no,desktop,Edge,2025-02-13T20:48:42,92,"-69.883091,-159.085750",Spanish
82cca859-d45d-48c6-b7fe-4a21e0c0fc28,Eight staff institution bed early.,mccann-torres.com,Operations,2736,yes,no,desktop,Safari,2025-01-03T23:20:14,236,"47.872850,144.279131",Spanish
020d2510-1cb1-44ad-9f52-65b5fd05e309,Loss once cost well suffer.,ryan.biz,IT,7982,no,yes,mobile,Chrome,2025-01-19T20:36:04,279,"-64.2790105,63.778217",Japanese
5576257f-c94c-4db3-b802-a2a3460f9d33,Perhaps television form authority trade.,davila-williams.com,Operations,3324,no,yes,desktop,Chrome,2025-01-29T01:34:49,15,"84.793370,131.709534",Japanese
5b233a62-2e92-41b6-bf5a-3921e0d1d485,Well shake able sea wait happen minute single.,sanchez-henderson.net,Marketing,9024,yes,no,mobile,Safari,2025-01-30T03:09:16,262,"75.734132,-164.718920",Japanese
430989a0-3c46-4adc-b4a2-f829ef683368,Audience order pretty form wide including letter.,andrews.com,Sales,6403,no,no,mobile,Safari,2025-02-05T02:23:33,349,"-29.657929,168.474213",Spanish
f4982791-ac6b-4b42-87b1-ae7524b7835e,Official pattern family would.,butler.net,Marketing,5771,no,yes,desktop,Chrome,2025-01-06T21:16:51,521,"29.6028115,-45.584918",Japanese
654e9ed0-78cf-4de9-8514-276632c01d60,Water course tree small according thank.,alexander.biz,Sales,4970,yes,yes,mobile,Opera,2025-03-13T16:10:57,465,"45.1550375,101.195657",Chinese
96426fa7-9152-40c6-90e2-430693883537,Purpose until administration section high offer pull.,simmons-harrell.com,Marketing,2669,yes,no,mobile,Firefox,2025-03-19T09:33:04,94,"38.2547455,-135.117026",French
d25d70ea-c763-43be-ae78-5290e62a24c9,Bag citizen how page born.,mendez.com,IT,4426,no,no,mobile,Edge,2025-03-11T12:01:27,415,"12.361236,-74.724710",Japanese
70caac50-3007-4123-bdbc-95c8089509b7,Skin wonder medical receive baby contain.,jordan-williams.com,Operations,5187,no,yes,desktop,Safari,2025-01-05T04:45:58,92,"14.490162,-88.410502",German
94a8d65b-8735-4f03-aa53-022abf7120a4,Majority computer every.,foster.com,IT,1589,no,yes,desktop,Edge,2025-02-28T03:49:44,594,"-36.3593565,4.972643",German
8654b1ad-a9fe-4717-8a7b-782e3bd5a2c4,Ground program natural out company administration.,ballard.com,Marketing,8393,yes,yes,desktop,Safari,2025-02-08T23:14:13,87,"67.6057215,62.038264",German
9b034f7c-546f-4e05-87ca-696d2968f5a2,Deep here quite be dog.,hall.com,HR,622,no,yes,mobile,Chrome,2025-03-02T11:01:28,440,"-75.151382,-46.253845",German
7f46ce77-a8e9-47c6-b2ed-7db6e3a012b2,Develop forget source through push.,young.com,Sales,3590,no,yes,desktop,Firefox,2025-04-03T19:41:18,43,"-11.408502,156.791636",German
e40d704b-9d2f-40b6-af98-2da2f552344d,Anything war kid maybe perhaps number size.,leonard.com,Sales,6477,yes,no,mobile,Chrome,2025-02-23T02:29:36,276,"56.912205,14.282166",Spanish
5e341db1-43b8-4f0c-ba1b-356bb1f183b6,When bed kind experience station.,zavala.info,Finance,6507,no,no,desktop,Firefox,2025-01-31T04:50:25,188,"-23.812429,85.198123",French
3e61a9eb-d98e-4418-ba2c-253cbd53adb0,Weight kitchen prove mouth popular.,ward-gibbs.com,HR,2810,yes,no,mobile,Firefox,2025-03-09T23:32:59,440,"-6.063981,-62.562027",Spanish
4b9c9f0a-b3f4-4726-a900-566dd836d81b,Will themselves alone mother.,alexander.org,Marketing,5829,yes,no,mobile,Chrome,2025-02-01T02:54:55,53,"-82.0794115,59.408330",English
d2e7b23f-7812-4d9c-b513-53a630e14b07,Agree business lose report beyond building front recently.,lewis.biz,Sales,6962,no,yes,mobile,Chrome,2025-03-10T18:18:27,170,"-45.692717,48.741540",German
0fea0780-d200-44bf-8653-03ba722589c5,Adult explain south impact.,anderson-brown.com,Finance,5927,yes,no,desktop,Edge,2025-01-06T22:54:07,532,"70.329831,142.524277",French
31ce451a-b7a2-4755-82e3-99d74be5bae8,From camera new possible push quite.,martin.com,IT,1614,no,yes,mobile,Safari,2025-01-03T05:18:33,173,"38.989492,50.815422",French
652e6530-2db0-43ab-aa81-798eb96500eb,Sure Democrat middle once arm.,richardson-richmond.info,HR,7911,no,no,mobile,Firefox,2025-02-09T01:57:50,551,"74.977056,-40.169237",Spanish
29da4061-0473-4c39-90f6-23dbda5a377b,Guy maybe really music agent individual chance.,hansen.com,HR,6025,yes,no,desktop,Chrome,2025-03-09T21:12:30,420,"28.015290,-18.980217",French
111e7d3c-520c-4645-9e6c-c7f72c89842b,Particular tree through tonight.,butler.com,HR,4339,yes,no,mobile,Firefox,2025-01-03T04:09:40,88,"36.232676,-126.055256",Spanish
f4869b00-68c8-47d0-90ee-52afe0a4cd2f,Type particularly purpose onto respond.,peterson.com,Finance,8743,yes,no,desktop,Safari,2025-03-12T11:10:18,412,"-14.5881765,-81.002952",Japanese
570a2374-0f9a-4214-83d3-84514a48b503,Nature happen food see magazine rock event.,fernandez-armstrong.com,Finance,5212,no,no,desktop,Firefox,2025-01-21T08:39:36,158,"-85.776924,164.508917",Spanish
306739e4-b64f-4bee-bb97-c42a8d84cb9f,When financial nothing provide nothing generation.,wells.com,IT,8451,no,yes,mobile,Safari,2025-03-26T23:49:17,411,"64.769953,-57.300476",Chinese
09307609-3588-4c61-9efb-df5005111f27,Religious road indeed board.,little.com,Marketing,8696,yes,no,mobile,Opera,2025-01-16T03:36:31,448,"66.9620875,103.117025",German
5d9c63fc-1442-4096-a4e5-58b62be3cd00,Enough particularly civil effort past crime.,preston-fisher.com,Finance,3495,no,no,mobile,Firefox,2025-03-05T10:35:24,370,"-37.778129,144.064537",French
b780cdbf-de5e-458b-9355-6aae38de7f50,Believe minute forward think even.,parker.com,Marketing,7975,no,yes,mobile,Edge,2025-02-24T20:13:46,150,"-24.2188035,-87.502270",Chinese
dce0c026-a88e-482c-9ad0-3a7d558278d1,Walk any agreement stop positive imagine.,knight-randolph.org,IT,7813,yes,yes,mobile,Firefox,2025-01-20T18:19:42,393,"50.6610755,-138.372142",Chinese
4771f489-9588-4a05-beaa-5d29e0928395,Smile seem these player plan institution.,rios.info,Sales,6323,yes,no,mobile,Chrome,2025-03-15T04:03:15,264,"-41.1520465,103.597871",German
cb5efbdc-4170-4b36-9416-85764bd7f913,Major night billion this.,griffin.com,Marketing,8899,yes,no,desktop,Opera,2025-02-08T07:15:36,356,"78.284639,-82.952210",German
70e9ed9c-9f03-44a9-b9f9-09ccf22d7a9c,Couple whole fire case mention especially law.,marsh-mccann.com,IT,6492,yes,no,mobile,Chrome,2025-02-22T19:01:47,272,"39.706601,-70.293035",Spanish
28e53f0b-493b-4e3e-b948-797852080bf1,Scene candidate seek already spend outside.,harper-orr.biz,HR,5969,yes,yes,desktop,Firefox,2025-01-18T14:25:53,514,"14.9842335,161.502508",German
43d1cccd-ee0d-4074-9523-15b6b79dc956,Building recent style size.,clark.info,IT,9528,yes,yes,mobile,Edge,2025-01-06T08:45:25,212,"-16.9969215,-125.995770",French
b37de4ed-f312-4adb-85ac-7b47968a5fba,Away health experience other put gas pay.,cross-baker.net,Marketing,6984,no,no,desktop,Edge,2025-01-07T21:56:05,316,"72.737250,-152.651804",English
83e1f843-8b6f-46dc-9086-89ba92fc5811,Alone nor law head.,black.com,IT,6047,no,yes,desktop,Opera,2025-01-28T13:02:17,52,"-47.060978,-111.465434",English
6f68e779-a9a6-4ca0-9944-2fdd962d5d76,Into least red live wide different perform.,stanley.info,Marketing,6744,no,no,desktop,Edge,2025-01-24T23:18:09,93,"28.3938685,-95.007862",Chinese
33f65878-4420-4bc3-84f3-36616cd48d69,Page person under financial off born.,michael.com,Finance,9885,yes,yes,mobile,Chrome,2025-02-05T05:39:25,117,"68.345453,34.133101",English
adb72380-5d54-43ae-9c91-e8c9e2f72e11,That note population.,patton-lozano.com,Finance,1836,yes,no,desktop,Safari,2025-03-27T21:44:38,228,"20.920437,43.950617",Chinese
6b9c6440-e1d4-4e92-af92-d04012d36064,Lay official talk serve.,perez.info,Sales,4908,yes,no,mobile,Edge,2025-01-04T17:36:04,334,"-80.249972,34.826152",German
fc2ac167-c9ec-4b64-9073-6ccaaf7245c5,Dream range common join.,becker.biz,HR,964,yes,yes,desktop,Opera,2025-03-12T10:15:03,196,"80.0778685,-21.978898",German
eaa16c6f-acc6-4606-8f21-29eac332fc1d,Example food fact expect.,ward.com,HR,9240,no,no,desktop,Edge,2025-03-14T14:19:51,121,"-40.429448,-90.969272",English
35f6eb5d-bab3-4d71-974c-9f575258515b,Score them serious manage want term cultural scene.,duran-montoya.org,HR,8826,no,no,desktop,Opera,2025-04-01T13:00:48,432,"-43.935406,65.201471",Japanese
91f97fbf-4f49-4f01-a167-8165501c9019,Forward possible million media blood.,herrera-hunter.com,Finance,8941,yes,yes,desktop,Firefox,2025-01-11T02:35:50,21,"-26.695076,130.349099",English
6a92396b-707c-4353-b192-850234cd539d,Pay laugh production.,morris.com,Finance,7063,yes,yes,mobile,Firefox,2025-01-29T17:57:52,378,"23.330946,92.260818",Japanese
00ce781d-ae4c-457c-8a98-3b6a0e6a1fb3,Enjoy member major red world next.,oliver.info,Finance,692,yes,no,mobile,Safari,2025-03-20T07:26:06,372,"32.4357805,156.427535",English
dd994c42-74ff-4b09-a773-2c2d9416ecd4,Change range agree capital factor.,hamilton.info,Marketing,6386,yes,yes,desktop,Edge,2025-03-09T17:16:21,125,"-66.2635005,-97.049164",German
5974da06-885b-4359-8903-640df5dcf5db,Painting professor growth hospital girl organization.,dunlap.com,Marketing,3056,no,yes,desktop,Edge,2025-03-23T12:52:08,201,"29.411922,105.851519",Spanish
b0908a3e-aac2-4abc-bc09-d55f4867fcbf,Mission serve arm fly week stand some.,wheeler.com,Sales,4416,no,yes,desktop,Opera,2025-03-23T12:43:18,281,"-11.752354,-47.633146",Spanish
b6c532b1-c4e7-4b21-988f-3336e5a727cd,Long plan truth senior fast.,jennings.com,Finance,9350,no,yes,mobile,Edge,2025-01-15T22:27:35,212,"81.977001,159.220972",English
63e0e475-86c5-4d1e-83e1-a61571dbaf4b,Close week sister manager perform government around.,faulkner.com,Sales,4684,no,no,desktop,Opera,2025-03-09T04:09:50,510,"-68.884773,-93.065177",Spanish
c08761d4-25eb-43f4-948f-4ab773ce6af8,Him pressure in shoulder.,chavez-jimenez.com,Sales,6955,yes,no,mobile,Firefox,2025-02-23T14:00:46,258,"10.6594975,138.754072",German
7efb7745-a3bb-4952-9447-943f81f0bc48,That security head general growth forward always.,patterson.com,Finance,5892,no,yes,desktop,Firefox,2025-02-16T03:00:25,482,"-48.0018455,158.102479",German
c4250edb-0c92-4b59-acad-1bc3f530d02e,Final section amount at.,donaldson.com,Finance,5912,no,yes,mobile,Chrome,2025-01-05T01:18:27,464,"-44.7992035,-139.335834",Spanish
6a3276b5-b951-4396-8e38-5e09890c9c76,Follow office this traditional still you represent house.,robinson.com,Sales,9435,no,no,desktop,Safari,2025-03-31T18:53:15,269,"23.146305,132.849069",Japanese
8d70058b-e9e8-4e18-b895-dbbff9c5d3b7,Bar dream also green commercial.,anderson.com,Operations,6884,no,yes,mobile,Edge,2025-01-27T09:06:15,566,"-35.8530215,110.558717",German
5f1c9439-98ae-401e-86c6-0cf4a411adfe,Few dream white on shake.,dixon.biz,HR,3091,no,yes,desktop,Firefox,2025-03-26T15:30:53,333,"79.862840,-1.477518",French
b67ba32a-6e6f-45dc-8370-8f34e1c09455,Fine treatment moment break.,howe-martin.org,Sales,9675,no,yes,mobile,Opera,2025-01-12T04:00:27,457,"63.4534165,70.546827",English
b889bf84-c78b-48d6-9700-260b0848d695,Fine administration time question professional than.,hoover-villarreal.com,IT,2688,yes,no,desktop,Firefox,2025-03-30T12:58:58,439,"-56.6831705,114.279621",Japanese
5dc6a428-a5d2-4493-8189-1d11b89d372d,Eye management bank again charge whole.,graves.com,HR,3545,no,no,mobile,Opera,2025-01-02T10:53:29,214,"-79.300104,30.763438",French
1fd438a9-d369-4eab-a650-eb1487544a56,Stuff blue happy age black choose.,fuller.com,Operations,5391,no,yes,mobile,Chrome,2025-01-22T17:24:27,332,"75.4465405,156.410909",French
208a6239-906b-4237-8d02-090290a5fa64,Reason say whole material work reach short.,dillon-hernandez.com,Finance,2143,no,yes,mobile,Firefox,2025-02-07T00:55:56,82,"52.1017175,58.957747",Spanish
5bac7a4a-8b5d-4a51-a7fc-107589f3e133,Campaign trip final plant report.,jennings.biz,Operations,8281,no,no,desktop,Firefox,2025-03-20T16:22:02,276,"26.5945525,-149.847982",Chinese
88c22183-828b-426a-b83d-12787f7e070f,Easy politics husband reduce training offer win fund.,holmes-sutton.com,Finance,3504,no,no,mobile,Firefox,2025-01-17T20:09:13,579,"58.078175,-8.843668",Japanese
48230dce-3e42-42d3-958d-002fe152b35b,Little popular discussion.,perry.com,HR,810,yes,yes,mobile,Firefox,2025-03-23T13:28:25,482,"47.378473,7.610750",German
fe44bde5-3418-4026-8c6b-2a0440ee2254,Wear everybody I short bag ask brother model.,nelson.com,Marketing,6074,yes,no,mobile,Opera,2025-01-08T18:15:43,505,"-20.549749,7.856117",French
e2403cee-f655-4670-8c3e-740db8184355,Poor mouth government best relationship recent every.,ingram.info,Finance,3726,yes,no,mobile,Safari,2025-03-17T09:40:10,311,"35.416759,149.156230",Spanish
328d2b2d-3ff1-46e9-95be-6736062d7872,Give trip young perhaps skin beyond.,king-young.com,IT,8822,yes,yes,desktop,Firefox,2025-02-10T12:49:22,259,"42.962258,91.893134",Spanish
06e95195-d658-41c8-a5d1-9d8dc4a36a4d,Region state pull eight cultural drug.,butler.com,Sales,4276,yes,yes,mobile,Firefox,2025-03-22T22:28:19,277,"-8.508476,-19.998647",French
2aeaf178-17de-48a6-8439-2eb54e76b511,Know paper get series despite become.,walker.com,Marketing,7078,yes,no,mobile,Chrome,2025-01-31T20:12:15,525,"-83.2763515,15.038203",Chinese
c4250529-0e31-4279-a8ab-4797c5304d1d,Coach real than instead.,cox.com,Marketing,9575,no,yes,desktop,Firefox,2025-01-12T17:05:37,262,"-80.964209,133.159017",French
e18894cb-aa17-4204-a3ba-98d8ca97387b,And provide forward nation voice.,black.info,Finance,8240,yes,yes,desktop,Firefox,2025-01-04T22:41:06,264,"-73.5264565,169.211012",Japanese
b590cd17-b3f0-45f0-a31a-9a854c1dfb8f,Election surface likely know.,farmer.com,Marketing,988,yes,no,mobile,Chrome,2025-02-26T23:06:54,164,"-55.5169425,-82.387775",Japanese
e9ba9377-a69b-4cf0-8c01-d0f7fb88a0f9,Game subject color tell race.,mann-jackson.net,IT,9490,no,no,desktop,Chrome,2025-03-22T13:35:57,305,"-47.8753115,31.163877",Japanese
6041dfbe-b7ef-4400-8f35-6f42ac5f9285,Talk though hand possible story policy.,lopez.net,Sales,5411,yes,no,mobile,Edge,2025-01-08T03:03:53,87,"33.121067,-128.922154",Chinese
6460559c-4fd3-492c-baea-521269930c27,Wear physical lead recent.,martinez-yu.com,Sales,5495,yes,yes,mobile,Safari,2025-04-01T20:26:30,293,"79.6305885,-29.224031",German
2aec0c18-0e34-484d-b463-afce01d7fc45,Common receive fast people foot manager call.,marshall.com,Operations,6323,no,yes,desktop,Firefox,2025-02-21T12:38:33,101,"3.818809,87.879985",Spanish
baa8063c-25fc-4c78-bc82-f3a001f606ea,Include add song myself argue I may.,vaughan-berger.com,Sales,9388,yes,no,mobile,Safari,2025-01-09T19:41:11,337,"55.266392,125.734937",German
95420099-2a95-4f50-990e-dc8dd0ddf039,Collection station six discussion.,maxwell.com,IT,4944,yes,yes,mobile,Edge,2025-02-07T12:51:49,447,"81.061655,4.718410",Spanish
668a8167-3c60-4896-8a83-c5bf3e6cbcc8,Statement return season picture color.,hicks.com,IT,750,no,no,desktop,Firefox,2025-01-01T16:34:47,390,"-72.2346645,93.774181",French
61f9730e-8f20-4d10-9058-eff9ba96758c,Involve ask college senior.,singh-nash.com,IT,1048,no,no,mobile,Edge,2025-02-15T01:04:42,301,"-83.5208035,-79.568092",English
a5b26276-1b8d-4d6f-9647-5e54efd63f31,Win approach voice second various.,carter.com,IT,7399,no,yes,mobile,Opera,2025-03-30T01:34:13,53,"34.445502,61.796902",Japanese
5c9fa90b-9866-4ec2-a740-6d112d10bc1c,Around down doctor religious.,medina.biz,Finance,1303,yes,yes,desktop,Edge,2025-03-06T18:17:23,543,"8.419742,-39.375026",Spanish
cec94c37-ea36-4fb4-93a5-e702aded8775,Civil unit design right dinner.,bridges.info,Operations,3759,yes,no,desktop,Safari,2025-02-26T09:34:17,398,"-13.7112415,-46.045569",French
82a5ce9b-a12e-4224-9acc-66bddfdcf1bc,However gas site every special career walk.,parks.com,HR,5429,no,no,mobile,Safari,2025-03-26T21:14:24,402,"-13.0187955,123.442425",German
8eded4c5-da43-4545-91d5-4a2f66fdea84,Worker beautiful public history idea west.,moreno-patel.org,HR,2402,no,yes,mobile,Firefox,2025-02-13T04:07:52,536,"-37.664199,-174.593080",Spanish
aea46346-cc8e-4a4c-92f4-42b0d7a5358a,Second lose race head tough effect anything.,meyer.biz,Marketing,3887,no,yes,mobile,Opera,2025-01-19T22:00:59,281,"-58.4283225,76.829662",English
b3877c02-830a-49bd-bc45-d0317cd738e8,Pattern national source later.,bowers.info,HR,3661,yes,yes,desktop,Edge,2025-04-02T17:41:26,271,"-8.887998,-112.639368",Spanish
23086335-cc7c-4652-af7a-e26e08197e10,Phone clearly walk soon attorney here.,nunez.org,Sales,6660,no,yes,desktop,Firefox,2025-03-21T19:49:54,576,"8.206077,73.070661",Chinese
532acf2e-d93a-4a6e-894a-573bb8fca7f5,Follow drop task wonder born heavy.,calderon.com,IT,8231,no,no,mobile,Firefox,2025-01-23T18:01:14,479,"64.8948405,165.252504",French
3795e21b-422f-485d-8d25-657098eacb9a,Democrat other send art.,sims.com,IT,1907,yes,no,desktop,Safari,2025-01-07T18:16:44,564,"49.436168,-1.721013",German
0bb58857-69a5-47ab-a5c6-70b998fcb6fa,Yet party hot billion ever war.,hammond.biz,Operations,9750,no,yes,mobile,Chrome,2025-01-07T14:53:59,419,"85.5044765,-35.569562",Chinese
b2cba47c-34ae-4584-a43d-74d3623edf7b,Skill arm specific best black.,white.com,IT,3768,yes,yes,mobile,Firefox,2025-03-24T20:18:52,500,"-4.591176,-14.626542",Chinese
e7e92a5f-4647-48d1-90c0-ffe8eede6aac,Focus day professional majority.,higgins.info,HR,4856,no,no,mobile,Chrome,2025-02-24T20:59:37,103,"29.4764385,164.861030",German
68a6ec33-6a80-450d-b8cc-3a61fe1b9f03,Forget political still put of.,bender.com,Operations,1683,no,yes,desktop,Edge,2025-03-13T21:14:09,582,"-89.399418,54.711514",Spanish
abe06f8c-b55b-4aba-bce1-3c1150c72759,Mother program six north.,obrien.info,Marketing,9194,no,no,desktop,Edge,2025-03-03T14:21:27,354,"-74.2913355,-68.220228",German
4239d1ad-ce3f-4d75-b682-e4b7a143fefe,Billion although want particular sort seem feeling together.,jones.info,Marketing,1225,yes,yes,mobile,Firefox,2025-01-15T21:59:54,343,"82.8475905,67.069875",Spanish
a58ec835-d31c-4dac-a732-ec2560ccd3fd,Republican north bit worker director school.,cole.com,Operations,8160,yes,no,mobile,Safari,2025-02-23T03:13:43,307,"-49.3412845,-42.632635",French
66c26c60-4281-4c3a-b84a-0c0969e5e519,Across conference level discussion.,campbell-ortiz.com,IT,4104,no,yes,mobile,Firefox,2025-03-08T01:38:38,70,"66.359280,88.502742",Spanish
410ffee7-5eb5-4482-a87a-49ce91973c4b,Cold prove film person quickly.,walton.com,Marketing,9443,no,yes,mobile,Edge,2025-01-23T18:53:37,423,"15.129617,-24.831667",Spanish
dc3412cf-f14e-41f8-8d76-523c38554220,Meeting stand investment image.,young.biz,Marketing,754,no,no,mobile,Opera,2025-03-18T03:54:43,579,"43.0787295,119.338881",German
dc5452e7-7fbb-4429-bd03-066e2fdf3480,Establish yet action medical city.,kelley.com,Marketing,8639,yes,yes,mobile,Edge,2025-03-10T07:43:19,66,"-75.4683725,-58.555488",Chinese
8440dcc8-824d-4620-bba1-5b25b6a0cbb6,Human yet throw science senior.,andrews-smith.com,IT,4504,yes,no,mobile,Opera,2025-02-14T09:04:40,444,"-61.313594,-6.910191",Chinese
30e52dc2-1a4f-413f-b418-99136ee8d1f6,Very lead different notice.,olsen-vega.com,Operations,2671,yes,no,mobile,Firefox,2025-01-24T11:05:48,464,"2.061335,-178.734535",Spanish
b28394ce-2155-4d90-9cd3-e7d61d04ba36,Move cost ago offer push carry movement.,walker.com,IT,8029,no,no,mobile,Safari,2025-01-03T18:22:45,136,"37.7739845,9.465658",German
015c6b2b-725c-4eb4-8adf-43566ecf948a,Care ground size.,rivera-morris.com,Operations,7417,no,yes,desktop,Chrome,2025-02-08T06:53:34,195,"-50.275968,-32.464440",Japanese
ae3dbd8a-7bb6-460e-bd37-4a7a82201bf7,Night four beyond center and night college.,leon.com,Finance,1024,no,no,desktop,Firefox,2025-01-17T00:24:28,598,"-50.3710155,-70.549393",Japanese
2086bcce-e652-4426-9de0-e1500edf6074,Threat hair now fish.,davis.biz,IT,2339,no,yes,mobile,Firefox,2025-01-29T01:24:35,291,"77.6346015,-122.342433",Chinese
63cf91dc-5bc9-443b-8b1b-b6b15f06599d,Research whose down total.,gentry-mcgee.net,HR,8676,no,no,mobile,Edge,2025-02-12T04:23:28,370,"7.6769145,-63.539081",German
388b1508-132a-4cb8-b51a-1e574195cd8f,Exist wide entire difference book you.,cameron.com,Sales,8419,no,no,desktop,Firefox,2025-01-03T22:14:47,85,"-5.3852235,129.640937",French
ed0963e0-f9bf-4201-8a62-1282708cbe58,Response none woman option.,fischer.com,IT,4718,yes,yes,mobile,Firefox,2025-02-16T23:44:56,201,"-2.825008,82.817675",Japanese
898efe11-7b0a-4776-b6e5-d53bd548c68c,Learn herself pull plant effect coach war piece.,morris.com,Marketing,5380,no,yes,mobile,Opera,2025-03-30T16:22:50,506,"57.122823,93.375083",Japanese
d4fcada2-9fa2-4bab-8ca8-8d52dc28b1cb,Research state carry they material case draw paper.,garcia.com,IT,8093,yes,yes,desktop,Firefox,2025-03-03T07:03:57,212,"36.707785,66.229134",Japanese
f30d1103-1865-40ef-85dd-c9889b264bb2,Partner suggest both reduce money old crime.,rogers-butler.com,Operations,6908,no,no,desktop,Edge,2025-03-11T08:36:00,283,"-37.211604,-12.732919",French
8cf8ccd7-fd03-4742-9f84-1dcf69b8a267,Up actually else stuff.,lloyd-ruiz.com,Finance,2748,no,no,mobile,Opera,2025-01-10T21:30:48,368,"-76.7222515,-79.012126",Chinese
3ac382f4-a26a-4c80-b0c0-0b837052d528,Doctor tax network stock.,clark.com,Marketing,1847,no,yes,desktop,Chrome,2025-04-03T20:06:43,364,"40.9411415,-57.893788",Japanese
1c4f2a9c-a09d-45f0-a4aa-b634dc94e24f,Let board site interest fear school none.,rice.org,Finance,3133,no,no,desktop,Chrome,2025-02-28T03:27:30,522,"-32.457477,-107.214155",Spanish
cf9ddbc4-0ce1-49eb-8397-d4a21d00e6db,Peace moment government we arrive.,nichols-peterson.com,IT,2289,no,yes,desktop,Firefox,2025-01-15T07:41:04,577,"-74.4631075,37.882415",Chinese
31f2cbdd-194f-4137-981f-eaaa23af5af5,Money magazine step single fine challenge career.,garcia.org,Marketing,4831,yes,yes,desktop,Opera,2025-01-10T15:12:57,266,"50.1510045,-48.489580",German
98809810-5a0c-434c-9451-27de91aeb6fb,Democratic security onto fire show.,palmer.org,Finance,4722,yes,no,mobile,Opera,2025-01-03T09:54:07,208,"-46.9492625,99.442384",Spanish
be61bdcf-2092-4e09-98d6-cdc21631125c,Fund again responsibility continue.,crawford.info,IT,4905,no,yes,mobile,Edge,2025-03-01T13:22:00,304,"-31.615540,-42.263754",Spanish
97b7f6bf-04ef-4f5e-ae2e-8cde66ea4a03,Start culture family would exist nation.,schmidt-conley.com,Sales,3843,yes,yes,mobile,Chrome,2025-02-27T03:59:31,108,"-60.550399,-133.277655",Spanish
d3628808-820f-4cdf-981b-c38cb6cf7a8f,West friend not act determine sea audience throw.,wilson.info,HR,5127,yes,no,desktop,Edge,2025-02-22T09:20:53,596,"-4.108191,-9.744256",English
014835ad-8ac4-4833-ad93-dd62f1af9771,International medical although physical.,reed.info,Sales,7532,yes,no,mobile,Opera,2025-03-31T00:44:22,567,"-44.872872,77.318757",German
4c06e8ea-389d-42c3-bf90-5384d96206ce,Increase former try break way final themselves.,hester.com,HR,870,no,no,mobile,Firefox,2025-02-22T03:34:15,165,"77.675259,113.970312",Spanish
8c198a0c-ae29-45aa-a632-6c1e0be8e2ad,Decade source floor assume as change.,davis-martinez.com,Finance,5156,yes,no,mobile,Opera,2025-03-21T04:24:45,449,"47.808665,-8.215740",Chinese
911236ae-42a3-4e89-948c-4e76d2f52159,Group than data fly next debate role.,munoz.com,Sales,3300,yes,no,desktop,Chrome,2025-01-02T23:49:54,287,"-78.545017,84.417722",Spanish
ca9f8ba6-fad4-48b7-ab18-2e6060cc9d86,Long loss turn would.,tapia.com,HR,5363,no,no,mobile,Safari,2025-04-02T21:48:09,492,"84.125584,-153.286601",English
412ecb6e-aded-43a7-b955-a1a4a1dfea76,Full throw course despite garden long administration.,larson.com,Finance,7045,yes,yes,mobile,Opera,2025-03-11T08:47:57,179,"-63.4163995,60.952373",Japanese
10afc5e7-8378-43ae-945b-0f1401d8f02f,May cultural door eye.,hensley.com,HR,9780,no,yes,mobile,Firefox,2025-02-26T16:11:41,201,"-25.560998,86.555716",Spanish
21ca00b7-a623-495f-a93c-ee587d5e5ba0,Agreement answer must across.,campbell.org,Finance,9846,no,no,mobile,Edge,2025-03-29T11:07:07,373,"-0.1214635,38.213369",Chinese
eca69bd5-5d8d-4499-b409-1e1b98fd44f1,Mean these evidence standard past how money different.,huffman-ortiz.com,HR,8629,yes,no,desktop,Firefox,2025-02-03T08:20:28,121,"-77.9264145,-167.345079",French
7bf124a9-9bfb-487c-aedd-01edd9a4d05b,However join step tax.,wright.com,IT,6937,no,yes,desktop,Opera,2025-01-07T17:36:19,502,"35.992169,88.721543",French
56dbffc1-54bb-4d5e-bc21-c3bf5ab2eb4c,Make south business turn sea ever.,martinez.com,IT,5860,yes,yes,desktop,Opera,2025-03-14T12:15:33,209,"-70.814902,143.543745",English
07efc7ac-42fc-4b06-af2c-3c289e2f16a2,Subject trip inside among one.,hodges-welch.com,Finance,3209,yes,no,desktop,Safari,2025-03-11T04:59:58,163,"9.002404,5.067559",French
7316a4e4-5ae7-41a7-bbe2-c989c2c84c70,Debate product call security field item around collection.,terrell.info,Sales,2601,yes,yes,desktop,Safari,2025-03-16T04:06:54,495,"21.033616,1.275204",Chinese
7b313d87-be77-48c4-b554-d0602eef23f1,Research sense listen make certainly buy.,bates-branch.com,Sales,1878,yes,no,desktop,Safari,2025-01-11T16:13:20,424,"-62.6079295,-34.530296",Chinese
cb5f905e-b6be-4cc2-9c63-a84d55eae5a0,Him interview training.,bennett-li.org,IT,560,yes,no,desktop,Firefox,2025-01-23T01:16:56,102,"-41.910632,-124.173154",Spanish
77bfb3af-83e1-492e-b282-821c35959b50,Across first hair language this she.,diaz-ramirez.com,Marketing,4684,no,no,desktop,Opera,2025-01-15T05:08:05,307,"11.3638865,54.236992",English
92b20346-04f9-4bd6-bce8-2b6790cc0d76,Bad sell life message.,moore-salinas.com,Finance,9018,yes,no,desktop,Opera,2025-02-20T01:59:20,61,"38.641803,87.805783",German
82068c7b-adab-4240-b1e2-e6016f2d262f,This far anyone capital fear.,lewis-arroyo.org,Marketing,4167,no,no,mobile,Firefox,2025-01-21T01:15:00,363,"24.4742165,159.053773",English
7497d32b-196d-46e7-8f23-e9596a5b2f45,Home year fly myself soldier.,perry-mckay.com,Operations,889,yes,no,mobile,Chrome,2025-01-13T04:26:33,407,"52.9372515,12.115130",Japanese
e542b37c-ee49-418d-a0f9-a8015745340c,Reach those century garden.,mcbride.com,Marketing,6319,yes,yes,mobile,Chrome,2025-04-02T18:46:36,121,"-15.0887635,146.460756",Chinese
710b04f1-1c06-461e-b4e2-6eb7235112fd,Wait religious huge far.,peterson.biz,Marketing,3350,no,yes,desktop,Chrome,2025-01-02T14:34:56,428,"-16.798039,-26.346726",English
a7cae6b2-a833-411c-af3c-91e17845779e,Military share establish source data so everybody.,maldonado-shelton.org,Marketing,8340,yes,yes,desktop,Chrome,2025-01-30T17:31:06,559,"8.987916,1.638141",English
f8eba002-0368-4427-8b0b-1a236a18bb2c,Message message walk building area probably.,morgan.com,Operations,500,yes,yes,mobile,Safari,2025-01-31T13:32:31,212,"-9.076810,0.991383",French
2aa0e9bd-29cc-4c98-8c46-9d01548d1a8a,Simple citizen population final worker administration social difference.,burton.com,HR,1321,no,yes,mobile,Firefox,2025-03-18T13:58:22,210,"61.5761425,-100.514602",Spanish
61c7f1b3-99c9-4c86-aefb-d88430f9dde5,Watch happy successful often.,williams.info,Marketing,9907,yes,no,desktop,Edge,2025-01-04T15:54:59,408,"-26.6123795,18.920120",Spanish
99c1c5dc-1673-42be-9fa9-3971ee956d00,His bill concern more resource large people.,sosa-schroeder.org,Marketing,714,no,no,desktop,Firefox,2025-01-22T08:39:33,442,"76.218353,-147.565995",Chinese
aadaed4b-f758-499e-b23b-9bf237ae4277,Walk thank weight food yeah today.,wells-hayden.info,HR,2362,yes,no,desktop,Chrome,2025-01-14T02:39:18,275,"14.3472885,143.366896",English
1b57d1bd-88e8-488b-b661-f8e6d211bdd3,Best single along once.,conway-roberts.org,IT,728,no,yes,mobile,Safari,2025-02-20T11:04:44,114,"-35.5667915,-11.046991",English
6a20c28b-15cd-40e9-97b3-5df39ad7ca9a,Research pattern to.,reyes.biz,Operations,6261,no,no,desktop,Opera,2025-01-04T07:07:51,338,"-16.344997,-78.161333",Japanese
2c53ec44-08e0-4948-9e09-4a661094e45d,Office usually take head.,thompson.com,HR,7922,yes,yes,mobile,Chrome,2025-03-18T10:15:10,393,"76.3803925,140.854696",Chinese
59819078-095c-4fe0-9ff9-c4edecb3a6b1,Theory story commercial tree.,allen.com,Finance,7686,yes,yes,mobile,Safari,2025-03-15T16:14:29,268,"-77.736931,-55.455412",German
ccb947ce-688d-4640-9374-1a4b9c1f8146,Painting baby picture third well thought.,moore-nguyen.org,IT,1557,no,yes,mobile,Opera,2025-02-25T06:21:05,424,"44.1544535,166.071037",Spanish
9712b6b4-cfb6-4a1e-82f9-2d97ce778e63,Bring recent south response.,snyder-church.com,HR,6549,no,no,desktop,Chrome,2025-02-26T00:21:41,216,"4.719228,54.632450",English
9fc3e909-e7e7-4de4-b57f-901e89933817,Trial purpose sea occur.,kent.com,Sales,9899,no,no,desktop,Edge,2025-03-22T23:33:32,577,"52.944200,97.186415",German
36be1a86-0249-44e4-87e5-7a5d6f1586c8,Whatever dog not century.,smith.net,IT,4529,yes,no,mobile,Safari,2025-01-16T23:31:20,44,"-12.3192435,-34.998819",Japanese
54d9f30b-eac8-4952-b592-2c825df49570,Consumer my young term more method.,ray.com,HR,6810,no,no,desktop,Firefox,2025-01-15T23:04:59,28,"-29.882007,22.138198",French
1d7970f8-2ac4-4802-aee3-e1d9f195d20f,General school fight including.,reynolds-hamilton.net,HR,8715,yes,no,desktop,Firefox,2025-02-05T22:02:00,266,"62.0482205,129.829512",Japanese
361a973b-b4ac-438d-a394-661d84eb1726,Southern view PM rule rather above.,miller.com,HR,780,no,yes,desktop,Safari,2025-03-27T10:02:17,314,"47.401052,2.954833",French
396401d4-d6f8-498f-8773-cac564ef2793,Guess enter send from a race.,brown.net,IT,3460,yes,no,mobile,Safari,2025-02-17T01:16:24,442,"-81.4129795,19.160330",Japanese
cfcab560-3a34-4cbc-bd4f-16b7505ae810,Build choice media size wide.,salazar.info,HR,5439,yes,no,desktop,Firefox,2025-01-25T16:21:22,143,"-67.624320,-134.057541",German
30b191c2-b581-47d0-b882-3b218df03f6e,Try write industry finish thank as use make.,buckley.com,HR,1429,no,yes,desktop,Safari,2025-02-25T23:32:11,457,"31.178373,134.884825",Chinese
1f73d990-f7de-4890-b6e3-022e9c15e401,Society worker impact somebody.,li.biz,IT,7824,no,yes,desktop,Firefox,2025-02-04T18:49:49,60,"-57.9597855,125.966086",German
d23ba3f5-d314-4d55-925b-d282270f43d6,Another song current.,carlson.org,HR,8426,yes,yes,desktop,Chrome,2025-04-02T21:44:40,336,"25.2877115,151.304288",English
d0b55fb1-f6c2-446b-95f8-bbc1ef685682,Son box kitchen newspaper voice.,avila.com,Operations,592,yes,no,desktop,Edge,2025-01-20T16:43:36,232,"-36.868463,-101.995472",English
c27647c5-f98b-4ab7-b086-1ac6b85ffc28,Hour through themselves meeting maybe cultural only.,whitney-frank.com,Marketing,4801,no,no,desktop,Chrome,2025-01-03T00:01:37,250,"-13.0232155,-152.551128",English
a3e6a5fa-2c76-4ff0-abaa-6d215930bc5a,Billion direction low time chair his.,olson.com,IT,3339,yes,no,desktop,Edge,2025-03-03T09:20:16,223,"-45.412212,-19.198585",French
2ff618d4-79dc-4236-b36c-3cdef09c2ac2,Indeed owner modern player.,erickson-henry.biz,Sales,8459,yes,yes,desktop,Chrome,2025-01-14T16:39:15,299,"-43.5487415,137.467502",English
6400a094-30d1-4047-a787-2a852288138e,Raise soon perform area.,russo.org,IT,7999,no,yes,desktop,Firefox,2025-01-23T21:58:32,150,"-29.282518,-42.698562",Spanish
32c93ad4-782a-4110-9a21-c890c96a510e,Everyone friend usually like future.,chavez-davis.com,Operations,3135,yes,yes,mobile,Safari,2025-01-22T09:40:12,355,"-30.6341775,-152.843202",Spanish
32dc147e-b5b7-4a14-b9c8-87624045c931,Pm study start sometimes get.,maxwell.com,IT,3974,yes,no,desktop,Safari,2025-03-01T20:02:24,576,"88.972667,-169.530127",Japanese
c0425154-7901-4a1a-9937-dc15ab590563,Establish upon either.,mclaughlin-vargas.info,IT,7915,no,no,desktop,Chrome,2025-03-04T06:13:32,223,"-65.314543,-26.030613",French
9fbe43dd-c309-449e-9160-0812d4881b6d,Organization top yard sure Mr rest.,jordan.org,Operations,6265,no,yes,desktop,Safari,2025-02-21T15:54:27,472,"14.420653,156.484526",Chinese
8c7a144f-d2a9-470e-ac75-a3968948c041,Science practice and.,lucas.com,Operations,6678,yes,no,desktop,Edge,2025-02-27T13:14:22,64,"57.0543315,-31.647076",Chinese
46ff45bc-8b34-44e4-9f6c-90d074438dd1,Team morning media national occur hour.,small.net,Operations,3233,yes,no,desktop,Opera,2025-01-30T08:28:48,310,"-16.630710,136.495704",English
3a331440-078b-4a60-bf87-20e44b890c06,Draw lay financial choice which.,wise-jones.org,HR,1267,yes,yes,desktop,Edge,2025-01-12T13:52:23,339,"67.2069735,169.572978",German
6760cce7-1eea-45be-ae73-dcea11f2da16,Simple them far image happen.,sanders.com,HR,9067,no,no,mobile,Chrome,2025-01-25T18:57:10,493,"-11.6849255,-68.143198",Japanese
ba64f2c0-a121-4765-91ed-a0488a40e03f,Share around respond today scientist.,johnson.com,Finance,6769,no,yes,mobile,Edge,2025-01-31T20:59:58,384,"40.9231065,33.650025",English
21c3dc29-70a0-4895-b8d8-a5cfbb12673d,Cold media authority note.,mcbride.org,Marketing,8647,yes,yes,mobile,Safari,2025-02-17T08:00:31,21,"57.0739895,-36.866442",English
e5c714e1-05e2-4eb3-b861-3c111170c334,Himself together toward seven.,lee.com,Operations,9104,yes,no,mobile,Edge,2025-04-03T12:22:11,306,"39.1786305,-138.790121",Japanese
1f446ce0-8995-40e7-8ff6-c00ea0ae3cf2,Option ago nature.,bryant.info,Operations,889,yes,no,desktop,Safari,2025-02-04T12:38:48,566,"38.315752,133.048397",French
b93e7af6-a049-4764-ac47-99f46e205638,Million shake be everybody.,casey.com,Operations,8875,no,yes,desktop,Safari,2025-02-04T09:34:21,450,"42.6837435,-82.327560",English
3fb13fc1-fe1d-45f4-96a5-3fcd2a3541f9,Entire word card book dark.,wilson-garcia.info,Marketing,9958,no,yes,desktop,Edge,2025-03-10T21:44:43,581,"32.012093,101.524916",Japanese
1bf5d262-b8b5-49f0-b167-859dbf63db44,Since early threat they alone their.,edwards-stokes.biz,Marketing,3694,yes,yes,mobile,Opera,2025-02-26T04:48:06,35,"81.8970205,102.222902",English
9451e048-e75f-4c16-b464-ca2aab68ea3d,But major choose true identify.,meyer-hinton.com,IT,8498,yes,no,mobile,Opera,2025-02-06T19:59:48,325,"24.081222,101.323227",Japanese
9012d72a-023c-4e20-9d26-a3ebc9e0551a,Popular reduce certainly game.,soto.com,Marketing,1009,yes,yes,desktop,Chrome,2025-01-24T14:39:42,93,"-63.3966095,106.895295",German
50e8d36f-19c4-4c14-8a4a-4b885a9e653e,Work pick ball charge.,walker-gonzales.com,HR,7857,yes,no,mobile,Safari,2025-02-09T11:12:51,221,"15.887288,153.881588",English
3a5035d7-cde5-44e4-b36c-31fcf90c9ba7,Time unit bank house.,hughes.net,Sales,2601,yes,yes,mobile,Opera,2025-03-25T15:05:43,409,"34.7032605,80.018859",German
11d6cb7e-115b-430c-9f4e-b63f72a2d40b,Dark write standard exactly allow.,anderson.com,IT,8969,no,yes,desktop,Opera,2025-01-04T02:25:03,379,"-54.6732435,-77.744826",English
d6fc10aa-a557-4b12-b764-59d04f222101,Group choice especially when brother.,williams.com,Operations,3336,yes,no,mobile,Firefox,2025-01-17T18:30:05,424,"28.1712485,131.336412",Chinese
2dfa7dc4-3ce3-44b9-99e8-5a1bf04c44dc,Development health really serve.,williams.org,HR,2953,yes,no,mobile,Edge,2025-03-26T04:48:12,500,"-9.987684,-27.718335",English
5222ad32-e8ab-4041-a11a-98601b4bcad7,Watch happy white ten analysis big.,williamson.com,IT,8354,yes,no,desktop,Safari,2025-01-12T15:36:01,205,"62.2689035,169.823269",English
1efeebcc-dee9-407c-a927-ceb4e384e849,Customer score community you trial three.,sanchez-smith.com,IT,9650,yes,no,mobile,Edge,2025-01-18T02:09:02,171,"-33.206126,14.558065",French
596ebf08-01eb-4aef-b2ed-aecf19aabc69,Strategy team theory others entire difference four determine.,caldwell.biz,Sales,3529,yes,yes,mobile,Safari,2025-01-16T14:49:05,119,"-62.2725045,145.588895",French
c1212c5e-9514-4be1-aaad-848e4299bce6,Rich worry outside realize data outside.,walters-stevens.com,Marketing,6266,no,no,mobile,Edge,2025-02-24T04:36:05,130,"-61.8834915,178.127233",Japanese
828357b9-9791-4207-9c29-804b24d55044,Glass business tonight about dinner feeling.,dawson.com,Operations,5359,yes,no,mobile,Safari,2025-02-22T07:40:29,48,"31.912582,21.966434",German
3ede490b-433e-431e-af45-edf7e6f4027e,Issue against age million some bank news.,ochoa-nicholson.com,Sales,8108,no,no,mobile,Chrome,2025-02-19T19:38:21,209,"-23.1209595,150.491907",English
653cb1cf-1461-4652-912f-3caead868844,Deep drop particularly former possible paper.,nelson.com,Finance,6558,no,yes,mobile,Opera,2025-02-07T09:27:07,243,"-5.599639,6.760666",Japanese
debb9eec-3bc0-4a4d-9f18-7590c93873dd,Race enjoy space power north green.,serrano-maxwell.net,HR,7030,no,no,desktop,Firefox,2025-02-02T11:31:40,324,"-77.062138,103.241491",Japanese
80dd2117-15f0-45d7-88f6-b5c94287c412,Gun prevent two might compare seat form.,stanton-ford.com,IT,4280,yes,yes,desktop,Safari,2025-03-29T04:51:29,514,"-9.2496595,48.944178",German
aa147ce6-dbaf-424e-a60f-b6dcd271b63a,Read however role.,smith.com,Operations,1886,yes,no,mobile,Chrome,2025-03-01T07:07:23,348,"42.326414,4.686064",Chinese
a54e15d2-e106-44e9-83cb-96ca1fbb22fe,Chair write six marriage political.,hubbard.com,Finance,8640,yes,yes,desktop,Edge,2025-03-13T13:00:50,560,"-62.0923675,45.759287",Japanese
47d4784d-ac9e-4974-871e-d68637f34c2c,Remain class although bad relationship carry brother seek.,gutierrez.com,Finance,6139,yes,yes,mobile,Opera,2025-04-02T00:41:27,370,"-85.907304,-0.407558",French
37fc5095-77a7-4518-ada6-a00805d52602,Speech nice shake cost rule court follow.,cherry.com,HR,4001,no,yes,mobile,Edge,2025-03-02T21:37:34,254,"-16.5608315,-155.070417",Chinese
dca2c247-7807-4c50-8ab3-d6f5166acb0c,Born among not case travel.,fields.com,Finance,5224,yes,no,mobile,Opera,2025-02-02T12:11:28,458,"-69.253215,78.776264",French
eb9881ff-0b5a-4a95-8c1e-5863446a0af3,Popular which people brother bring radio.,barber-cantu.com,IT,2060,no,no,desktop,Chrome,2025-01-12T08:40:44,384,"-83.905400,-168.944187",German
7cd0cc32-ff2f-4fda-bd67-4ddcfc13ad29,Physical project though animal vote simply.,ashley-lee.com,Sales,5316,no,yes,mobile,Chrome,2025-01-04T04:36:36,506,"56.4773115,-175.951074",English
eef803a9-2892-4a9d-9e3b-512979ab4027,Conference source its run trade wind market.,horton.info,IT,7335,no,no,desktop,Firefox,2025-01-23T09:08:18,503,"-57.4250825,39.262572",English
784c930c-618b-4168-b92a-f5335094172b,Blood cell group one.,rangel.com,Finance,9363,yes,no,desktop,Edge,2025-03-06T11:35:27,322,"-12.6839935,168.886282",French
232cf880-3f72-4058-836f-c54194d4fad1,Pick technology stop strong both event box.,ellis.biz,IT,2342,no,no,mobile,Firefox,2025-03-27T12:54:34,261,"-22.9911785,179.361680",Japanese
2c1906ab-1fd9-4447-b5d0-db32bd5b32ea,And discover particularly now cold former.,meadows.com,Operations,7412,yes,yes,desktop,Opera,2025-02-05T06:18:35,490,"-19.880949,109.605715",Chinese
469668ff-71ec-44a8-a12c-e8446eb72729,Remember administration subject among idea change last.,sampson-zavala.com,Operations,5658,no,yes,desktop,Opera,2025-02-11T08:34:23,194,"86.069169,31.945505",Japanese
fa6c78ed-1749-47c3-bd59-559233834e24,Term return give or ok.,hall.com,IT,5715,yes,no,desktop,Opera,2025-01-22T02:44:23,192,"-52.3622095,84.457781",Chinese
86b4c38e-67bb-41d5-919b-5311c69c852d,Design middle wear very up.,neal-johnson.com,Operations,1813,yes,yes,desktop,Safari,2025-02-09T07:00:34,105,"-45.839597,-106.766588",French
74dc0efa-c496-4bd3-bc93-febfbb31733d,Body join society nation leader box outside.,murray.com,Sales,5469,no,yes,desktop,Safari,2025-01-21T21:22:13,284,"7.349207,-142.081508",German
a5525162-98ea-4f3e-9082-90548a81bdae,Build such traditional write check early.,brooks-miller.net,Marketing,6975,no,yes,desktop,Safari,2025-02-05T09:03:14,275,"18.809046,-68.704062",English
7acced63-2292-46c1-ae51-0a68dc2ec57f,Foreign race more over which.,wood.biz,Finance,8251,yes,no,desktop,Opera,2025-02-12T03:22:19,10,"72.516343,-70.607770",English
e0b64d54-08d3-4b53-86ac-fb7e1c6d6a0e,Away federal west former stage.,waters.info,Finance,687,yes,no,desktop,Opera,2025-04-03T16:01:44,408,"-43.640141,-141.600819",English
80ebef59-1326-49d2-b6c9-7acd26adec40,Act present just purpose room hard kid.,ross-king.com,Sales,6114,yes,no,desktop,Safari,2025-02-23T05:56:56,567,"-73.763947,32.313395",Chinese
7d33ec7f-d873-4264-847b-aaaf9c50e3de,Weight him question study simply executive treat.,sweeney.com,Sales,5690,no,yes,desktop,Chrome,2025-01-31T05:51:03,66,"-21.6827805,65.305088",Chinese
bf15b081-b277-4e82-8256-9d506b743f68,Agreement nice continue listen.,spencer.net,Marketing,4671,no,yes,mobile,Safari,2025-01-17T06:36:19,198,"-57.936190,170.062729",German
528e5e8d-d6ac-4f5b-ad98-9fa217772f34,Recognize strong summer while buy rest management.,vaughn.org,Sales,5777,no,yes,desktop,Opera,2025-02-25T04:41:07,33,"-60.8501935,-169.187694",Japanese
30daedba-f0bf-4824-937a-15d3d54739ba,Usually style born popular Mrs like wife boy.,johnson.org,Marketing,3653,yes,yes,desktop,Safari,2025-03-27T17:18:15,159,"-83.7870025,-3.814625",English
7cc7c546-9d0b-4aac-8ec6-d55df4994438,Relate middle note coach.,moore.biz,Finance,7888,yes,no,desktop,Edge,2025-03-03T00:07:34,598,"-45.9712285,97.664071",English
780f081f-c216-41e6-b0b0-d43c35b06ff1,Safe growth remain capital billion wonder.,thompson.biz,Finance,8981,yes,no,mobile,Chrome,2025-03-25T00:15:56,450,"-2.178911,88.873879",French
36029d44-3f81-411b-b58f-82dea59e1c19,Church likely story thousand phone.,hampton-mcdonald.com,Finance,1703,no,no,mobile,Edge,2025-02-01T14:46:03,172,"-17.324039,-88.841738",English
223c404e-1ac7-4ff6-8242-241a2fe6c557,Recent last feeling special who against.,warner.biz,HR,1259,yes,no,desktop,Edge,2025-03-12T21:34:18,420,"44.3045355,77.201838",Chinese
ff3e4fd5-0922-4283-b383-03bfea898461,Pm during young space reason inside.,fisher.net,Sales,2004,yes,no,mobile,Edge,2025-03-21T00:08:48,391,"44.043865,119.517111",French
7bf00b35-290a-4a52-b0fd-819ca18e6db3,After represent rest wall body.,wilson.info,HR,5537,yes,yes,desktop,Safari,2025-02-25T00:36:00,334,"-66.842271,61.806566",Chinese
4b125e02-5fb8-4076-8f57-f58de679ff27,Consider special long nature per.,ford.biz,Sales,2515,no,yes,mobile,Safari,2025-01-25T10:47:58,38,"-74.516373,-107.938854",Chinese
2818d536-29d6-41f3-a854-b72b7fb0684e,Technology think window head him find.,hooper-newman.org,HR,9560,yes,yes,desktop,Edge,2025-02-02T19:32:20,131,"0.7921495,128.092287",English
aa7378d1-fa45-4608-98cb-fb7c96e5943c,Usually central international skill sense her section.,valencia.info,Operations,1113,yes,yes,mobile,Edge,2025-03-29T08:50:21,419,"81.451143,-116.067609",English
7229e479-a9e4-481e-81a9-33e051c59dfb,Safe class speak happen history.,garza.org,Sales,2908,yes,yes,desktop,Chrome,2025-02-01T13:20:33,436,"24.608758,-147.251534",Chinese
cf02ecc4-0747-4e5b-9f21-fe9698aaae7d,Scene table for husband without support federal.,santiago.info,Marketing,4116,no,no,mobile,Safari,2025-03-10T23:00:16,33,"31.7586045,-35.244025",Japanese
1b8ee41b-5fdd-464f-a543-7646527598e7,Method table structure scientist.,silva.com,IT,621,yes,no,desktop,Edge,2025-03-05T07:51:55,107,"22.594471,27.027497",German
4466a969-57b7-4714-a392-426e189864fc,Day away look top number course they suggest.,harvey-arnold.biz,HR,2376,no,yes,mobile,Edge,2025-01-08T13:37:48,307,"27.4429245,121.250163",French
d652dfc6-d176-4e83-99b4-ec1514830bb9,Child research her though.,rowland.biz,Marketing,7148,yes,no,mobile,Opera,2025-02-03T13:00:37,10,"-43.8641835,84.656597",Japanese
7378b7f4-1cac-4b1d-a0dd-6bd9770e7202,Total others investment trade year better father.,ryan.com,HR,8504,yes,no,mobile,Edge,2025-02-01T11:11:01,302,"-19.9144985,72.118443",French
b06a73a9-4e3e-4df1-accd-f684bc354a31,Big my market daughter around risk imagine.,walter.com,Sales,9276,no,yes,desktop,Opera,2025-02-08T04:38:24,102,"-66.1814395,150.078650",Spanish
1a1f2e99-b331-41fd-aedd-92376d2a80c1,Affect build collection away step.,lamb.com,Sales,8956,yes,yes,desktop,Opera,2025-02-22T13:46:04,332,"-29.782003,-56.943697",French
927c79f2-bd85-4fbc-8ed7-9f5662557500,Prepare enjoy hospital share cover war try.,drake.com,Operations,8962,yes,yes,desktop,Edge,2025-02-21T20:49:57,200,"12.514065,1.968896",German
2c99dfc5-d0ed-4552-925c-5bfb45c2f103,Home science these test production out.,johnson.net,Marketing,3994,yes,yes,mobile,Chrome,2025-03-07T03:23:47,206,"77.8590315,111.346242",French
337b5f74-10dc-470c-8b4d-1903add0867a,Those point structure challenge capital interesting listen.,calhoun-powers.com,Marketing,4568,yes,no,desktop,Edge,2025-01-06T12:08:37,197,"-45.2673915,73.456105",Spanish
02da45e3-5b7b-4af8-9a9c-551016ad38f5,Yourself hear gun instead state.,peterson.com,HR,3009,no,no,desktop,Edge,2025-02-19T01:53:56,448,"69.7590015,-149.935196",Japanese
da1c80be-4dcf-4188-82ef-9f988e53755c,Reason but show difference face process campaign act.,russell-howard.com,Operations,1660,no,yes,mobile,Chrome,2025-03-01T22:41:55,532,"-27.623856,166.973520",French
fb69e526-813c-482b-a7ec-41d7e4e998ce,Understand two need avoid Mrs key unit.,martin-maxwell.net,HR,5015,yes,yes,mobile,Firefox,2025-02-27T13:03:35,85,"24.1864265,70.044508",French
4154b8a6-742b-4a54-8f40-e077ee7b681d,Season everything its series join give.,nelson.com,Sales,1184,no,yes,desktop,Opera,2025-03-26T09:47:10,105,"-8.9757995,-125.717819",German
80f5caf1-5441-473b-a97b-9f1778224efc,One positive tend more then behind everybody.,williams-mueller.com,IT,5193,yes,yes,mobile,Chrome,2025-01-13T03:25:10,364,"-80.5197455,-56.728780",Spanish
3dc318f1-61fe-4b8a-98d4-84b7deb666ab,Perform catch focus past realize.,velasquez.info,Operations,4011,no,no,desktop,Safari,2025-03-30T00:16:14,401,"-40.3665035,126.699403",Chinese
03e74988-a6b2-445b-ae1a-906ef59495a7,Everybody research positive ago.,haynes.com,Marketing,1481,yes,no,mobile,Safari,2025-03-15T00:43:54,532,"2.6803275,140.882880",English
4e72dc8c-ac92-49cf-b84b-bd411b820e12,View song west economy these.,hughes.com,Sales,939,no,yes,mobile,Firefox,2025-02-02T05:12:58,43,"34.4092165,33.113278",English
f6472f0c-35bb-4d85-9663-2a0fc8093415,Professional we per provide lawyer piece.,espinoza.com,Marketing,2034,yes,no,mobile,Chrome,2025-02-26T18:11:43,129,"4.7520865,6.341137",Spanish
9891ec52-fc31-4881-a6df-99f81825f872,Campaign likely drive item against door quality bill.,schneider-keller.biz,Finance,2485,no,no,mobile,Firefox,2025-01-19T11:17:26,350,"-79.653432,-45.654434",German
81235030-fd0e-453d-8e47-31f438a78233,Civil final politics measure.,mccoy.com,Marketing,6818,no,no,mobile,Opera,2025-03-01T16:14:16,104,"11.1494895,155.549609",English
a3a546b6-41a1-490e-a289-57fda249f392,Forget onto home sell close civil write.,caldwell.com,Marketing,6589,yes,yes,mobile,Chrome,2025-02-12T13:28:23,151,"27.656389,139.102341",Japanese
263e126d-486d-4b09-9e85-0233c9eb7354,Wrong yeah since.,howard.com,Operations,1618,no,yes,desktop,Chrome,2025-02-24T23:08:15,181,"-67.2273835,-41.656644",Spanish
94128512-6515-48f1-a031-86b1d22eaf7f,Represent practice their that natural themselves federal.,king-garcia.com,Operations,1308,yes,yes,desktop,Safari,2025-02-06T21:18:55,483,"13.8389475,-7.932655",German
55839629-9eb1-4827-8b8a-3c8ee72a3281,Collection today with executive.,ryan.net,Sales,8970,no,yes,desktop,Edge,2025-02-17T03:00:50,478,"34.515027,0.132016",German
426adeda-c737-463d-80e1-cd0db0d974fd,Adult major light.,cobb.com,Marketing,5192,no,yes,desktop,Firefox,2025-01-16T04:14:58,535,"-29.9728545,-72.063784",Japanese
16beb9b6-15ff-4d29-b081-dc799fe9340a,Explain face no health arm cup suffer.,stewart-ross.org,HR,9743,no,no,desktop,Firefox,2025-01-18T20:46:51,456,"47.857954,13.538605",German
c03c2535-de25-4764-9bb2-93000e79aa70,Sign American get woman since walk.,parks-grant.org,Marketing,4341,yes,yes,mobile,Opera,2025-01-08T04:13:30,83,"8.448600,-126.679399",French
76a01257-bd1a-4a06-b0ac-f06a89071247,Walk level dinner amount especially think.,white.biz,Finance,3196,no,no,desktop,Edge,2025-03-25T22:30:20,297,"-0.3106425,8.250563",French
d59c3721-3af6-4bc0-a2d5-253397f2b8f1,Section executive different exist decision himself meet.,richard.net,Marketing,5593,yes,yes,desktop,Edge,2025-02-27T01:18:23,402,"46.9194175,-141.457857",German
6bd5d384-66a7-4924-9b2f-5a9904533983,Various some politics thank floor run hand.,camacho-hawkins.com,Finance,9528,yes,no,desktop,Edge,2025-02-04T03:55:02,308,"11.5044975,-109.837942",English
44c458f0-bbc7-4f1b-b2af-cb49e4253c18,Write speak hotel past real.,brown.info,HR,1246,yes,no,mobile,Edge,2025-02-25T21:08:00,28,"82.500166,-75.281037",English
ea8b84e5-6535-46e8-9ea6-eb9486db5802,Activity operation west professor later yet she order.,moody.biz,IT,9058,yes,no,desktop,Edge,2025-02-12T05:15:01,213,"57.7101005,67.407456",French
757fdc27-d052-45f8-bc92-bac5e9a107ff,Measure hour new entire ability.,mcdonald.biz,HR,2071,no,yes,desktop,Edge,2025-01-23T09:48:10,283,"-84.0691395,128.950826",Spanish
d4a13bdb-8ac3-45b4-9468-58736643ded3,Despite bag imagine real life somebody campaign.,reynolds-morrison.com,Operations,3461,no,no,desktop,Opera,2025-01-03T16:55:34,475,"-15.7281605,-142.047993",Japanese
1a40fc8b-bbf0-4c54-bd52-93dc8c67861f,Save short think child.,andrade-ibarra.com,Sales,7742,no,no,mobile,Opera,2025-02-28T22:57:39,187,"-67.239983,-7.028923",Chinese
d1f57a2d-1e61-4dfb-bfef-39061ef51a67,Idea whatever answer such body.,smith.com,Sales,6975,no,yes,desktop,Opera,2025-02-05T13:19:30,132,"-54.4723615,116.259979",French
598070be-52d2-46c7-8a6a-8797759c8285,Church realize southern despite art standard cultural place.,underwood.info,Marketing,5084,no,no,mobile,Opera,2025-02-28T19:29:37,578,"45.204939,-53.942612",English
1e4b3ba3-c84a-4d46-b94b-589f339ba194,List choose high I up term think.,lopez.info,Sales,2267,no,no,desktop,Chrome,2025-04-03T13:06:57,558,"53.950462,-131.434014",Spanish
770e1b03-5c39-468e-a8fb-63ea3bd5cab1,Top really energy like military condition.,taylor-ward.com,Operations,4737,yes,yes,mobile,Opera,2025-02-04T04:58:33,501,"46.6377515,14.094421",Chinese
a9086eee-fac5-466e-ad30-9b01f889ac91,Short real face glass five stop.,ward-blackwell.com,IT,6914,no,yes,mobile,Chrome,2025-03-03T15:33:45,583,"-67.516544,-22.193594",Japanese
854d49d9-913b-41bf-9451-2cead4077eef,Church different share color during nor.,carter.com,Sales,2087,no,yes,mobile,Opera,2025-02-26T00:12:01,61,"31.7219755,24.648454",German
029e0034-a0f1-4c28-a5ad-9a4c349edc21,Field something drive degree.,swanson-sullivan.org,Marketing,3198,yes,no,mobile,Safari,2025-01-19T00:00:06,526,"-27.1979825,-71.795075",Chinese
e7b08258-32dd-45a5-a9de-bda4c3296c4d,Particularly necessary seat including.,davis-hernandez.com,IT,2862,yes,no,desktop,Firefox,2025-01-12T05:15:23,161,"6.3539635,-43.250427",Spanish
9fbfe0b4-ebd7-4bea-85df-1569897c7afc,Man southern affect bed.,thomas.com,Sales,1180,yes,no,mobile,Opera,2025-02-08T13:53:44,286,"-53.3708955,9.878987",Spanish
7bd12104-f584-4fa5-8b50-fb86e3041900,Lot move three manage.,smith-hall.org,IT,1279,yes,no,desktop,Safari,2025-01-09T11:48:39,517,"-20.7498165,90.313002",Japanese
8b8b48a6-6bf0-4046-8791-62bd62022c9e,Provide fly growth who.,cross.info,IT,4427,no,no,mobile,Edge,2025-02-10T10:50:37,110,"62.6004885,9.207702",English
a7883f64-836b-44d2-8b9a-d6a7df9b33a7,Course particularly grow he anyone set bit.,howell-orozco.com,Finance,1894,yes,no,desktop,Edge,2025-04-02T13:37:37,570,"57.3848925,144.544264",Spanish
c82c6021-691d-42f3-9a06-221437f25707,Economy house three take center interesting.,hartman.com,Operations,7167,no,no,mobile,Opera,2025-02-11T22:30:11,42,"0.9608585,173.687565",Chinese
2a784233-c0db-40bd-a50f-7fef90dc4931,Industry maybe agency eat author.,gomez-turner.com,Finance,9350,no,yes,mobile,Edge,2025-03-28T17:15:37,468,"-38.302349,-101.109146",Japanese
ef1e39bd-f90f-41ec-b1bd-a23505128c07,Really describe difference inside state memory organization card.,vaughn.biz,HR,6086,no,no,mobile,Safari,2025-02-27T22:49:06,127,"-7.9971255,166.846477",Japanese
0a70a0aa-f328-47a9-8def-85556ae98f59,Others court along eat policy high ok meet.,pennington.net,Finance,2028,no,yes,desktop,Safari,2025-03-22T11:09:59,392,"9.1925035,-84.360546",Japanese
5f427bd3-a14a-4ea1-8cf3-0bace06d322d,Radio painting federal approach.,williams.com,IT,1211,yes,no,desktop,Firefox,2025-03-24T22:16:39,465,"-80.981300,74.674409",German
4525ac17-9687-4c5a-82b0-e3dbaa97f0d3,Case much southern whom anyone.,ward.com,Sales,7671,yes,no,desktop,Safari,2025-03-30T21:23:25,120,"-78.1045815,140.473511",Japanese
ef507219-6191-4f9b-be71-62a14b3a3272,Fly conference have out service forward road.,garcia.com,Sales,3433,no,yes,mobile,Edge,2025-02-14T23:04:04,319,"85.620661,-98.145576",Spanish
368a93ad-7bb3-4cee-9760-47bfdf8ade29,Off generation less foot goal event blood though.,boyd.com,Marketing,1279,no,yes,mobile,Safari,2025-01-16T14:49:39,219,"-69.3217045,-148.431285",French
9f13f5ee-07ae-4fe3-9c0d-01c4bac9b0c9,Bag instead value federal into teach civil.,burnett-davis.com,Sales,4483,no,no,desktop,Chrome,2025-02-27T01:33:24,198,"-32.085393,109.428558",Spanish
95e0daaa-52e8-4702-b820-e256eae7a0f7,Hope likely job sing require.,lewis.biz,Sales,6664,no,no,mobile,Edge,2025-03-15T17:04:51,79,"-17.431981,-105.377908",Spanish
1f8fbe17-15ca-4723-89f6-f94c2ac7b1e6,Goal guy six west.,melendez-nguyen.com,Marketing,6007,yes,yes,desktop,Firefox,2025-02-11T06:16:03,438,"61.668384,113.992849",English
dedd3d43-affb-4bbc-b0c9-ef95328aabb3,Thousand measure new drop quickly protect system.,ward-gross.com,Sales,1730,no,yes,desktop,Edge,2025-02-22T08:48:01,554,"-27.5518625,16.731664",Chinese
22445af4-1eca-4e26-b5c4-a096874c332f,Way choose involve reflect level.,hunter.com,Operations,8547,yes,no,mobile,Safari,2025-01-09T18:30:32,54,"7.367320,47.048423",French
fc9accf3-4512-457c-b23b-68bc46a6877a,Always coach clear.,jimenez.net,Finance,4417,yes,yes,mobile,Opera,2025-02-05T05:10:02,512,"-15.6084195,-112.199897",German
ec843539-3ddc-47ab-8eb1-f16fdee0d207,Behind scene peace everything plant young gas.,farley.biz,Operations,4348,yes,yes,desktop,Safari,2025-01-03T20:35:44,510,"-2.286818,152.556819",French
78151b20-2482-4748-8bad-a840cd4fd47a,Conference product money difficult customer.,jones.com,IT,8722,yes,yes,desktop,Safari,2025-03-12T14:10:18,31,"-62.948944,-160.759375",Japanese
c068837d-3ece-415c-b73f-adf0a7097655,Very decision maybe challenge phone level.,perry.biz,Marketing,5672,no,yes,desktop,Firefox,2025-01-26T21:18:27,237,"-27.6942495,61.292766",French
95d3a14d-158c-433a-800d-122a0c5757c3,Others which feeling way without.,carter.org,HR,5486,no,yes,mobile,Firefox,2025-02-11T08:39:40,368,"-7.018105,34.444853",Spanish
b82dfe91-7e36-4fff-a588-8d1016881cc7,Ask thousand yet trial environmental.,snyder.com,Operations,6537,no,no,mobile,Firefox,2025-01-02T04:01:20,156,"33.1789125,176.233914",English
cb2eacac-dc9e-45ad-ba21-2c82d1d20350,American east those.,jackson.com,HR,5346,no,no,desktop,Chrome,2025-03-06T08:22:15,456,"70.091133,-76.545753",Japanese
e12e9004-8edc-46d4-adac-aba994d73505,Gun political every special.,vazquez-washington.info,Operations,2295,yes,no,mobile,Opera,2025-03-06T00:28:21,462,"68.8229505,-143.864630",French
91b63477-bd1f-4061-8b09-ee7e4688c6ad,Front minute community so south be.,banks.org,HR,7421,yes,no,mobile,Opera,2025-02-14T11:23:30,378,"-22.3715635,150.948656",French
c0a2e829-9b2f-47d4-b321-94bb6cfaf6c5,Lot although beautiful there.,richmond-owens.com,Sales,5808,no,yes,mobile,Opera,2025-03-23T03:01:43,573,"-60.044932,-151.256163",English
842cc7b6-79b9-4f11-9ab0-c7e03e6d92f3,Service official claim skill message cell.,lewis-cantu.com,Sales,4777,no,yes,desktop,Firefox,2025-01-14T06:57:27,565,"29.025779,-115.826024",English
c96db297-097d-40e3-8c5e-cb0c252f893f,Music sort throughout crime investment area ten.,gilbert.com,Operations,9463,no,no,desktop,Edge,2025-01-01T14:06:30,193,"-16.183537,123.761569",German
a2e3a20b-0600-4679-a00e-164861448505,Year kid kitchen lose.,johnson.info,Marketing,2815,yes,no,mobile,Chrome,2025-02-04T19:20:51,447,"60.2729355,-34.356285",French
44c421e4-ce9b-412b-a610-48ef5d8ad3a4,Political professor task no including town every.,sanford-nelson.com,Marketing,597,yes,yes,mobile,Opera,2025-01-23T23:56:31,286,"33.5752665,76.402053",French
e25b942b-bb55-440d-bae6-f1604c90691b,Dark million future most herself.,mcdonald.com,Sales,7116,yes,yes,desktop,Opera,2025-01-06T05:50:19,270,"68.1846285,65.974551",English
437aa332-7a28-4fab-b863-f23520827494,Huge may pattern boy dinner appear.,wallace-wood.com,Marketing,6358,yes,no,desktop,Firefox,2025-03-29T19:18:31,69,"-18.265525,137.282828",Japanese
46edae25-3c58-4ee6-8003-87e58f727230,Region course particularly trade type from.,mccullough-espinoza.com,IT,1948,no,yes,mobile,Safari,2025-01-10T16:28:33,391,"-12.059668,-28.289963",Chinese
6cc274a1-84df-48b3-9c36-1405b5fa8385,Message white establish very important because.,knox.com,Finance,2831,no,no,mobile,Safari,2025-03-28T22:48:45,393,"2.697862,-131.441567",English
39d5177f-a049-4fee-bf64-25dd80882211,Beyond response skin provide girl commercial.,maldonado.com,IT,9980,yes,no,mobile,Firefox,2025-02-10T09:35:14,329,"-81.002331,27.155324",French
4cc75094-93cd-42f7-8516-c4f4ffe6ef11,Pretty test agreement they investment school color.,carter.net,Sales,6920,no,no,mobile,Firefox,2025-01-14T06:49:11,234,"-8.5888445,-108.820858",German
5266b7c6-57e0-4e83-b951-b8286c7c66d6,Country short near century matter.,hall.com,Marketing,8677,yes,no,mobile,Edge,2025-03-05T07:26:29,355,"-67.6063275,-32.313144",French
e87e219f-c5bb-45bf-b229-927cf90a96cc,Picture thousand matter.,mcmahon.biz,Sales,2109,yes,yes,mobile,Safari,2025-01-15T11:55:39,572,"75.3507865,-21.428811",English
eb5d5255-af50-4c15-bb57-b69340f363e0,Itself another over would where job.,martinez.com,Finance,8174,yes,no,desktop,Opera,2025-03-18T03:52:04,138,"69.893842,18.107483",Spanish
1abc96b9-108b-464d-aa21-b00757b6ad99,Cover Congress share thus power cold.,clark.org,Finance,2482,no,yes,mobile,Safari,2025-03-17T10:18:17,110,"-55.5011075,39.943081",English
6ed70870-a7bd-4747-9870-2b2d1c30d1d3,First church build career within.,mccoy.com,IT,8713,yes,no,desktop,Safari,2025-01-05T19:09:31,273,"9.634582,-78.324906",English
055aa552-9436-4a4d-a3ce-3c71a01bbfae,Check collection investment huge change health check.,morgan-lloyd.com,Operations,1276,no,no,mobile,Firefox,2025-01-05T16:18:33,270,"22.775972,-177.717023",Chinese
b29c1ec5-96a8-4e13-8432-92ccd3a5262a,Early something brother glass second figure.,benson-smith.net,Operations,7675,yes,no,mobile,Chrome,2025-03-11T14:44:52,600,"-49.257955,29.950179",German
c2002f62-3fd4-452b-bf85-bc9a24fa4288,Rest short about recognize sort argue us.,houston-baldwin.com,IT,7107,no,yes,desktop,Safari,2025-04-04T07:19:48,595,"-88.8672985,108.642650",Spanish
c50fc866-a132-46ea-9cdc-5d3eb74bbd5a,Avoid onto image out give lose evidence.,charles.net,Marketing,9186,yes,no,desktop,Opera,2025-02-15T15:09:47,24,"-24.671725,157.907902",Japanese
6f6727b2-6a20-4806-8d13-039bb8075880,South consider head turn.,ortiz.biz,Finance,9753,no,yes,desktop,Safari,2025-03-18T10:11:57,534,"63.637731,7.001012",German
49022806-78c3-480d-96e8-c64f9c93350d,According difficult top question big memory use.,allen-rodriguez.org,IT,6953,no,yes,desktop,Edge,2025-03-02T21:12:21,565,"-29.5062965,-66.396539",Spanish
72d53e7b-57d0-4f8a-b3ee-fb9a67afa481,Develop reason debate.,reid.com,HR,9726,yes,no,mobile,Safari,2025-03-04T07:55:33,464,"72.8447725,-163.916336",German
dca987d6-dddd-41b3-93e0-d6a5242f1962,Off house individual support job.,smith.com,Sales,8880,no,no,desktop,Safari,2025-01-08T17:00:03,27,"81.7435465,67.501702",French
83469d0e-72ba-4a70-aca5-6b757d4d8df3,Them minute level away she century.,pearson.org,Marketing,8784,yes,no,desktop,Firefox,2025-03-18T05:16:43,291,"-4.856458,-175.874199",Japanese
1eceeb82-5dc0-41a3-a7ed-52b06ff8128a,Tree over four officer.,howell.com,Sales,2569,yes,no,mobile,Firefox,2025-02-28T17:55:16,375,"-78.798861,-69.751537",Chinese
03b06b78-7561-4d97-b424-62c4555c7fa7,Standard mouth remain.,lopez-turner.biz,HR,3058,no,no,desktop,Firefox,2025-02-11T14:34:54,131,"62.2787805,40.863949",French
801fd715-53da-4617-a5d3-7769a147b29a,Weight knowledge sister wide father.,hernandez-banks.biz,Marketing,1022,no,no,mobile,Chrome,2025-02-13T10:59:41,424,"48.446036,-48.986410",German
ca24d0f6-86b7-472e-9ad8-fe2b2510f34f,Level some claim agreement leave identify church.,young.com,Marketing,7449,no,no,mobile,Firefox,2025-02-24T05:08:19,47,"58.1992155,97.048064",Japanese
3e55aa88-1dbc-4b8c-8a52-818b9d7b193e,Paper drop right no tell occur voice.,merritt.biz,Finance,8694,no,no,desktop,Firefox,2025-03-10T16:10:31,263,"53.1080905,-144.014270",Spanish
3e767b0e-d21b-43fa-8f06-4f0693c55825,Blue blood result matter carry.,burnett.com,HR,6473,no,no,mobile,Edge,2025-01-12T16:45:13,473,"86.987009,-41.611332",French
a8b25111-914b-42ad-8e99-08ec8c048d62,Democratic PM eat meeting drop.,walker-mills.org,Sales,5864,no,no,mobile,Firefox,2025-02-08T20:31:40,378,"76.763364,-21.102834",Spanish
18dfabe4-d2b7-42e5-aea4-fe1ddeb42da1,Education candidate paper.,gregory.biz,HR,6513,yes,no,desktop,Edge,2025-01-10T18:23:37,476,"21.9821825,172.317090",Chinese
7d906f69-1a66-4316-aa0d-b829a701a75d,Successful effort son down also.,vega-howe.com,Marketing,1724,no,yes,mobile,Firefox,2025-03-01T00:47:41,298,"77.8113735,8.445017",Spanish
d96bdf0f-84aa-43e5-8c4a-813df7e2c306,Food second even at far practice garden.,brady-ferguson.com,IT,5463,no,yes,mobile,Opera,2025-01-12T10:07:50,24,"-86.122905,-132.627040",Spanish
62de046d-fc49-48ad-8ec3-bf1699d89b83,Word together create mission practice share.,martinez.info,Finance,6030,no,no,mobile,Opera,2025-01-16T03:23:04,172,"-89.3698625,52.750162",Spanish
b01027ac-3379-4f66-bb84-d058692dc76c,Someone seven note little product address magazine somebody.,collins-reyes.biz,Sales,937,yes,yes,desktop,Firefox,2025-01-22T02:32:35,299,"-11.179319,172.149738",French
eaa18123-6b67-4fc1-be04-20004c7b4138,Will stay work capital there under.,clark.biz,Marketing,3461,yes,yes,desktop,Safari,2025-03-29T21:55:26,132,"46.912952,47.729073",German
312b23b5-90d5-4889-9ead-8b96cde3a625,Generation article them guess community radio.,gonzalez.net,Marketing,5076,yes,yes,mobile,Safari,2025-02-15T10:13:41,543,"21.788162,59.693799",Chinese
f5caf093-2001-426f-873f-82597c35dcd7,Happen central within.,hernandez.com,Operations,8029,no,no,desktop,Firefox,2025-01-21T02:31:58,490,"-55.107142,13.666826",English
79b94343-8e22-4442-b493-1f5124c9b745,Test member theory describe.,murphy.com,HR,2772,yes,yes,mobile,Edge,2025-01-22T07:21:44,293,"-5.2349615,124.665495",Spanish
2f419e1a-0fd4-4135-b005-f00798f63685,Trial difficult without car garden.,ingram.com,HR,6614,no,yes,desktop,Chrome,2025-02-01T09:41:03,197,"55.3603895,139.642887",French
839649e8-5af7-4168-b433-66af170ddec9,At room team ahead teach like.,smith.com,Marketing,8746,no,no,mobile,Safari,2025-01-01T20:09:34,407,"33.559571,-95.364237",French
05cf9ae9-7353-4c84-b1ad-69ceca4563dd,Police medical church sell inside audience.,george.com,Sales,5349,no,no,desktop,Safari,2025-01-01T13:47:19,594,"75.598512,30.749350",German
cda80aa4-6c49-456c-9a86-b6437992e938,Get threat gun against three consider.,garcia.info,Operations,905,no,no,mobile,Edge,2025-03-11T00:23:12,57,"-1.2115325,82.226229",Spanish
a90c9a9a-b060-454f-82e9-e78f7e15fa32,Reveal suggest continue course first friend discover government.,gonzalez.com,Finance,2707,no,yes,mobile,Edge,2025-02-05T08:46:58,569,"-32.7472745,-5.340935",German
8a4a1a13-08f5-487b-841e-4d354ab91994,Time story data to truth however easy beautiful.,mckinney.biz,Marketing,1493,yes,yes,desktop,Firefox,2025-03-09T03:40:25,28,"-54.9888795,174.372794",Chinese
f4ae96bc-511c-49c2-aa38-c7260a0163a2,Including peace feel final.,mcguire.com,Marketing,2576,yes,yes,desktop,Opera,2025-01-08T02:19:13,302,"11.773421,40.355153",Spanish
3b19db40-86e3-4939-a534-13cbe0d8ebe0,Social word quickly economic bring forward.,hernandez.com,Sales,8305,yes,no,mobile,Safari,2025-02-26T19:13:36,476,"-17.0777405,-117.204882",Japanese
915a3f2d-04e9-4046-a490-c7182544ed9a,Another loss art ask game long she.,cooley-brown.com,Sales,8859,yes,yes,mobile,Edge,2025-01-16T18:16:19,110,"-34.927604,86.222717",Chinese
f4c12725-ff9f-47e8-b1ed-eccd9039fbb4,Space oil charge effort.,edwards.com,Sales,4525,yes,yes,mobile,Edge,2025-03-31T05:23:48,15,"-22.3063855,99.210507",French
f88d749e-98b2-4c57-b05e-cdb741101936,Major sound spring court.,russell.info,Operations,762,yes,yes,desktop,Chrome,2025-01-18T16:02:20,360,"-9.869913,-115.975271",French
c082006a-9a16-4a67-bb59-958d4af4e87c,Sound he short notice avoid.,davis-oneill.com,Marketing,2934,yes,no,desktop,Edge,2025-02-27T20:58:44,455,"-67.0967645,51.156383",Japanese
fca44a57-7f15-4481-89e8-558bc36c0475,Get gas region similar front under present book.,schaefer-brown.net,IT,9158,yes,no,desktop,Firefox,2025-01-20T21:52:48,462,"-75.5332755,-8.722202",Japanese
cd0e503c-2d3d-4574-9b33-819dbb0365a7,Side garden far fish human.,smith.net,HR,1753,no,no,mobile,Edge,2025-04-03T05:33:49,386,"-76.787833,-159.976682",French
2d356acb-3202-469f-923f-1ad55dcb83ad,Book reality rise scientist once.,coleman.net,Operations,8208,yes,yes,mobile,Edge,2025-04-04T00:42:05,552,"-8.8137935,-150.226225",English
881fd970-f62f-4c5b-bd5e-aa584815a92c,Different seek about those.,gibson.com,Operations,9077,yes,yes,desktop,Chrome,2025-02-22T12:24:05,213,"-43.804873,-24.631831",Chinese
5e79804c-2ed5-4779-8c42-eafffe688cf1,Bed town participant mention.,thomas.com,Sales,2191,no,yes,desktop,Opera,2025-01-29T01:29:33,534,"-52.088795,-33.736232",Spanish
7e836b43-3c20-48b0-8493-3bf05cb78e5c,Head guess argue watch.,escobar.info,IT,9216,yes,no,mobile,Safari,2025-01-21T06:07:50,516,"-88.116453,-159.329576",Chinese
23cb6533-7443-461e-9d0a-2d56255e71ff,Medical human great.,decker-turner.com,IT,2396,no,no,desktop,Safari,2025-01-06T00:12:21,113,"-53.343142,83.387962",English
296ff21a-b9b9-4dd6-92b6-6b578763dfe3,Pay worker save individual my amount structure over.,fuller.com,Operations,8894,no,no,desktop,Safari,2025-02-05T23:09:30,405,"-13.376332,43.196392",French
d931763e-f5a9-4bee-be06-d518568acf19,Employee politics board account style.,simpson.com,IT,6967,yes,yes,desktop,Safari,2025-02-16T12:15:52,125,"58.597996,-50.662578",French
6e05aef9-cd2f-4f8f-9279-3d987071ed6c,Machine hotel real fact build.,hendricks.net,HR,9986,no,yes,mobile,Edge,2025-03-20T01:19:46,49,"-68.897409,172.555605",French
7fca548e-0cf0-4960-9f9f-38b6b776d4c9,Soldier plan as.,rasmussen.info,HR,3044,yes,no,desktop,Edge,2025-03-23T06:46:43,284,"-78.852096,-79.962761",Chinese
d6b02181-48fb-4c77-8d0c-af27262e0b45,Change but performance another employee.,smith.com,Operations,9766,yes,no,desktop,Firefox,2025-02-03T11:42:42,449,"48.619473,-75.773217",Chinese
913e8a2d-704a-4fbf-a0e5-a0ac09ebafbf,Possible guess him several great check analysis.,hunter-blackburn.com,HR,8255,yes,no,mobile,Opera,2025-02-16T10:22:33,378,"14.763968,-11.191107",German
2afb3f79-a395-4ead-ac1f-afeaddb48289,Indeed space present somebody.,ryan.com,Marketing,2016,yes,no,mobile,Opera,2025-02-09T00:07:51,426,"53.5417435,-136.938658",English
7bd9f082-ee2e-4b8e-aa10-75b609ce6d68,Institution blue drop across.,garza.net,Marketing,1148,yes,yes,desktop,Edge,2025-02-10T02:28:41,53,"-54.8000625,-159.035182",Japanese
85db313f-8f8b-48cc-b3c8-170a00f478c8,Trial news than check quality wear less.,horn-olson.biz,Finance,1691,no,yes,mobile,Firefox,2025-01-17T04:07:31,129,"-39.114203,-31.128486",Spanish
c934d377-9696-4a7b-aebb-569a37efc11e,Seven yet consider each with claim paper various.,rhodes.com,Sales,3209,yes,no,desktop,Opera,2025-02-26T00:45:12,245,"69.9754515,-133.037108",Japanese
5fcae336-3be5-4b09-a301-1bfec4078893,Life own democratic near ask whatever partner.,hopkins-jimenez.biz,Finance,7197,yes,no,mobile,Chrome,2025-03-06T23:04:28,273,"-60.9767065,99.477614",Spanish
2eececfe-61e3-45c2-9250-a4519b3b3838,Value laugh their commercial popular also source.,stephenson.com,Operations,1905,yes,yes,mobile,Edge,2025-03-22T11:01:05,587,"81.5542045,-4.672189",Chinese
08509af3-a359-407a-abfe-8d3b670bb891,Industry major owner then suddenly account.,griffith.com,HR,4700,yes,yes,desktop,Opera,2025-01-17T01:42:02,23,"0.322338,68.263757",Spanish
149527ef-1c9c-4399-b7cb-5cc156eaeeb0,Occur family effect week serious.,arnold.org,Finance,9366,no,yes,desktop,Opera,2025-03-31T00:18:22,492,"-23.775935,-175.324450",English
1f92eb8f-edb9-492e-ac4f-f580036981ec,Citizen heavy certainly leg recent ever.,cook-bonilla.com,Marketing,4266,no,yes,mobile,Firefox,2025-03-14T06:49:11,190,"-73.840958,-99.930507",Spanish
679c0db9-ba9a-4953-b45a-0802f4ceb970,Wife product magazine finish effect.,morrison-gonzalez.com,Sales,6160,no,yes,mobile,Edge,2025-02-10T06:52:37,485,"-47.171997,-107.296823",Japanese
257a584a-aed0-4322-bbcf-cb50f0596b80,Attention country understand level plant western career.,franco.info,IT,6050,no,no,desktop,Edge,2025-03-09T05:54:03,456,"79.4787665,175.977519",Chinese
0835bba9-5112-479a-b1b5-9b361cb028b0,Organization every adult focus though last product seat.,taylor-hall.biz,Sales,1191,no,no,mobile,Firefox,2025-03-14T22:00:11,343,"-57.625666,-96.979465",Chinese
bb190a0a-be76-4173-863e-0ff1aa9d578d,Nation quite American eight bed.,bailey.com,HR,2480,yes,no,mobile,Firefox,2025-03-28T00:53:36,569,"-32.8220135,170.571525",Japanese
f7b0ecaf-ec5d-4c96-8413-d8aba946f2c5,Job measure board stuff knowledge.,williamson-small.biz,Sales,6530,no,yes,desktop,Opera,2025-02-25T17:03:52,354,"25.4065555,-153.398855",Japanese
472686aa-3773-4685-b62f-c07192f508ec,Our yes security itself.,wilson.com,Marketing,6432,no,yes,desktop,Opera,2025-01-10T19:11:46,530,"40.2031615,127.443137",French
8fa5be05-ee99-4d83-9572-b66d2198471d,Both interest field research method.,lambert-berry.com,HR,8530,yes,yes,desktop,Edge,2025-02-11T02:53:23,386,"-23.6273525,88.423747",Spanish
77f9adc7-e8a9-4acc-b8f6-70497dd14534,Mean capital full describe sign author thing.,cruz-boyd.com,HR,6945,yes,yes,mobile,Firefox,2025-01-05T04:41:15,247,"16.926502,-118.547796",English
6bd4b404-5ff4-4808-bfbe-0bd0f319e836,Participant once management interest away between fear any.,richardson-williamson.info,IT,6840,no,yes,desktop,Safari,2025-03-12T07:43:24,174,"-13.110961,1.236583",German
906ed617-d94e-4d21-b975-baeec1504cb0,Smile officer letter suddenly four run office.,sullivan-burgess.com,HR,2904,yes,yes,desktop,Chrome,2025-01-29T05:15:30,64,"-45.3223965,-35.164029",Spanish
dce1bcf6-a672-400c-a1ae-244e7c3a4f62,Today page financial area such second something wonder.,williams-nelson.com,Sales,954,no,no,desktop,Opera,2025-02-11T03:35:39,485,"-23.6179915,77.253993",Chinese
ff4c66a6-3293-4b69-b4a7-d15c42e3b712,Teacher certain special pass.,smith.com,IT,5803,no,no,mobile,Chrome,2025-01-18T19:26:53,561,"-76.3682915,-49.115767",German
804c9ee8-060e-4451-abd9-ecf2e0d31d53,Quality sing short your significant.,coleman.org,Operations,3732,no,yes,desktop,Chrome,2025-02-15T00:49:41,277,"-44.105847,-82.445764",English
b8c0874a-e7ab-4d91-b967-aa624f0dd39b,General line matter relationship fly.,randall.com,IT,5162,yes,no,desktop,Edge,2025-02-12T15:01:16,184,"-42.594380,72.797679",French
5c316b83-d0ac-4415-8ce3-bf83e2898efe,A past voice nation.,cox.com,Finance,7390,yes,yes,desktop,Safari,2025-02-09T16:24:38,271,"66.5363375,-60.857568",English
67536152-cdea-4571-889d-2bd8bd72a226,Man rather authority religious section could.,allen.biz,HR,6054,yes,yes,desktop,Chrome,2025-04-02T06:14:24,468,"-71.2427755,-8.501414",Chinese
e5dd4cf1-ad70-48cb-9ad0-5e6c43aa96af,Course rule administration media process check become child.,hamilton-williams.org,IT,5435,yes,no,mobile,Opera,2025-02-19T13:07:21,383,"28.334466,23.268261",French
379da606-78cd-4e7e-b742-45e722d6f04e,See for recently artist head.,trujillo.com,Sales,3545,no,yes,desktop,Edge,2025-03-01T14:39:17,462,"26.6948065,-20.504005",Spanish
3cd37eba-e0f7-49e2-9aae-e89bcb1c5e73,Analysis remember manage Mr student rock table.,ortiz.com,Operations,538,no,no,mobile,Chrome,2025-04-03T14:49:46,342,"63.602560,44.686113",Spanish
de3a83f0-b829-41f1-880e-ccba32214f01,Sense after lay hotel career much do.,glenn.com,Marketing,4456,no,yes,desktop,Opera,2025-02-01T06:09:08,445,"63.331722,-161.605865",French
c75cd11d-a6df-4592-9d5f-e1202eda63c8,Own wind quite difference.,moore.com,HR,3993,no,yes,mobile,Firefox,2025-02-27T09:49:48,354,"8.303575,151.128994",Spanish
e9ad2b39-58aa-4f84-b603-0a1d7841306a,Me standard image yourself.,lee.com,HR,8253,no,yes,desktop,Edge,2025-02-01T12:11:34,546,"-82.9105125,-99.260739",Japanese
463e3100-1d06-475a-8126-1852a99ece37,Education law home family.,reyes.net,Marketing,943,no,yes,mobile,Opera,2025-01-11T19:04:13,386,"-57.322959,141.182754",French
60ca85c7-8792-4ff9-add6-044ed5b9e49a,Message front herself six notice relate.,smith-house.biz,HR,8772,yes,yes,desktop,Opera,2025-02-25T15:20:27,312,"-9.886507,32.574846",Japanese
82296ccb-2f10-4228-9294-5c3816c741a3,Draw continue style whom guess international.,velasquez.info,IT,9878,no,no,mobile,Opera,2025-01-16T12:14:26,283,"71.765130,-16.477265",Japanese
c802e5c7-308b-4227-b44c-ffb94bc4b69c,Last skill consider.,harris-johnson.info,Finance,3498,no,no,mobile,Opera,2025-03-28T19:26:52,430,"-49.5312945,107.756976",German
c335d7ca-b2cc-489b-82a1-fe0308e912a7,Teach lose growth chance.,rodriguez-owens.com,Operations,8587,no,no,mobile,Chrome,2025-01-06T19:50:54,389,"59.3747135,-133.048243",Japanese
c7ec359b-d158-4417-8857-2f0acb97fd14,Lose bad once four.,hicks-greene.biz,Operations,7399,yes,yes,desktop,Edge,2025-02-01T13:21:55,240,"-71.2245695,134.940455",German
5310d996-5225-4333-8f0b-d4b49bc42f20,Especially turn specific although sound young.,williams.com,Finance,2285,yes,yes,mobile,Opera,2025-02-07T15:35:52,584,"-16.223675,169.325502",Chinese
6a80900e-f306-42fc-859f-32ea26cf5b21,Teach what simply service use.,riley.com,Marketing,5515,no,yes,desktop,Firefox,2025-01-13T06:55:47,294,"5.695350,86.822638",English
681b4ff8-d73c-427f-9e58-81e80e65a9db,Others apply spend focus foot both their cut.,duffy.com,Marketing,7696,no,yes,desktop,Chrome,2025-03-17T08:10:21,324,"-26.4633875,104.732258",Spanish
f396d637-d6d7-4b8e-af42-5b700367baad,Paper product air.,morris.com,Operations,1224,no,yes,desktop,Opera,2025-03-24T02:30:55,322,"12.9238125,-65.382776",Chinese
bd6fbac0-31f4-41fe-930e-b1319ebd0af2,Skill general law this choose.,thomas.com,Marketing,7241,yes,yes,mobile,Opera,2025-01-15T19:06:55,384,"-60.6972025,-52.142405",German
c5a69284-382b-4732-8c27-cccd30237c7d,Out even simply be.,paul-wiley.org,Sales,572,no,yes,desktop,Opera,2025-01-15T19:16:02,18,"-54.4347875,-28.820477",Japanese
7fc54d5d-accf-4456-b31a-ab71593178b3,With drop finish explain staff.,potter.com,Finance,8852,yes,no,mobile,Edge,2025-02-07T07:44:59,182,"25.631529,-179.887058",French
d0988b97-7d39-4715-93f9-f1bedea0d456,Family control step eight only claim.,williams.com,HR,4185,no,no,desktop,Chrome,2025-03-14T12:03:42,376,"-35.355329,-82.553213",German
33df6a4b-d615-4ad6-a057-b578c160c044,Computer city need bad customer course back.,wise-christian.org,IT,6595,yes,no,desktop,Chrome,2025-03-03T16:48:40,377,"-42.035356,-158.427175",German
e3ea2115-1212-458e-9d08-259c72d0f766,Good high history effort.,bowers.net,Finance,3004,no,no,desktop,Opera,2025-03-25T16:46:12,180,"-67.434856,26.887489",French
9983d4a9-70d3-4d66-8d17-751f58c394ca,Character financial give example stand.,gordon.info,Marketing,7780,no,yes,mobile,Safari,2025-03-07T13:39:15,91,"-87.4265415,176.768778",English
6686a713-9884-4a4c-92e4-26c0b75df10a,Short control benefit camera now season.,matthews.net,Sales,2669,yes,yes,desktop,Chrome,2025-03-18T20:55:31,309,"35.612943,124.575708",Japanese
ab9a0b3f-d926-403a-b8cb-0426d4f4dba9,Key check loss.,crosby-wood.org,Sales,6133,no,no,desktop,Firefox,2025-03-20T20:14:06,449,"-69.9439965,-47.987479",English
2e33cf81-6066-410f-a64a-945c4561a4cc,Number value author different.,curtis-stuart.net,Operations,1314,no,yes,desktop,Firefox,2025-03-23T19:53:10,307,"79.0669995,75.828021",Spanish
f2d4bf81-9c54-48b6-9879-98883346c1a0,Think police person responsibility rule around kitchen.,kelly.com,Operations,3787,no,yes,mobile,Safari,2025-01-16T05:59:04,58,"85.0858805,-0.692956",Japanese
ec0612cc-433f-491a-b0c6-d1e0813f7143,Bed Democrat public general management.,choi-matthews.com,Operations,1959,no,yes,desktop,Firefox,2025-01-06T21:34:46,235,"30.6518275,124.844189",French
abce539d-a180-4b38-a264-a9966480eea8,Worker man industry democratic whose special old.,white.net,Operations,7944,yes,no,mobile,Chrome,2025-01-11T03:56:54,222,"15.027918,40.478509",Spanish
b275e9dd-c1bb-4820-a2cc-607495fe7e1e,Organization church movement artist cup economy other.,jones-wallace.com,HR,806,yes,yes,desktop,Firefox,2025-02-14T18:32:47,184,"7.4217465,-175.543785",French
ad760dff-11ac-4320-904a-69b8cf9c5763,Such goal someone year song table.,davis-chapman.com,IT,5693,no,no,mobile,Safari,2025-01-06T06:45:10,84,"61.5647935,52.185358",German
2e6d7c6f-faaf-404c-8789-6ce0699deaac,Level authority almost long.,reyes.com,Marketing,4570,no,yes,mobile,Chrome,2025-02-16T19:20:22,152,"-17.8361045,164.440963",Japanese
ce1ebeaf-c745-4d5c-aac0-d4c5ca396684,Even behind travel put true big.,webb.com,Finance,2682,yes,no,desktop,Chrome,2025-03-19T16:15:23,107,"-83.2279855,-133.171672",Spanish
f7010943-32c8-42d6-84f8-b2d9548f8ddc,Month when season campaign walk.,moreno-johnson.info,Marketing,1132,no,no,desktop,Edge,2025-02-04T08:20:06,407,"58.892575,174.143726",French
ad49fabc-d37b-4886-b732-51e6873a6c21,Character focus dark use thought its simple him.,rojas-king.org,Operations,1736,yes,yes,mobile,Safari,2025-01-04T22:21:56,365,"29.641815,166.124168",German
ea476629-df15-4e77-b8fc-cb9cd9ea8c67,No friend beat end.,carter.com,HR,9029,no,yes,desktop,Edge,2025-03-04T14:59:09,492,"75.7778515,121.436813",Spanish
a97835b9-7ee0-40c0-9879-1b551a5d4823,Page expert suddenly hospital skill economic box.,hopkins.com,Marketing,9881,no,no,mobile,Firefox,2025-01-10T22:18:23,505,"-23.4079905,132.484548",Chinese
5b2e7b68-02d9-4a93-9506-5f8da1df6345,Would fight our realize brother.,dominguez.com,Finance,6387,yes,yes,mobile,Safari,2025-01-29T00:01:36,129,"-15.796423,-102.055246",German
ed958442-325f-45f9-b2fb-19a248eeb81c,Down thus surface brother on wear ground.,henson.info,Marketing,5566,yes,yes,desktop,Opera,2025-03-25T05:43:13,171,"-23.555355,-96.725386",Spanish
24b5ab24-4fc3-4d36-b18d-6b9607aba9c9,Term pressure race another.,larsen.org,Operations,5724,no,no,mobile,Chrome,2025-03-03T12:40:10,158,"-47.1673065,-114.661548",Chinese
9e6d4096-959d-40bd-a9db-ca329223f599,Book white impact often protect almost its father.,kelley.com,HR,7080,no,yes,desktop,Opera,2025-03-06T21:14:00,82,"19.1186485,160.406980",German
d2b37458-b346-4807-a239-1148caa25f31,Might less teach act probably both.,robinson.com,HR,7140,yes,yes,mobile,Firefox,2025-01-29T17:35:49,482,"41.716127,120.878282",Japanese
8e88344e-0b7b-4a25-9cf3-1bafbe1502b0,Remain home go less you as.,ortiz.com,Sales,7226,no,yes,mobile,Edge,2025-03-26T14:08:30,562,"-81.0877175,20.752606",German
6e08b40b-a906-4dfd-9f6a-2631750cf3f5,Do own part word.,rogers.info,Operations,876,yes,yes,desktop,Firefox,2025-03-27T10:56:53,537,"75.0399875,176.290946",French
b306233b-b05a-4932-af2e-1282092f22cf,Mouth whose organization western.,howard.com,IT,2722,no,no,mobile,Edge,2025-01-04T18:30:33,410,"76.465110,-12.463053",Japanese
804b7111-f2c5-42a8-abd4-c5e6e61a0503,Rise land voice situation generation focus.,lopez-adkins.com,HR,2688,no,no,desktop,Opera,2025-03-01T02:46:47,420,"38.6098975,5.960277",German
88f87313-308e-42ce-8f7e-ca76106197ca,Much safe nor your card including.,haley-williamson.com,Sales,2265,yes,yes,desktop,Edge,2025-02-17T02:30:02,182,"-42.7232405,79.102749",Chinese
1f546480-c0ae-438a-94ff-d605dd017b16,Myself president spend.,powell.net,Sales,5996,yes,yes,desktop,Safari,2025-03-29T02:16:28,285,"-75.460347,69.979749",Japanese
922060d3-f270-42cd-8ebe-c68109eb0004,Free property picture need.,turner.net,HR,3902,yes,no,mobile,Firefox,2025-01-17T08:37:12,444,"-11.1192725,96.793691",English
8cda667e-a75a-4db3-9397-6a2dbab89774,Wind center medical system magazine lead.,martin.com,Marketing,5227,yes,no,mobile,Opera,2025-03-14T02:45:55,124,"26.1211485,65.838872",German
da915f66-9eca-4c03-b269-a50a392bf520,Skin somebody position charge.,payne.info,Sales,4693,no,no,desktop,Safari,2025-03-10T16:17:26,448,"41.777369,-64.582928",French
2e59ce2d-910d-4551-a296-0eca7961061a,Good industry series energy.,ramos-moreno.info,IT,5544,yes,yes,desktop,Edge,2025-01-06T11:11:14,403,"-83.8299315,-112.639608",French
57b8162d-5b4c-444c-91f5-646b7eb16f6a,Power develop with successful authority contain weight.,white-parker.com,Sales,8733,yes,yes,desktop,Edge,2025-03-16T00:52:51,158,"70.1338065,-94.653786",Japanese
cb295fa1-aac9-45b6-8cb2-49a61dcf71aa,Sport edge care property agent she certainly watch.,mason.com,Marketing,2507,yes,no,desktop,Edge,2025-01-09T06:17:31,447,"31.5209165,-64.244488",Japanese
64d9de55-f26f-4c55-a1bc-795535371022,Magazine later alone everything group account.,russo.com,Marketing,2494,yes,no,desktop,Edge,2025-03-06T19:12:28,148,"-35.067139,66.408527",Japanese
fb0e1ffb-fe7c-448c-9de0-fb01b13b7828,Why hair exactly member capital second work.,carter-kennedy.net,Finance,3708,no,yes,desktop,Firefox,2025-03-27T15:15:47,370,"-23.3190155,179.488173",French
cd0da48f-1faa-4741-bdd2-a46ce4ec875f,Something ever week.,ward.com,Finance,8719,no,yes,mobile,Chrome,2025-02-20T17:28:56,280,"-32.3471125,78.221075",Japanese
eae58209-4721-4382-96d5-755c04ad38e2,Push perhaps these if seat serve.,alexander-sandoval.com,Marketing,6931,no,yes,mobile,Edge,2025-03-23T17:16:26,569,"-66.7150105,-5.347456",English
03469c43-3c1c-4316-a5b1-0308d3fa51b7,Since top idea manage significant each season.,silva.com,Marketing,4287,no,no,mobile,Chrome,2025-03-06T19:20:36,429,"23.758639,99.575687",French
c7346cb6-ae64-4760-ab2b-d5c864410b83,Write decade trial walk.,martinez.com,HR,9955,no,no,desktop,Edge,2025-03-25T20:30:26,354,"74.7531205,153.573745",English
35bbc641-d22b-4ccb-8e8c-8573850558aa,Analysis reason part hear nor however our.,owens.com,HR,3855,no,no,mobile,Firefox,2025-03-27T01:25:27,446,"40.976912,83.571884",Japanese
1167249b-1fa2-4747-91d0-157a4a1a05a6,End class push station PM.,jordan.net,Marketing,9555,no,yes,desktop,Chrome,2025-01-09T23:07:28,231,"-5.457878,128.765128",Spanish
63f901be-5c19-426b-9166-110ea801cf5d,Hit join south with hair.,brown.com,Sales,2568,yes,yes,mobile,Edge,2025-01-18T05:18:30,325,"-80.636631,-140.655637",German
fb8bf9ea-f396-4457-b2a6-52f7437633a4,Feel support size bring.,roman.com,Finance,4782,yes,no,desktop,Safari,2025-01-24T23:51:33,33,"20.7133665,99.720928",Spanish
5df78bd9-38e2-4b6a-b063-e4acc5319fd2,Religious light a stand.,martin.com,Marketing,2584,yes,yes,mobile,Chrome,2025-02-11T13:06:40,506,"89.3214995,58.383315",French
351a3d8d-6c43-493e-9051-8797cdd96490,Everything second writer.,robinson.info,Sales,1055,yes,no,desktop,Safari,2025-01-22T08:08:46,390,"-37.438090,159.573296",French
910c775c-c732-40d6-81bf-25aa52cacca7,Rate by administration occur attention company vote.,ellis-mcdaniel.com,Finance,1290,yes,no,mobile,Safari,2025-01-26T01:38:38,405,"71.951328,106.587908",English
078cb7ef-b7f7-49b7-936b-6d31d35e7c44,Two quite here.,garza.com,HR,3302,no,yes,mobile,Edge,2025-03-20T13:15:34,506,"-39.740258,-96.866919",Japanese
f9529121-1ef0-453e-96fe-2493c60478fd,Rise stock hospital necessary feel wonder first help.,coffey.com,HR,5209,no,yes,mobile,Opera,2025-03-14T21:53:53,453,"-59.193370,-149.558385",German
82f4c45d-8bff-4fa7-ac12-a3812f7b36b1,Environmental support analysis thousand month then have suffer.,smith.com,Finance,2151,yes,yes,desktop,Safari,2025-03-02T04:03:34,39,"14.734165,-160.046856",French
b197cac3-30c7-453c-8c24-cfdba47b9c6d,Run structure memory measure though.,santos.com,Marketing,2762,no,yes,desktop,Edge,2025-01-29T21:29:52,527,"82.600058,178.770959",German
d3f82dda-5331-4f72-ab81-adf9e4492055,Business despite alone interview interview trial.,garza.net,IT,2428,no,no,mobile,Safari,2025-02-05T19:53:14,452,"33.215279,165.717371",Japanese
9cd0c380-5690-413c-8b57-deb7bd09f396,See film apply ready data writer.,duran.biz,IT,8948,no,no,desktop,Firefox,2025-03-25T05:43:05,523,"26.7674425,106.015198",Spanish
f335f64d-6278-4466-bf78-68dc6bf710e6,Successful indicate rich pressure.,wright.com,Operations,9924,yes,yes,mobile,Edge,2025-02-03T12:25:08,353,"78.8307465,-145.648601",French
3a1996d2-1064-473c-b351-a6ec646a8b0b,Service interview important write leg.,ballard.com,HR,4525,yes,yes,mobile,Chrome,2025-03-15T17:26:14,308,"76.636336,166.536644",Spanish
0122ded4-8b2d-4952-9a7f-a205e9e33f4e,Happy success face smile despite.,joseph.info,HR,922,yes,yes,desktop,Firefox,2025-01-09T18:03:51,364,"-70.7239965,-23.642875",Spanish
e9c898bd-cedf-4ca5-9f6c-5a5351383ac7,Story should TV assume face.,perez-reid.biz,Finance,5016,no,no,mobile,Chrome,2025-01-02T05:19:25,425,"-65.2162975,170.371705",Japanese
d5640c47-dd6e-4292-851f-2dfaf040a27e,Return tonight she room development enough.,george.com,Finance,1298,no,yes,desktop,Chrome,2025-03-27T10:48:38,512,"-82.6861115,107.860264",Spanish
b2f3082b-bfe0-4a49-95a8-22b0125404c0,Group that subject along doctor discover society.,roach-myers.info,IT,5718,no,no,mobile,Safari,2025-01-15T13:52:15,95,"-66.904881,-39.145803",English
f6d5b5bc-54c5-4c80-87e9-c0af58ecfb8e,Energy power whole director.,yu.com,HR,2984,no,yes,desktop,Safari,2025-03-06T10:10:05,190,"61.5690495,-35.452074",Japanese
82165614-f9f1-4512-8b08-78a07830c378,High stage positive perform American allow significant author.,gonzalez-turner.com,IT,9920,yes,yes,desktop,Firefox,2025-03-30T21:37:38,591,"3.3037805,30.325788",Chinese
9e16272f-66c7-4fa7-815d-dfd30beca5b8,Car participant wind human mother.,daniels.com,Marketing,1848,yes,no,mobile,Chrome,2025-02-11T15:02:05,76,"-62.491259,-139.074539",Japanese
17ef12ec-5d3e-4f56-9422-fd2caa0cdccf,Pass reason method table both.,lopez-boone.net,Operations,5438,no,yes,desktop,Firefox,2025-01-07T04:56:37,503,"15.130106,-139.257132",Spanish
f2983f48-13a3-4b0c-895d-b3bc72df9d8f,Campaign together we product something husband cup.,barnett.com,Sales,3019,no,yes,mobile,Safari,2025-01-12T04:50:39,253,"-26.3303025,-84.138514",German
977a369e-9282-46cf-aa3f-08af51926425,Hospital technology behind moment join.,perez-davis.com,Marketing,1170,no,no,mobile,Firefox,2025-01-09T08:06:19,169,"82.1262395,128.953668",German
094ee9df-6d83-4bd5-8547-699d6a68d795,Box drug sure determine sing simple.,reese.org,Sales,1013,yes,no,mobile,Chrome,2025-03-27T04:57:11,487,"-16.8070145,15.043853",Spanish
84a47085-605b-4c0f-a79b-51e1be537905,Which before somebody.,jordan.org,Marketing,7634,yes,no,mobile,Safari,2025-02-03T15:43:05,122,"10.390663,46.385540",German
e07e2468-87ee-4494-9078-13c81e6e181b,Feeling everyone play shake study knowledge say.,martinez.com,HR,4857,no,yes,mobile,Firefox,2025-01-21T15:13:51,106,"21.303573,-95.226194",German
6ce4a671-a9e3-4af6-9abf-c24c5e6e6ad4,Rich write reveal answer book talk speech.,morris.com,IT,1030,yes,no,desktop,Chrome,2025-02-21T23:42:47,337,"-53.629828,48.344274",German
0bb9a5f3-d6d5-4d11-8b1a-2dff685bcb4f,Nearly official example case wind will.,richards.com,IT,4705,yes,yes,mobile,Opera,2025-03-28T12:41:18,405,"4.880108,0.709416",Spanish
c546069f-0e8a-4671-a2b5-c2d0eb056107,Nature bar commercial partner design.,walsh-maldonado.info,Operations,647,yes,no,desktop,Edge,2025-03-10T12:59:19,110,"-78.708938,-24.471222",Japanese
2ae68a46-759e-4796-be9b-e4871ea2ed7e,Early media site week fish.,aguilar.com,Marketing,9735,no,yes,mobile,Opera,2025-02-02T17:07:51,519,"-71.9471815,-88.859866",English
7582f9a7-ebb1-4ede-bc77-7ac74a20dc8c,Then college wear recently anyone.,rhodes-gill.com,Operations,9111,yes,yes,mobile,Chrome,2025-01-05T06:37:06,77,"0.7407765,-62.246988",Spanish
02f7a32e-9d24-4198-b1f6-d3cc02f0eec8,Traditional left sound.,roberts.com,Marketing,4616,yes,no,desktop,Opera,2025-01-04T21:04:16,509,"43.339679,-9.231833",English
d4591a61-63c4-4ec7-b32d-2bd10e18ed0d,Now responsibility local understand bill.,santiago.com,Marketing,3411,no,no,mobile,Firefox,2025-02-11T08:28:25,71,"-60.1519205,-174.286122",French
1290484e-f678-4679-b1c3-47d954958874,Raise sure house.,burton.com,IT,4950,no,no,mobile,Edge,2025-02-18T12:58:26,98,"-16.400162,56.076452",Chinese
f14b02af-c8cd-4e41-b54d-0ba952c6b229,Perform push almost citizen senior others.,thomas.com,Marketing,2191,no,no,mobile,Firefox,2025-03-11T16:04:20,414,"-57.984728,11.764857",French
a6fc3e3e-b57b-491c-bbd2-a4b1360edcac,Else alone crime under economy woman news.,hall-morris.biz,HR,1524,no,no,desktop,Chrome,2025-01-22T12:29:44,584,"18.2080745,-25.809991",Japanese
113f75f6-bb0c-4aff-91e7-027ed2d52433,Look feel drive poor case media.,ortega.com,Finance,7617,yes,no,desktop,Opera,2025-03-07T22:50:55,334,"-20.225414,-139.586753",French
b60abb31-d632-4dde-a11c-eda412d8dd38,Protect ok network economic something color.,smith.com,Marketing,4600,no,no,mobile,Firefox,2025-01-03T15:35:54,436,"-6.2867715,35.185456",Chinese
7a0b195d-3db3-4706-990a-c11dd12d637a,Put method smile art.,green.com,IT,5074,no,no,desktop,Firefox,2025-03-08T11:29:54,64,"65.965204,60.358927",Chinese
cf78dc62-d462-4e62-a502-70a2eb13b7c5,For late several account appear weight.,beck.com,Marketing,4555,yes,no,desktop,Edge,2025-03-05T19:18:18,235,"21.731695,110.881568",English
4d2faef7-1605-44cc-902a-a1f6bd32de2e,Animal fly too test attention high environment.,simmons-robinson.com,Finance,2916,yes,yes,mobile,Firefox,2025-02-03T02:21:43,538,"-70.670889,121.479675",Japanese
f3c72c9b-cebb-4ea8-9d4b-507b30f0e7f2,Step end good herself.,lewis.org,IT,9956,no,yes,mobile,Chrome,2025-02-26T08:46:14,115,"44.4233655,18.385683",Chinese
202e1813-9198-44c6-b5c7-bf2428081ba2,Summer generation though between since forward performance.,hill.com,Finance,1070,no,yes,mobile,Safari,2025-03-19T23:31:09,118,"-41.599123,-109.763662",Japanese
4a957a72-6892-4662-8a29-171178cae1d0,Hair commercial provide.,nguyen-burton.com,Marketing,3605,yes,yes,mobile,Firefox,2025-01-22T11:06:02,139,"21.0951915,-51.505698",French
fe09b23d-9ec1-43ae-854a-06203a6514bb,Continue commercial whose both.,jackson.com,Sales,8954,no,yes,desktop,Firefox,2025-02-18T09:25:56,130,"34.148074,-171.357338",French
339e03e6-05e6-45eb-b8b9-fb7848f6fad2,Reflect realize small everyone.,quinn.net,Sales,9257,no,yes,mobile,Opera,2025-02-27T06:18:07,363,"12.6100955,37.084696",English
3962d99b-54ba-4030-8b31-ff0459fd01b7,Writer thus draw safe build authority foot.,mahoney.net,Operations,1917,yes,no,desktop,Chrome,2025-02-18T09:52:13,381,"-13.092254,57.459310",Japanese
0cb7c930-67ed-4c6b-bb18-88641d72b2b6,Agreement three hope into catch marriage opportunity.,shannon.org,Sales,7462,yes,yes,desktop,Safari,2025-01-28T15:21:42,235,"31.6464385,-10.236566",English
8366c4cb-5eb9-481d-867a-7ec5ea65f405,Than thing area continue whatever natural not.,james.com,Finance,6820,no,no,desktop,Safari,2025-03-17T18:20:53,39,"-54.2134105,-106.543054",German
85f4e496-aa22-4ebf-9c80-918e772452f6,Current speech join early might country family market.,clark-barnes.com,Operations,7258,yes,yes,mobile,Edge,2025-01-01T05:03:19,523,"40.1588305,153.370779",English
1552ad74-b459-431c-803b-8d0f93f20647,Tree wind account reality majority.,baker.info,Finance,643,no,yes,desktop,Chrome,2025-03-26T10:32:26,74,"24.3709675,-149.891518",French
48d7d4b5-de5c-436f-9b11-77fff39846f6,Black cover reality suffer wind.,chavez-johnson.com,HR,8629,yes,yes,mobile,Opera,2025-02-17T06:31:10,186,"80.6957725,-96.289440",French
4f5fa069-2631-40e9-9398-5524a2addf69,Light worker democratic cultural two threat show.,beck.com,Operations,1889,yes,no,desktop,Chrome,2025-03-01T08:33:25,203,"56.3593195,-127.193884",Chinese
6c461ade-1f90-4d92-a56d-7f193a8a225a,Number worry where allow away baby more.,huff.info,Finance,8813,no,yes,mobile,Opera,2025-01-30T04:38:46,479,"30.0207075,118.515717",French
d23f0e0b-0c1f-4619-8b90-6fa692e80333,If suddenly fact Democrat she unit maybe.,robinson.info,Sales,7195,no,no,desktop,Safari,2025-01-21T07:45:01,380,"-43.6746135,-42.642298",Chinese
2d25b5da-6dec-4c09-a06c-9299de47c895,Smile remain form next fund.,frazier-bridges.com,HR,4297,yes,no,desktop,Firefox,2025-03-13T14:45:47,362,"25.712735,-54.722006",French
824c7cb3-9a68-4954-8b0a-48c0cfab178b,Than check by why.,johnson-harris.info,Sales,7877,no,yes,desktop,Opera,2025-03-24T01:31:05,598,"-85.509418,46.325732",French
1186511e-991b-4f81-aa21-51096fa952c8,Respond drug parent church card.,morales.org,Finance,3081,no,no,desktop,Opera,2025-01-21T13:40:55,401,"48.4804415,119.468050",French
d922432e-4598-4e50-b806-7a664685d4f1,Trade challenge medical response.,lane-ford.com,Sales,3140,yes,no,mobile,Safari,2025-02-01T10:49:19,525,"60.697319,96.068388",German
435b5e22-5392-43b3-aef8-3b0ef0e6be0d,Bit because assume until report nature late.,young.com,HR,4878,no,yes,mobile,Firefox,2025-01-10T00:20:14,488,"81.8508695,-176.190310",French
3095463e-1482-4c4b-9e90-dca3ef14e470,Argue make again commercial single section.,reed.org,IT,3326,no,yes,desktop,Opera,2025-01-03T13:31:10,97,"-24.014398,169.536386",Japanese
e6899066-4e13-42bd-b9a9-ccb73576db3e,Scientist scientist daughter compare.,nguyen.com,IT,4274,no,yes,desktop,Opera,2025-01-30T15:45:53,201,"59.9315155,-117.598958",French
277932cb-3a3e-4604-a4dd-6021e2710989,Try region clearly answer yet.,garcia.info,HR,3677,no,yes,desktop,Chrome,2025-01-22T12:54:17,390,"51.285732,120.425475",Japanese
92c54c88-482d-4e84-9d10-2a011f2b4d6c,Level analysis other base tax decide fight.,luna-bishop.biz,Finance,5771,yes,yes,mobile,Edge,2025-02-10T08:23:56,248,"-23.0682225,167.628865",Spanish
73d65c99-d89e-41ae-ad5a-e0ced6528c65,Practice operation expect need no mother themselves describe.,chavez.biz,IT,7578,yes,no,desktop,Opera,2025-01-12T19:08:33,256,"26.294392,-74.059279",Spanish
b83569da-bbcf-4e16-930d-7b60614f216a,Half three save use those.,herrera.com,Operations,5076,yes,yes,desktop,Opera,2025-01-27T14:50:22,56,"-17.5773215,-147.531831",Spanish
a45a875b-1683-431f-bdb5-d86c47eb15fa,Peace every pay think.,shannon.com,Finance,1273,yes,yes,mobile,Edge,2025-02-05T08:18:08,181,"50.9994265,42.562377",Spanish
70c8aed6-aafe-41aa-a28c-e7d3f2748099,Personal item best become political try chance.,mullins.info,IT,6238,no,no,desktop,Chrome,2025-02-25T05:52:15,322,"-30.6163125,-63.094372",German
830eff5d-1a43-446b-ba3d-ad4d689a1e6f,Describe whether reduce government Democrat.,day-stephens.com,Operations,3591,yes,no,desktop,Edge,2025-03-13T13:53:42,487,"-68.453878,-165.227467",Spanish
4fc9d3a3-d03e-4bcb-995e-a63bf9d1476a,Writer official case.,coleman.com,IT,3955,yes,yes,mobile,Firefox,2025-01-26T20:10:55,148,"38.8914555,146.063414",English
dc6d49e6-6a8b-46e9-b9d2-8cc774d01a2f,Form bar consider pretty employee card goal television.,orr-lee.com,IT,8576,yes,yes,mobile,Chrome,2025-01-01T12:00:47,462,"36.478384,50.763035",Chinese
489def9c-fdc1-4261-8d9e-fb91127d5d4d,Before cultural little.,lewis.com,IT,7393,no,no,desktop,Chrome,2025-01-28T09:34:29,337,"-34.0593875,-67.405925",French
e6078d52-bb15-4435-9cb6-59771edcff39,Hand issue bad run.,mills-jackson.com,Operations,5589,no,no,desktop,Safari,2025-02-13T09:02:50,74,"-14.3684685,139.145792",English
e9b8bbc6-5142-4c13-a36a-cfb0380a1139,Keep any unit community south daughter.,wilson.info,IT,7141,no,yes,mobile,Opera,2025-03-25T08:01:13,139,"-22.4689215,-153.608313",French
4ab04e26-0bae-4e10-ab2a-d8c79d2b078d,Already city might why people law home.,bailey-cummings.com,Sales,3092,yes,no,mobile,Opera,2025-03-09T15:04:04,279,"-21.0615445,87.562181",English
1ccec7fd-abea-4827-950c-a59cde8df348,Who wait any receive positive everyone.,chen.com,HR,999,yes,yes,mobile,Firefox,2025-02-27T19:09:14,170,"-50.295488,141.649625",Japanese
7c9f6380-2b6a-439d-ac73-17ac2d56f43e,Back door until personal less century small pick.,reyes.com,Marketing,2736,yes,no,desktop,Firefox,2025-04-03T00:40:33,163,"-44.329821,-118.643950",Chinese
1ef6b22b-aab1-487a-b36b-2b0b79c1279f,Think responsibility everything spend.,mcclure.com,HR,5748,no,yes,mobile,Chrome,2025-03-14T15:44:44,443,"40.2692475,63.800294",French
96068a8b-7f22-4a19-be36-ed011305c6d3,Scientist start too six itself.,brown-wilson.com,Marketing,9128,no,yes,desktop,Safari,2025-02-05T12:35:39,479,"38.931124,47.421950",Spanish
bfb50fb1-55a0-433b-8a7e-03b38b85ecdb,Test factor ahead.,wright.com,IT,7373,no,yes,desktop,Safari,2025-02-04T10:14:58,351,"41.797326,94.307998",Japanese
27992dbd-e2fc-4b24-9b4b-1550f959eaa6,Pressure deal call design cold tough difference.,anderson.com,Operations,3703,yes,yes,desktop,Opera,2025-03-08T04:58:10,488,"-11.3921815,148.926120",German
3ab8e2cc-cd9e-4203-ac72-abffb5b1adeb,Nothing want enjoy box pressure charge huge seven.,cook.com,HR,3203,yes,no,mobile,Chrome,2025-01-09T22:57:47,351,"45.551096,126.797124",Japanese
be64810d-dc8f-418a-b96c-f480717d2e87,Author everybody record hope scientist.,lee.net,Operations,7787,yes,yes,mobile,Edge,2025-02-20T21:58:09,77,"-67.842837,-132.772807",Spanish
214a8a81-176b-4f6c-9784-4373d4c230af,Seat since black avoid discussion my little.,lucas.net,Operations,1113,no,no,mobile,Edge,2025-02-13T22:26:53,519,"81.942002,43.617037",French
f7517ee8-a1ef-4d9f-934e-07d320c73bd1,Young contain resource hospital player concern itself.,riggs.net,Sales,2065,yes,no,mobile,Firefox,2025-03-09T15:51:41,445,"88.930548,112.904761",Spanish
c7204350-3bf1-4ab7-8e1d-350a0f77d8e8,Leave various audience.,miller-huffman.info,IT,3821,yes,yes,desktop,Opera,2025-02-09T17:34:39,199,"-27.8055195,-93.481600",German
f28df788-8492-4238-a932-5d10842a7957,Until head authority debate eight act.,daniel-hays.com,Sales,1821,no,yes,mobile,Firefox,2025-02-10T06:28:27,250,"-10.9231815,46.087330",Japanese
5906befa-e95d-4efc-aad8-34727265ef80,Dream set research billion.,smith.com,Finance,1535,yes,no,desktop,Opera,2025-02-21T04:34:01,501,"1.0518905,82.084158",English
b6e8d6dc-b3b5-40d9-9465-fd14dbc192c6,Education space speech.,castro.com,Finance,9529,no,no,mobile,Opera,2025-01-14T10:33:48,438,"-83.006202,-86.084198",Japanese
11adc55f-c62a-4afa-b78c-35978e45a29b,Other style notice citizen place.,thomas.info,HR,5856,yes,no,mobile,Edge,2025-02-18T15:17:03,360,"-59.793314,-28.177349",Spanish
aa2796fb-085b-465f-92a8-13c5e8a449a4,Class always treat eight.,woodward-perry.com,HR,3276,yes,yes,desktop,Safari,2025-01-27T01:33:39,466,"-82.0483065,18.889930",Japanese
2b2d88aa-0d23-424d-8b14-303be401eddc,Year quickly language do they beyond trial per.,jones.org,Sales,6414,yes,no,desktop,Opera,2025-01-16T22:49:51,103,"70.950900,45.935941",English
07ad6b49-530b-4b03-9073-7bfe8520ed86,Structure because candidate mention method.,marsh.com,Sales,4931,yes,yes,desktop,Safari,2025-03-07T03:15:19,373,"38.3240435,-143.570178",Chinese
e18b44c5-0574-49f1-8979-b629392bfc42,Successful thing music upon hand son.,washington.info,Operations,1037,yes,no,mobile,Opera,2025-02-22T01:45:21,590,"46.7891935,9.857136",Japanese
82285dfc-22f9-40c5-b92d-c855c0d263d1,After manage bag possible stop statement.,weber.org,Operations,5148,yes,no,mobile,Firefox,2025-01-02T00:03:09,114,"4.1538055,24.691110",German
491c8933-89c6-47a6-9081-1d05d6702f09,Drive talk science option indeed.,mcdonald.com,Sales,8089,no,no,desktop,Opera,2025-03-29T12:23:49,531,"61.7300495,-126.790128",Spanish
abce9572-0d88-419d-88fa-b51714172522,Garden return their television family.,davenport.biz,HR,3382,no,no,desktop,Safari,2025-02-20T12:50:46,555,"-17.325232,-176.750181",Japanese
265e2d31-f4b6-4dbd-94f8-08d2a1cd8f5f,Source large budget.,wood.com,HR,7235,no,no,mobile,Safari,2025-01-07T09:23:11,319,"87.3409645,-166.841679",Japanese
1ef2955d-5ec9-47c1-96d6-4bf0e258e618,Low month alone point key me.,clark.com,Sales,7072,no,no,mobile,Edge,2025-01-27T15:12:49,147,"3.0278675,75.966406",German
050c1b8b-d123-48fb-aca9-1d679c0b4b75,Himself number respond.,ward-west.biz,Operations,3943,yes,no,desktop,Safari,2025-02-21T07:32:12,263,"-16.2701105,-17.710794",German
1f449d4c-ba3a-4790-be7b-b5161c983be4,Easy country lot fight car partner.,reilly.com,IT,9075,yes,yes,mobile,Firefox,2025-03-23T10:03:27,202,"-20.503351,106.945944",Chinese
543b9da4-395d-493d-9646-b16b458ce8b5,Hit cup environment.,smith-hill.com,Operations,6638,no,no,mobile,Edge,2025-03-16T13:06:40,450,"-12.493200,-64.845052",French
c80f09c1-cbfc-4021-bc79-61a8db84fc35,Research free industry tough peace budget partner picture.,smith.com,HR,4667,yes,no,mobile,Safari,2025-01-28T18:48:38,475,"-74.5290255,-153.272559",French
15343124-e7c4-49d7-8d7f-aa590cd30736,Raise something group they public reveal board.,estes.info,Marketing,9979,yes,yes,desktop,Safari,2025-03-17T19:34:45,406,"27.006947,-146.382126",Chinese
e03906b7-e9c0-4a1c-84de-3569d41fed8e,Month our ten growth bill clear no.,sparks-chen.com,Marketing,9814,no,yes,mobile,Opera,2025-04-02T14:19:59,153,"20.814049,168.971965",German
2ececf09-b868-4f77-a949-c72929d6035a,Series improve power unit fire nearly yourself model.,wang-lopez.com,Marketing,3840,yes,yes,desktop,Safari,2025-01-16T22:49:30,570,"74.413421,156.241876",French
ccaf1592-878e-45a8-a690-efefde97e885,Shake successful few practice reflect.,marshall-romero.info,IT,8562,no,yes,mobile,Chrome,2025-02-25T01:43:24,525,"8.9474685,-152.542078",Chinese
7b3d5297-6286-4a6f-bcc9-f45dccd38085,Mind traditional fish ground painting.,miller-ryan.net,HR,2820,yes,no,mobile,Chrome,2025-02-28T18:11:45,86,"36.4591145,-132.037436",Spanish
e4504825-a975-4de0-b0bf-25544dd7618e,Weight yeah second writer market.,taylor.com,Sales,7322,yes,no,desktop,Opera,2025-02-01T20:01:36,494,"-86.596903,-60.955484",German
88e313a9-70a4-47a1-88ce-3a94446fb113,Image else table all beautiful establish.,cunningham-martin.com,Operations,1469,no,no,mobile,Edge,2025-02-24T10:20:59,420,"-40.538220,120.904045",Chinese
7b76c319-8202-458a-aaac-2bfd351f0203,Happy dinner road machine.,brooks.com,Finance,7465,no,yes,desktop,Opera,2025-02-06T14:13:25,83,"-75.867128,78.605403",English
4d180285-9328-40cd-9d82-a0f750655105,Environmental theory large represent shake positive possible.,lyons-baker.org,Finance,8928,no,no,mobile,Firefox,2025-03-05T10:20:09,364,"76.8488975,45.060122",German
798799f1-5a7f-4ba4-bc90-a98525539607,Hour mean director skill choose should.,williams.info,Finance,8543,no,no,desktop,Opera,2025-01-14T20:11:15,507,"-6.816656,-4.667522",English
fffc4269-aae4-47ea-ac9c-29f3dbafa7d2,Player wind artist.,jenkins-ortega.com,IT,9338,no,no,mobile,Opera,2025-04-02T09:57:20,22,"40.1395155,13.365122",Spanish
f68186e9-2a03-44d4-90aa-8ea6fb4494aa,Join color letter cultural never return.,williams-kim.info,HR,6142,yes,yes,desktop,Safari,2025-01-26T09:33:31,425,"-25.114675,-113.629551",English
fc2ae3a7-395e-4aa1-9b16-b9cc640e5143,Occur tend relate finish instead eight.,potts.net,IT,4254,no,yes,mobile,Chrome,2025-04-01T23:55:56,56,"0.797593,40.514270",German
8a4536cb-04b1-448a-9ae5-971ce6fa65bd,Talk business head crime important at.,clark.com,Sales,1496,no,yes,desktop,Firefox,2025-01-23T18:46:40,271,"24.7622645,-61.271931",German
a3c25c14-1057-4ae6-8ba5-f6eadbb8e26c,Protect whether form smile end sport mean.,johnson.com,Finance,9684,yes,yes,desktop,Opera,2025-02-09T07:11:45,86,"-7.8940735,119.169148",French
ece791e2-009d-4a26-9aa6-24d8221da569,Audience ahead I job southern deal practice middle.,ortiz.biz,Marketing,9291,yes,no,desktop,Edge,2025-03-09T03:09:13,282,"69.2519655,-47.453015",French
8e9b186c-97e1-4893-bfc2-5c5567b99465,Or Mrs body.,smith.com,Operations,9165,yes,yes,desktop,Firefox,2025-03-09T11:11:49,108,"17.157570,-102.582520",Japanese
38cc52c8-17a2-4465-bd4d-53528fc0ec42,Economic forget share form there remain.,brown.com,HR,3379,yes,no,desktop,Edge,2025-03-30T16:22:55,48,"-64.7189675,-179.297584",Japanese
a15b82fc-f374-4ead-bf30-428d7650843d,Task lead voice should analysis movie imagine.,cook.com,Operations,3983,yes,yes,mobile,Firefox,2025-01-30T07:02:47,471,"-69.1323415,-174.402141",German
b7bc7de5-684c-4ca9-b413-f089c6a82a1e,Walk specific process to.,wagner-norman.com,HR,9644,no,yes,mobile,Firefox,2025-02-13T13:16:25,473,"27.6772125,141.852389",Japanese
6a443e22-0ef6-4333-a304-3693134695c4,Young weight group either.,turner.info,IT,4720,yes,no,mobile,Safari,2025-03-05T22:31:09,48,"-3.848609,58.709873",Chinese
19aabb1b-4f30-4047-be55-c158d45fc5a7,Own young sing man pattern yourself.,anderson-cooper.com,IT,1603,yes,no,mobile,Edge,2025-02-25T10:51:34,354,"-18.6285795,-152.779342",French
0cd8f1b4-688f-49d4-8f1a-9c66edd2d10a,Save move of cup form.,lopez.info,IT,7341,yes,yes,mobile,Chrome,2025-03-03T11:26:01,251,"19.1488885,-10.900058",Spanish
c843d718-542e-44b5-8f90-8fecb199eff7,Government paper strong of ahead explain.,jordan-west.com,IT,4577,no,no,desktop,Safari,2025-03-30T06:53:50,477,"-65.9193305,137.699236",Japanese
133513d1-c36c-49d2-bf1c-2be25e73829b,Certainly citizen nearly democratic.,thomas-harrington.info,IT,6666,yes,yes,mobile,Firefox,2025-01-14T15:19:30,533,"-52.069655,-18.168893",Japanese
0d91b719-72bd-4309-b5e2-6ce84fc84508,Before southern prevent.,garcia-wade.net,Sales,3890,yes,no,mobile,Opera,2025-01-07T22:25:26,51,"20.0003025,-126.595078",German
68fe7bc3-31f3-48dc-8208-0242d282922a,Ok check over task clearly open positive.,walsh.org,HR,9921,no,no,desktop,Safari,2025-01-04T20:39:23,502,"-26.493633,-170.346019",Japanese
ab883d66-61ec-498f-92c1-08c8f73b37cb,All another under project dream.,sanchez-watkins.net,Operations,5967,no,yes,mobile,Opera,2025-01-13T11:07:00,302,"43.3108175,-175.775835",Japanese
bbe7db8f-a523-4b4b-abda-e0c27c2ec52f,Agent wish improve black.,allen.com,IT,6119,no,yes,desktop,Edge,2025-03-13T23:03:21,381,"-0.731568,-51.763919",German
9e19bf94-a5f6-43c6-9bdc-1edefb4441c3,Car drive pull company per stock reach.,smith.org,Operations,6184,no,yes,mobile,Chrome,2025-03-12T12:51:23,575,"-1.8109785,15.084810",German
d3555d9a-8de5-490a-a02a-a06fffa95024,Crime its project long spring green time.,garcia-brown.com,Operations,1995,no,yes,desktop,Chrome,2025-01-20T15:05:29,383,"69.8979475,91.471092",French
e4f261d3-59a0-41a4-99d2-9d56d3a6d34b,Return industry entire admit factor understand nice meeting.,figueroa-vaughn.com,HR,9909,yes,no,desktop,Safari,2025-03-19T11:00:35,246,"39.7483195,130.076186",Spanish
f2f3a207-8319-4f6a-924c-7876fe7ca5e8,Record value enough against.,rivera-chase.com,IT,4438,no,yes,desktop,Chrome,2025-03-07T05:07:51,561,"51.2207245,138.432680",Japanese
d761f6f5-eba4-411c-904e-2647d2f94dfa,Just special important field officer game beyond.,cook.com,Marketing,8953,yes,no,mobile,Edge,2025-01-13T13:32:27,393,"72.5088225,-81.111163",French
d400f537-f3fc-4cf0-84e0-1c3497623ebe,Girl wait similar subject other create.,davis.biz,IT,4239,no,yes,mobile,Opera,2025-03-31T02:38:24,575,"-61.6249435,-13.756841",French
f91c6ae9-ed70-4e18-b162-0f7d4960e82a,Let dinner water truth leg.,shaw.org,HR,2115,yes,yes,desktop,Opera,2025-04-01T23:15:40,543,"18.5612535,112.897141",German
ad54ed5c-485f-4fa0-8d22-318eac877327,Somebody trip strong capital mission unit positive.,adams-thompson.biz,Sales,7350,no,yes,mobile,Edge,2025-01-19T23:30:34,347,"35.4922565,127.793090",German
f6164ecf-a4a5-4c0b-ab42-43c379bb1a31,Activity daughter Republican case protect policy.,brown.com,Sales,9143,yes,yes,mobile,Chrome,2025-01-13T12:29:37,353,"24.183816,-55.427007",Chinese
39706487-d229-4295-8799-fe50fccc36e6,Surface lot behavior inside idea see.,strickland.org,Operations,5746,yes,yes,desktop,Opera,2025-01-10T14:16:45,457,"-31.602104,53.951358",German
6a3666ce-7298-483b-9df8-ae9112ab02bc,Less else within food place.,cook-taylor.com,HR,2031,yes,no,mobile,Edge,2025-01-25T01:22:50,59,"-6.6818295,119.475832",English
df366f2f-69e4-48c3-9757-6d6d99c700fe,Recent understand production cover statement above.,webb.com,IT,7875,no,no,mobile,Edge,2025-02-10T03:07:35,582,"19.846091,-57.187440",French
804cf46a-e0d8-4f6e-b791-7e339026a1fc,State director understand ability.,schmidt-freeman.info,Sales,3543,no,no,desktop,Edge,2025-03-04T08:33:40,118,"61.618259,-126.696014",Spanish
c00e4ba2-0a18-42d6-981f-d3aa9d92ccd8,Group bring view everything.,hogan.com,IT,6948,no,yes,mobile,Edge,2025-02-04T08:42:44,11,"44.1876435,149.611148",Spanish
a0d943f6-7088-4062-b574-ad4d92cec183,Red environmental administration ago.,powell-kennedy.com,Sales,8914,no,yes,mobile,Opera,2025-04-04T04:50:11,306,"50.713307,-11.319296",Chinese
85a1da4d-3e2c-4eed-b30e-18a4ad163fdd,Day scientist whole ok the door.,hughes-potter.net,Operations,768,no,no,mobile,Edge,2025-01-25T20:55:00,94,"57.8208775,-91.092748",English
9c7a966c-b0a5-4a92-81cc-e2205bf7a5c1,Order budget people style crime customer avoid turn.,dixon.info,IT,4202,yes,yes,desktop,Chrome,2025-01-17T18:58:11,421,"-82.6913995,-16.540388",French
6901f102-367d-4f3a-889a-051aceb61673,Owner charge open current ability throw.,cox.biz,Marketing,1500,yes,no,mobile,Safari,2025-03-24T18:36:26,532,"-8.613354,175.320038",German
e9711c08-8096-4da1-bf2b-5b18d2e2758a,Yourself under society about money attack.,stephens-white.com,IT,6776,no,yes,mobile,Firefox,2025-03-16T23:52:22,344,"4.4189975,81.918800",French
ae03ee38-7801-4c08-a07a-c18db4189330,Believe factor this main style.,moreno.biz,HR,2484,no,yes,desktop,Chrome,2025-03-09T21:11:49,68,"-39.837488,-176.609280",German
29eaf011-5c4a-422d-8d85-7305533072bd,Go PM policy our simply view.,moore.com,IT,2853,no,yes,mobile,Firefox,2025-01-25T11:55:04,260,"-52.4641785,30.765141",English
4eb52b9f-4ea0-4d47-be64-d601bb22ad4d,Yourself relationship drop memory member family.,griffith.com,Finance,5146,yes,no,mobile,Opera,2025-02-07T11:11:49,600,"-29.593603,69.909074",Spanish
b4a9c154-21ac-42f5-b022-baf74de127d6,Product size state best Republican truth law.,montgomery.com,HR,2628,yes,no,mobile,Edge,2025-02-06T01:05:31,138,"-43.6723795,110.360807",Japanese
924ed0d0-1678-47e0-aea9-5d2cfb15eda0,Commercial anyone arm grow poor person.,zavala-kelley.com,Sales,952,no,yes,desktop,Opera,2025-04-02T12:59:43,234,"-89.781274,-16.482828",French
a02c787b-0f70-465d-9198-f2ae25214f2a,Suddenly cold race garden sign often during.,flores.com,Operations,6466,yes,yes,desktop,Safari,2025-03-16T13:04:36,90,"37.633010,140.028007",Chinese
b0d89f9c-35aa-4d41-83c3-e9588a3b9684,Author meet fight yourself development.,church.com,HR,9247,no,yes,desktop,Safari,2025-01-07T22:17:38,126,"69.0616565,-148.581407",Chinese
78fb0d29-7898-42d1-947a-e12f8eb89865,Idea offer space everything.,snyder.org,IT,9848,yes,no,desktop,Safari,2025-03-11T17:20:50,335,"40.661124,-86.006190",Japanese
42bc39ab-76aa-43a9-9129-80fc3e65d53a,Assume own even pressure fire against.,hines.com,Sales,5822,no,yes,desktop,Safari,2025-02-05T15:22:26,370,"8.2207075,128.455547",German
53a94742-4af3-4251-a314-e0e5849f3da8,Own thought education for commercial push.,ortiz-rogers.com,HR,7420,no,no,desktop,Firefox,2025-01-12T18:22:56,229,"-67.9672985,-118.444989",English
a3647ce4-9111-4de5-b07b-89b42b03b578,Keep reality if movement up current.,martinez-aguirre.biz,Sales,6693,no,yes,desktop,Chrome,2025-04-03T05:00:42,206,"-47.9049245,121.632498",Chinese
1e45749c-65d8-4b0e-b134-b593e7430d10,Past fill response against.,smith.com,Finance,1873,no,yes,mobile,Opera,2025-02-04T12:51:19,583,"-52.2335875,-53.923627",French
5364b466-e6d0-4f32-a45a-5c06093436c1,Receive enough fact seek why next.,bailey.com,Marketing,964,yes,yes,desktop,Safari,2025-02-05T05:18:38,240,"62.4348435,-122.346745",German
c79cd552-b7ff-4712-8569-3b3bcf5b34d1,Woman offer board lot better.,thomas.net,HR,7760,yes,yes,mobile,Chrome,2025-02-20T08:38:41,144,"-32.5220625,-93.690601",Spanish
707c05b4-23b5-483f-85c7-83d1e3f87961,Rise or sing drug.,walton.org,IT,3612,no,no,desktop,Firefox,2025-02-03T10:04:16,156,"-62.484112,-77.237967",Chinese
d8abbff4-42ef-44a4-8102-701deec252b2,Life family walk seat.,king-barry.com,Sales,6762,no,yes,desktop,Safari,2025-03-16T19:07:32,88,"-52.032956,-118.304261",Spanish
a5e3df0b-5370-424f-91f2-fe1e1507c1ee,Billion despite international employee sound.,shannon.com,IT,6385,yes,no,desktop,Safari,2025-01-20T22:10:36,471,"29.7813465,-96.490927",Spanish
53d2f870-1133-400c-b3be-9d1e6c40ff2a,Score respond high foot.,cohen.info,Finance,9833,yes,no,mobile,Firefox,2025-02-07T08:07:01,576,"-46.4556825,-139.585049",French
569ccf03-0eac-489b-a5d0-7b1442fe513b,Me song perform six activity.,brennan.com,HR,7739,no,yes,mobile,Chrome,2025-03-29T01:17:48,575,"53.116964,162.121778",Chinese
caaf21a7-58e2-483d-bcf6-34e017f6f51f,Consumer quickly discuss know country religious truth.,marshall.com,Sales,3877,yes,no,desktop,Safari,2025-01-30T17:03:58,505,"-3.338169,-116.305064",Chinese
56885fdc-a70e-4a9c-9201-56f81e4835d1,Join almost opportunity but.,jackson.com,Finance,9794,no,no,mobile,Chrome,2025-02-07T05:23:45,69,"-40.058599,-164.267265",Spanish
98ac9d66-46ce-456e-8e26-6509005db581,Growth finish sell forget suddenly analysis.,watts.com,HR,7522,yes,no,mobile,Edge,2025-01-21T07:47:23,180,"-78.7368445,-22.630099",Chinese
a2e90855-de69-44a1-a3d0-2ddfd8c3c2bd,Big least world organization fund.,moran.com,Sales,1239,no,yes,desktop,Chrome,2025-01-03T01:10:53,260,"-78.7523525,171.299705",English
83241c59-040a-454a-a0af-bec9c6a5a732,Add raise former tonight common store firm.,hodges.info,Marketing,7140,no,yes,desktop,Edge,2025-01-07T12:23:45,338,"34.094675,-168.961147",French
493f4303-161d-4252-aa6c-358ebaf8d96f,Still item cost.,romero.com,Finance,9955,yes,no,desktop,Opera,2025-03-20T05:42:38,316,"42.9912395,1.989928",French
8e105eda-84ac-49a9-b070-8fb9935ee4bc,Treatment continue wall condition even.,young.org,Sales,4997,yes,no,desktop,Chrome,2025-01-27T01:10:26,440,"-8.183691,120.734388",Chinese
c48e66c8-9340-4628-af16-00d839a2042c,Career who little beat work consider.,hanson-castillo.net,HR,8606,yes,no,desktop,Edge,2025-02-01T17:37:55,587,"-66.0775885,-43.133254",French
e0cb8cac-b627-451e-bce5-050d17a8619b,Attack charge stuff method purpose after watch.,bradford.com,Finance,8117,yes,yes,mobile,Edge,2025-01-22T11:51:53,89,"4.9971805,-173.573979",Japanese
3005a5ce-bb25-4334-b795-d733c6428897,Put employee start quality law.,maxwell-johnson.com,IT,2017,yes,yes,mobile,Firefox,2025-03-08T18:13:39,485,"83.806425,-39.389187",German
797b87fe-dffa-4be2-b141-d4fdb8867729,Five floor various four.,estes.biz,Sales,5836,yes,no,desktop,Chrome,2025-01-05T04:35:48,195,"-36.8743935,-15.584456",French
5cd0c64a-2d1b-41f4-b532-64e6dc8cc7d1,Skin business discover growth Mr policy.,wade.com,Marketing,8606,no,no,desktop,Chrome,2025-02-19T04:00:39,116,"16.665456,32.768411",English
d5c9b1c4-f5ed-4d78-a2bc-2474460718ed,Himself clearly hair chair federal.,perez.com,HR,2980,yes,yes,mobile,Firefox,2025-02-09T16:01:49,436,"-11.6497495,91.924878",English
409cfbcb-9790-489b-bf9a-ab4d8a23acd0,Down light high involve herself.,castaneda.com,Finance,5348,no,yes,mobile,Firefox,2025-02-08T00:31:33,215,"-38.5029515,-166.224493",Chinese
802e308f-a4f2-4e6f-8ac4-3f039a8761f0,Realize sure national talk.,brown.com,Operations,1311,yes,yes,mobile,Chrome,2025-03-03T06:40:04,337,"-15.878291,-177.384197",English
323e7582-0f96-4415-ab86-c376d8ccd93d,Soon standard site.,nielsen.com,Sales,1231,no,yes,mobile,Edge,2025-03-03T15:30:29,418,"-36.3951705,-167.501083",English
4cbf504e-0fc9-431d-8289-ae296123fdf5,Form home type.,long.net,Operations,4450,no,no,desktop,Safari,2025-02-20T02:59:48,54,"83.050477,19.842245",Spanish
a9112816-150f-4e4a-970f-481fbc2e8046,If local standard establish religious.,gregory-sanchez.biz,IT,8036,yes,yes,mobile,Chrome,2025-02-15T03:01:08,435,"-87.3148845,53.093988",Japanese
f8eb6d0a-c279-4f99-9bf7-fc424eac41e5,Brother in best research important.,sanchez.com,Sales,5918,no,no,mobile,Opera,2025-02-09T13:45:56,191,"85.6498535,89.173003",Spanish
532d581f-1da4-46b4-8a73-9a3cbca52fd6,Way activity into hair push space.,phillips-robbins.biz,Marketing,4052,yes,no,desktop,Edge,2025-03-22T23:05:05,91,"-73.5025835,71.354217",German
c2ab45c9-188d-4282-b5e2-dd051912cd04,Seven community drop high.,ross-rodgers.com,Marketing,7393,no,no,desktop,Chrome,2025-01-19T07:25:46,461,"4.138004,-47.062765",English
213f17c5-522e-4b29-af5c-564c2877d324,Paper girl rule eye apply.,atkins.com,HR,7741,yes,no,mobile,Opera,2025-02-28T18:41:36,566,"-1.3156575,-78.628565",Spanish
86daf5ea-bf3f-458f-a2a0-651c63655a6c,Charge benefit of success field.,stark-collins.com,IT,3958,yes,yes,desktop,Opera,2025-03-24T05:49:26,337,"6.736749,124.938865",Japanese
fdb324ee-ecef-4faa-9eb4-e0d4c19ed229,Series wall worry choose situation interest.,nguyen.biz,Marketing,1542,yes,no,mobile,Chrome,2025-01-01T04:27:25,291,"-82.3667585,9.543807",English
8306937c-9002-4681-97cf-60fd32567161,Need current likely firm every.,adams-chavez.com,IT,1696,no,no,mobile,Firefox,2025-01-04T23:55:46,126,"-51.2795215,-24.996777",Japanese
0b13f622-54aa-4000-9cec-3c217fbe650e,Hot produce window suddenly notice kind.,miller-crawford.biz,Operations,686,no,no,desktop,Opera,2025-02-27T10:22:07,11,"37.2565715,-95.005558",French
a46b7078-e044-4c2f-9b88-0e03b1cb366a,Among government family role raise others evening start.,farley.com,Operations,3200,no,no,mobile,Firefox,2025-03-01T07:40:45,548,"24.5968395,-1.656674",Japanese
e647352f-8ece-47c1-a8df-a95f4ea6324f,Item I page necessary certainly information.,robinson-bell.info,Operations,8074,yes,no,mobile,Opera,2025-03-30T12:59:19,478,"17.4993195,-130.547658",English
e8da5ec9-3c89-49b4-a305-993fb2d60b04,Wait become discover player already speech health control.,howell.com,Sales,7158,yes,no,mobile,Chrome,2025-02-04T08:58:09,190,"2.9270125,-140.138498",French
b63c87d8-6fdc-4b88-8bbd-858d93bd3218,Pattern public or budget sometimes.,shepherd.net,HR,4314,yes,no,desktop,Safari,2025-01-07T12:58:21,384,"76.971417,-147.585001",French
4057fe48-bb97-40a7-bfb7-179b07fc2ebc,Early these ground.,garcia.com,Marketing,830,no,no,desktop,Edge,2025-02-13T13:58:51,451,"-49.671731,57.393843",French
ce938d0c-5c16-4721-b96f-30eb2be06b42,Thus effect address world same job picture.,leonard-baker.com,Operations,5851,yes,yes,desktop,Safari,2025-03-29T12:18:10,23,"-4.6063535,99.331545",Japanese
c641c3aa-748a-4fd5-b0f5-d1429af046aa,Stay ok determine consider.,brown.com,Operations,4932,yes,yes,mobile,Firefox,2025-03-24T00:40:00,87,"30.2697945,78.264296",English
fa6848ad-e11d-4c67-ba42-1d44502f094a,Live mean soon role term.,jackson-reed.com,Marketing,1605,no,no,mobile,Edge,2025-02-04T15:38:01,354,"2.2255595,-17.223956",Spanish
8acbeaf2-64de-4a26-86de-43b59ec41286,Artist kid color strong energy nice reality.,miller.com,IT,8726,no,no,mobile,Edge,2025-02-19T05:46:43,84,"29.185797,87.914613",Japanese
4081728f-2f46-424c-9ced-268613f21a11,Industry probably certain.,clark.biz,IT,8919,yes,no,desktop,Opera,2025-01-06T04:43:02,551,"23.5775565,164.220873",Japanese
fc9b2e21-fa08-4400-b0e3-5a81c968108e,Concern moment person apply ten.,schneider.com,Operations,3884,yes,no,mobile,Chrome,2025-01-28T06:13:14,293,"-33.960345,53.181526",Japanese
6a645e50-f258-43ca-8637-51706f580c6e,Woman those student never move item.,howard-murphy.com,Operations,1229,no,yes,desktop,Opera,2025-03-07T23:29:30,101,"88.666765,69.153859",Chinese
d1ae3fe1-1c3c-4525-91b5-194fb82677c6,Language stock pattern teacher.,mcmahon.com,Sales,3956,yes,yes,desktop,Edge,2025-01-21T23:34:09,594,"21.096224,77.026034",Chinese
8e055662-b3f5-4af8-8d08-5c05bb596d54,Vote single film later future.,farrell.net,Finance,683,yes,yes,mobile,Edge,2025-03-13T20:50:44,258,"-14.6724325,5.458735",Spanish
58256c36-5ca4-4ab0-ab72-82a29129577c,Still audience operation clear.,black.com,Sales,5849,yes,yes,mobile,Firefox,2025-02-01T06:56:33,144,"70.270072,132.912098",Chinese
60458d57-1e5d-483e-929e-015264ea9a59,Arrive check better positive serious sing.,hernandez-smith.net,Marketing,9463,no,no,desktop,Opera,2025-01-12T07:13:31,218,"-29.0738325,76.511117",English
da56a6f4-446e-4f8b-8137-16c33e8d2bfa,Movie score sell have agency voice wear system.,roth-peck.com,HR,9405,yes,no,desktop,Safari,2025-02-01T18:52:51,332,"-49.144369,-105.129288",French
c9628328-8931-42ad-8c2f-9c9327344d17,Base popular upon weight turn.,allen.org,Operations,5639,yes,yes,desktop,Opera,2025-01-28T12:16:50,559,"-74.6696005,3.060784",French
13afef3e-d5d6-43ac-bbd7-3bacc50fdaf4,Well commercial generation cold watch despite over.,nelson-fields.com,Operations,1366,yes,yes,mobile,Firefox,2025-02-09T16:18:51,498,"-77.0192405,-103.633414",Spanish
df77246a-57fe-4140-9cb4-cd2a901f3e2e,Pattern play year which heart half sense.,miller.com,Marketing,4618,yes,yes,desktop,Edge,2025-02-06T07:27:08,271,"-24.3089825,53.780823",English
0490e9f4-2678-4545-92ac-e1db3706ef3a,Left bad important north window page.,yates.com,Sales,9075,yes,yes,desktop,Chrome,2025-01-18T20:42:32,106,"-61.0772685,172.658337",Spanish
285fce49-b89b-4053-ad66-38ab9db8b3af,Position woman officer class.,brown.net,Marketing,6383,no,yes,desktop,Firefox,2025-04-03T14:47:21,289,"-78.8604235,134.023296",French
69216855-e1f1-4340-92e0-bed66ad775d7,Who agreement or anyone tree officer their appear.,miller.org,Sales,6753,no,no,mobile,Chrome,2025-03-04T00:57:05,83,"65.435419,-83.936575",French
c84c1d88-d63f-4898-93d2-ed60b7110431,Market almost wonder data central large bad.,snyder.com,Finance,5089,yes,no,desktop,Opera,2025-04-02T11:00:54,450,"39.5292955,-175.088843",Spanish
89b5a231-9104-4f82-9fb4-c3ed43e001e9,As scientist including hold continue future.,bell-jones.info,Marketing,1180,yes,no,desktop,Safari,2025-01-12T04:59:19,195,"-56.263969,59.940008",English
0df2b0ad-ccde-4d3c-bfda-f32a5270b234,Project onto police concern what person.,patterson-daugherty.com,Operations,7816,yes,no,desktop,Firefox,2025-02-06T00:18:33,265,"1.4159815,176.854092",Chinese
971fae08-1311-4c6c-875d-9f40d8fa4bb5,Then himself manager physical sell base.,crawford.info,IT,4516,yes,no,desktop,Opera,2025-03-30T01:12:46,451,"-39.7359835,-63.724506",Spanish
65d5ca67-0fd3-42dc-8ab1-8b34e65f6eea,Hour return low here top state base.,moore-lewis.com,IT,7196,yes,no,mobile,Edge,2025-03-03T03:41:43,406,"-66.7875885,-143.742361",German
a5818071-07ab-4943-8f84-26a6418796c8,President hit generation.,fisher.com,IT,4238,no,no,desktop,Firefox,2025-02-01T09:58:08,594,"62.749084,55.938973",German
7ab3c7c1-0a9e-4258-ab93-932446bdaa26,Compare whose reflect enjoy.,mason.com,Finance,2306,yes,no,desktop,Firefox,2025-01-15T13:22:30,514,"-12.517775,-107.471847",German
fc5f9955-83f7-4901-ab7c-4b171f0d26a3,Wear board energy suffer operation investment several.,hamilton-robertson.com,IT,9527,yes,yes,desktop,Chrome,2025-03-01T02:36:57,165,"19.9847085,-136.166832",Chinese
974452ad-1235-4497-9d61-9ec6933fe8de,Accept himself pick whatever least federal.,crosby-yu.com,IT,8110,no,yes,desktop,Edge,2025-03-25T00:16:37,51,"-35.302640,105.218704",Spanish
a83b1e50-3b5d-48fe-927a-eddd98a4c227,Push bit level position ask worry.,vazquez.com,Operations,4432,no,no,mobile,Chrome,2025-03-05T06:01:36,260,"43.642386,27.664146",French
96549582-1331-4208-a752-fe7989c81142,End fire we federal table.,robertson-nunez.com,Sales,9908,yes,no,desktop,Safari,2025-01-19T11:24:53,422,"44.7370565,2.631389",Chinese
bbdbba65-04b1-4ad4-b804-2b40c39e5a01,Situation number line grow military mind check.,erickson-long.net,Marketing,2168,yes,yes,desktop,Opera,2025-01-22T14:33:15,319,"-32.5622955,-107.519627",English
a1ff6bf2-bf67-4020-9a95-0b5123cf5726,Group official decide.,pruitt.com,Operations,9123,yes,no,desktop,Chrome,2025-02-16T12:43:00,93,"-25.439798,158.341744",Spanish
a753dc87-603e-4f8e-8f63-7ca06e6df9c3,Analysis particular thank learn ten.,cooley.info,HR,2523,no,no,mobile,Safari,2025-03-13T07:09:59,510,"45.3285325,143.301833",English
dfe9b6dc-86fc-4ea8-8384-e321a61cb345,Bar face fire.,shaw-gaines.info,Sales,3989,no,no,mobile,Edge,2025-01-30T19:18:27,340,"5.634276,176.553865",German
209e454a-05fc-4d5d-97a2-fe445516ade8,East woman each couple trial recently remain.,snyder-mcconnell.com,HR,6712,yes,no,mobile,Chrome,2025-02-24T00:56:29,443,"10.3525745,1.177550",French
bb51e888-9dd3-4179-819f-bddb901eb15c,Safe on hair heart task good.,patterson-horton.net,Finance,6131,yes,yes,desktop,Opera,2025-03-11T08:17:31,406,"19.1957465,97.055604",German
59978783-8ded-46e6-9d75-135643aad446,World civil glass view responsibility minute true.,simmons-freeman.info,Operations,9692,yes,no,desktop,Opera,2025-01-28T08:43:24,104,"-60.951082,96.236535",German
76ed7ca2-7fad-45ee-876d-5f9c7424d2f9,Send everyone must adult.,hill.biz,HR,4246,yes,yes,desktop,Edge,2025-02-26T02:36:43,589,"-54.162917,-25.390675",Japanese
9386d551-39bf-48e8-9408-b86a93bd88aa,Behavior even mother environment think according our.,patton.info,Operations,9028,yes,no,desktop,Safari,2025-01-22T12:06:29,199,"-37.3043245,40.692205",French
d1aeb249-c5c0-4612-986d-5758346848c3,Try base into so.,young.com,HR,3364,no,no,desktop,Chrome,2025-03-31T02:02:53,219,"56.830017,1.337008",French
b09ce7bb-d7ea-49bd-80c5-94ea094d9a97,Per specific affect boy right good way.,flynn-blankenship.com,IT,8106,no,yes,mobile,Firefox,2025-03-13T05:07:01,163,"35.0992975,44.584108",Spanish
41239e08-3e36-4483-80fb-a6edf0e232bc,Raise national beautiful building about.,benjamin-johnson.net,Operations,8079,no,yes,desktop,Opera,2025-01-19T05:07:15,59,"-10.7004125,59.068541",English
9f837748-f1db-41ed-9e29-b06d76227b76,Power subject maintain trade arrive leave.,campbell.com,Finance,8701,no,yes,desktop,Opera,2025-01-18T08:58:23,351,"-65.3455195,-89.436230",Japanese
46f469b7-50a1-4601-b463-8b66b7966457,Alone build apply.,price.net,Operations,9942,yes,no,mobile,Edge,2025-01-14T10:21:30,416,"60.849546,152.902404",Japanese
6a2fb5ca-bab7-4700-b9e2-304062aa385f,Air free fact similar office discover technology outside.,nguyen.com,Sales,6613,yes,yes,desktop,Firefox,2025-01-22T17:17:10,150,"86.648010,4.024613",German
eb012216-dd6c-46c1-8c0d-1f8c7b571683,Step career throughout reason will similar name provide.,wright.com,Marketing,6144,no,no,mobile,Chrome,2025-01-27T03:46:07,529,"-77.499506,-150.896966",French
cff15bc9-f1d6-47b0-9594-e91ae0cbd104,Service site by around.,jacobs.org,Marketing,8198,no,yes,mobile,Edge,2025-01-17T08:44:04,358,"8.3389535,115.527166",English
2bf94e02-0a94-4037-8efd-a18a529a5ab8,Physical history prepare Mr best share.,joseph-gallegos.net,IT,7749,yes,yes,mobile,Firefox,2025-04-04T00:31:27,61,"81.3796915,-175.892751",Chinese
3c0f52cb-555e-4221-a306-4984ec3bb684,Space from son suggest make everything need.,hughes.com,HR,8262,yes,yes,mobile,Safari,2025-01-12T17:32:54,277,"-32.000379,26.393330",German
6cb1262c-79d4-4d92-9efa-7b4b9419b4fd,Lead total fund increase.,hoffman.info,Sales,8099,no,no,desktop,Edge,2025-01-31T15:20:27,302,"-29.0030055,78.127898",French
2969a54d-cbaa-431f-9b70-f58baa8fcd60,Relationship end behind.,west-brooks.com,Operations,4290,no,no,desktop,Firefox,2025-02-25T13:40:17,79,"74.5566085,113.389825",French
9b564692-3477-4acf-8481-b2629d133915,Seek design book rule.,ryan.com,Finance,8253,no,yes,mobile,Safari,2025-02-24T11:19:50,483,"-13.222301,-37.437810",English
14e5e967-0acd-4c78-9b51-08b5559e3fe8,Tend although table argue sometimes health lot catch.,campbell-chandler.info,Operations,9154,no,no,desktop,Edge,2025-03-25T16:17:53,338,"32.8975345,47.732416",Japanese
13e3f5f1-6a7e-4056-9a21-6be26591aef3,Stand hotel very woman herself.,sanders.com,Operations,8413,no,no,mobile,Firefox,2025-03-04T07:48:27,550,"89.709859,13.390917",Spanish
5758d4e8-7338-4d6c-8dd6-75b82b327900,Which game instead investment learn.,smith.info,Finance,7246,no,no,desktop,Firefox,2025-02-03T12:58:31,595,"63.653326,-91.123530",French
116253d2-cf24-4a44-885e-8f3c9fe6020c,Federal large back leave.,johnson.info,Sales,6347,yes,no,mobile,Safari,2025-01-23T16:16:01,166,"-71.5728995,-169.244435",Spanish
0ea38616-a82f-4e7c-8233-0335c429d2b5,Task next price future crime.,jacobson.com,Sales,5781,yes,no,desktop,Firefox,2025-02-08T21:30:34,26,"18.5008705,-164.713231",English
72c85ef6-2f85-4ed4-8f97-93b93bd839f9,Everything goal identify former effort station.,rodriguez.biz,IT,3960,yes,yes,mobile,Safari,2025-03-03T06:10:34,134,"-1.1532855,-69.196136",Spanish
43810b38-9f73-4764-b1a3-59d7a17ad4ec,Film rule lead whom.,mclaughlin-fletcher.net,Operations,8815,no,yes,mobile,Edge,2025-02-07T01:30:18,340,"-44.237085,-28.741448",French
9e1a19d7-d167-4b9e-b5a8-92b7a9ed3525,Personal certainly none attack hold century.,sanchez-donaldson.com,Finance,2613,yes,yes,mobile,Safari,2025-02-04T14:02:20,271,"-0.2067635,84.941428",Chinese
f086fd4d-5cf4-4d88-a0ab-9c08fadd3db8,Through section religious hand yourself.,frank.com,Operations,7135,yes,yes,desktop,Edge,2025-01-28T20:39:06,44,"7.311668,49.760637",Japanese
838a4892-4c24-4eeb-a900-5fb9b636ecfc,Common reveal catch create movement whole positive.,jones-sanders.com,Finance,5606,no,yes,desktop,Edge,2025-02-05T20:06:52,111,"32.9775745,-132.548693",Spanish
e7c521de-7dcf-42dc-9a06-a2f3d9682620,The over benefit president six.,hernandez.com,Sales,7887,no,yes,mobile,Chrome,2025-03-28T23:01:15,155,"-62.967047,20.832465",French
8d2f80a8-799b-49c3-b0ed-28469ed8a6d6,Tough cut career soon.,nguyen.com,Operations,8598,yes,no,desktop,Chrome,2025-03-13T03:10:00,252,"-61.455907,161.945619",Japanese
01e72f13-0f85-443e-b436-3f36b9d815cb,Model market enter society.,hunt-pineda.com,Finance,4359,no,no,mobile,Safari,2025-01-02T15:08:10,403,"77.438817,41.042115",Chinese
3f0eef99-0b80-48af-91f5-0a0c1135c62d,Analysis thus especially skin enter person.,bryan.org,Operations,614,yes,yes,desktop,Opera,2025-03-12T16:27:14,461,"83.0079295,122.184594",German
13ebbea2-9449-46e4-8a75-32a24814512f,Fill mean staff first among music.,rojas.com,Marketing,5539,yes,yes,mobile,Opera,2025-02-18T10:32:44,407,"-89.1766785,-147.126477",French
35ddbbf4-8fe7-4870-abb2-76860762e419,Of human job idea.,reed.net,Marketing,1976,no,yes,mobile,Opera,2025-02-28T02:42:04,566,"89.246425,138.357507",English
d290c908-4590-413d-a669-1e3490ff9ea3,Century hotel manager within.,bowen.biz,Marketing,2068,no,yes,desktop,Safari,2025-02-08T17:49:04,225,"-47.275677,-137.828875",German
b8dd0660-cfea-49fa-a1d1-080c939e0928,Fall prove color second grow.,livingston-wood.net,Marketing,7111,no,no,desktop,Firefox,2025-01-17T11:36:38,412,"3.5147675,-147.940907",Spanish
c6fdfda0-16d6-41ca-bb12-6489199692c1,Employee go her treatment card popular.,arroyo.com,Finance,503,no,yes,desktop,Firefox,2025-02-18T03:54:04,426,"-45.020529,-98.821496",English
84979a32-c942-4e62-8ca0-9dea8a25938f,Marriage leave reach region movement let.,lewis.org,Operations,2084,no,no,mobile,Edge,2025-01-03T04:19:08,48,"88.5188135,167.755730",English
a6328211-fb33-4866-b69d-6dea2ca8c3ac,Maintain against course social.,schultz.com,HR,1432,no,yes,mobile,Safari,2025-01-12T10:10:10,141,"-64.774148,-105.643936",English
59088f07-0741-4fd7-83d7-7ca518ad31ac,When year various us national.,boyer.com,Marketing,8186,yes,no,desktop,Firefox,2025-01-06T05:58:50,294,"-52.1650595,-109.089626",Chinese
1f4d134d-4092-43e0-8dff-e9abb064f35f,School usually debate choice everything tell.,brown.com,Sales,1305,no,yes,mobile,Safari,2025-03-06T04:04:49,207,"-88.538933,33.321865",Japanese
a6a436ee-3722-46d2-8c94-3448b7d34487,Performance treat professor which hospital effect.,flores.info,Finance,4884,yes,no,mobile,Firefox,2025-01-06T15:46:11,193,"52.5341935,141.576933",Japanese
f6b4c915-a812-45b2-9889-1a717be1f0a3,Take low pattern daughter.,reyes-bradley.com,Finance,9661,no,yes,mobile,Firefox,2025-03-28T13:29:18,331,"-42.3972845,-28.736122",Chinese
de15396b-cf1a-49e2-8aa5-61c9b1f4419b,Growth top during.,lewis.com,Finance,5811,no,no,desktop,Firefox,2025-02-28T01:52:39,168,"-45.953770,166.392046",Japanese
a85f06e9-fc1c-4765-a6b6-12d94d402a2f,Again sing one.,perez-johnson.org,HR,3640,no,yes,mobile,Firefox,2025-02-02T09:30:53,461,"6.4069795,-58.296350",French
ad019bff-0ae9-4d56-b377-5dccb924dd45,Tax meet pressure letter.,knight.com,Marketing,6842,no,yes,desktop,Opera,2025-01-29T12:03:14,542,"-19.4510135,-61.609683",Chinese
8daf0ded-7041-4755-ba68-a32f2310d9a5,Push I key newspaper kitchen.,gomez.net,Finance,753,yes,yes,desktop,Chrome,2025-03-18T08:36:21,583,"76.1820455,-137.788699",German
92f8d8f5-0cbe-4e7f-9b69-61421df6586e,East artist bad physical apply put natural.,wong.com,Operations,2466,no,no,desktop,Opera,2025-01-10T10:48:51,16,"-35.325801,177.606924",German
5942e1b5-a724-43a3-a112-921d36961bb3,Room itself most religious.,bowen-hammond.com,Finance,1080,no,yes,mobile,Safari,2025-03-25T06:26:43,550,"72.1694385,72.184627",Japanese
4afdd45f-cd05-453a-bf98-90eff04f0cab,Type leader hard.,coleman.net,Sales,5946,yes,no,desktop,Edge,2025-02-13T15:25:56,204,"72.1328495,-115.739907",Japanese
2f3e4af8-d63b-4817-9333-5090aa23a909,Side evidence environmental administration information fast yeah.,smith.com,IT,3448,no,yes,mobile,Firefox,2025-03-21T19:33:57,122,"22.1947675,27.691879",French
7b479a44-2b5f-497f-b22d-8ead92d1f571,After student each group main cut.,rose-collins.org,Operations,1928,no,no,mobile,Firefox,2025-01-12T10:10:05,428,"78.317066,63.721449",French
a5921d23-532f-4765-80e0-d9bc452254e2,Either book star who and wife.,bell-soto.com,Sales,2551,yes,yes,desktop,Safari,2025-03-26T05:23:42,151,"-18.612954,-53.319389",Chinese
eb3b0f57-f792-468b-b40c-2b67e43dde7b,Step business explain you cost despite.,nichols.com,Marketing,831,yes,no,desktop,Firefox,2025-01-19T04:51:38,295,"-75.607060,-94.198487",Japanese
b4e81350-2b40-4b16-ac75-7c1904b83d6e,Lead himself national kid.,garcia-clay.com,HR,1849,no,no,desktop,Firefox,2025-03-27T22:53:17,45,"46.596694,-105.165140",English
dff220e9-0851-4561-b2e3-8645ef3ed8d6,Myself boy member side.,hale-davis.com,IT,5027,no,yes,mobile,Edge,2025-03-17T20:39:00,472,"19.450786,94.707576",German
e6d2b5b6-6c2b-44e3-bef4-06926b3f1f18,Discover west exist house surface.,smith-ross.com,Marketing,6149,no,yes,mobile,Chrome,2025-01-11T00:06:37,400,"23.3881615,85.489193",Spanish
492b667f-8bf9-43aa-89a9-dd2148057a12,Soon eat through audience.,sanders.com,Marketing,4148,no,no,mobile,Firefox,2025-02-06T12:17:24,504,"5.276819,86.031672",Japanese
6f96089e-fa81-46e4-b41f-126662303584,By because central image develop whom institution mother.,cole.org,HR,7494,no,yes,desktop,Chrome,2025-02-13T21:32:18,274,"74.337146,-115.142260",Chinese
4570cbb1-a3dc-4a75-a126-83a1affb9c4b,Affect rate report here open there.,henderson.com,Marketing,5888,yes,no,mobile,Firefox,2025-01-17T17:21:19,592,"-21.7336585,97.541553",Japanese
bde54236-fc56-4836-971d-eba01d63d758,White level scientist base tough hair.,cooke-jones.com,Marketing,8807,no,no,mobile,Firefox,2025-03-28T23:26:01,149,"4.2633795,16.821902",Chinese
9a2250fd-dd67-46c0-9581-494043a38acb,Computer result draw require.,brown.biz,Finance,2227,no,yes,desktop,Edge,2025-03-14T08:20:32,107,"-24.485515,-51.110677",Japanese
df51eaf3-3448-41e0-a845-1330c4d0b8c5,Husband site agent coach cover.,fernandez-cruz.com,Operations,2528,no,yes,desktop,Firefox,2025-01-17T19:52:16,345,"-62.5607475,79.669567",Chinese
d334fe4f-4053-4d5b-8aed-d3e6e017c849,Night put southern.,olson.info,IT,5865,yes,no,desktop,Safari,2025-02-25T03:50:05,197,"-76.4238555,153.339004",English
c10ad472-1c7c-45a8-8013-624f60ce9900,Can window executive paper American.,holder-walker.com,HR,9476,yes,no,desktop,Opera,2025-02-21T04:35:30,27,"-70.697471,-33.460692",Spanish
c64cf53c-193c-4e60-bf08-46be5357d1cc,Strategy anyone indicate machine stop body.,valenzuela-swanson.info,Marketing,5046,no,yes,desktop,Chrome,2025-03-01T02:25:11,88,"15.910413,-112.888858",Japanese
55808210-f7b7-494b-ba36-333d9025371c,Side film or million agent young.,sweeney.com,Sales,6835,yes,no,mobile,Safari,2025-02-17T15:21:27,133,"85.7291325,59.023543",Spanish
1aa0e125-6d54-4317-980d-5a08ea088124,On year season quickly.,robinson.info,Marketing,1250,yes,yes,desktop,Firefox,2025-01-02T08:15:50,244,"15.7725775,-30.624125",Chinese
e5ce3d28-9c7e-4f91-857d-97b6c26208a4,State Congress catch call attorney participant another.,salinas.biz,Operations,1506,yes,no,desktop,Safari,2025-03-07T20:49:41,32,"43.667265,-147.673210",Japanese
0d133c5d-ff4a-4531-b250-6cf75404cc91,Trial nearly lot season.,ashley-nelson.com,IT,6668,no,yes,mobile,Firefox,2025-01-24T21:33:34,537,"55.807680,167.488387",Japanese
b25c46b1-a98b-420c-b9c7-aaf4254fb669,Wrong most one big sit through on.,wiley-johnson.org,IT,3016,yes,no,mobile,Opera,2025-04-02T19:33:06,87,"67.441690,172.650009",Spanish
4148baad-3660-4952-8dcf-6e211127f9c2,Indeed manager manage this high price.,parker-underwood.com,Marketing,5805,yes,no,mobile,Safari,2025-04-04T03:11:36,191,"40.522511,60.691541",French
670947e4-a2bc-4371-b54e-71fed0873072,Image language phone news either action camera.,molina-kelley.com,Sales,8733,no,no,desktop,Firefox,2025-03-04T21:54:04,440,"-0.7965915,142.692147",Spanish
59bc78c3-07b4-4a08-8061-6ff207029c6d,Strong leg structure before reach education response.,montes-wright.org,IT,4520,no,no,mobile,Chrome,2025-01-02T16:36:07,356,"-75.7045585,-54.836401",German
0ad21715-250f-40af-8da7-661c31eb0e30,Within plan chance stock join.,smith.com,Operations,3526,no,yes,desktop,Chrome,2025-02-23T20:04:50,179,"69.734909,123.404607",French
0fb55773-7fed-4d57-ae9c-4e715af146ce,Possible very different lot weight heart.,rodgers.com,Sales,6495,yes,no,mobile,Edge,2025-01-28T15:13:03,567,"-62.5999725,151.784084",Chinese
4007908c-8b11-4717-914d-431a638c1e43,Near serious program mother above speech middle.,huff.com,Finance,8651,yes,no,mobile,Chrome,2025-01-29T18:42:43,51,"68.503710,143.881591",Chinese
ae114e1c-33e6-412a-88b9-d39207f7a6b3,Trouble cold list many.,herrera.com,Sales,5148,yes,yes,desktop,Edge,2025-02-08T03:19:01,313,"-88.2157735,31.876446",French
b7fa4780-5f92-419d-b344-99dc2f5ca031,Budget bit produce consider while support.,ware-campbell.net,Marketing,6705,no,yes,desktop,Chrome,2025-01-06T10:38:47,470,"-38.447100,160.554017",German
44368dba-2e4d-45fd-9f8a-89a207aaf2d6,Those improve relationship a glass debate real.,miller.com,IT,9961,yes,yes,mobile,Edge,2025-01-16T04:14:43,214,"71.2343745,94.361382",German
d7799c76-ebb4-439a-bbcc-d0ae1c011e08,Protect paper try break official order industry.,lopez-johnson.com,Sales,7376,yes,yes,desktop,Firefox,2025-02-24T09:21:46,408,"-43.6619795,124.912800",Chinese
c5d7839f-47c1-4272-946e-71e73e5c7436,Owner simple movement stay occur.,watson.info,Marketing,7491,yes,no,desktop,Edge,2025-01-24T14:36:41,432,"68.393315,-167.091223",German
6995bcf0-a8fe-45a4-9d16-e90d96242303,Often past plan example role.,bennett.com,Marketing,2310,no,yes,mobile,Chrome,2025-03-16T17:46:26,335,"-31.3441445,105.294934",Chinese
65609117-8920-4c7f-a947-aa2e0c014305,Own investment would gas now item since.,conner.com,IT,8463,yes,no,mobile,Safari,2025-01-12T23:33:46,509,"-79.8606375,18.195232",French
f137c1a6-bbd9-4f2b-b459-743b37f39c78,Key third exactly.,mitchell.net,Operations,9775,no,no,mobile,Chrome,2025-03-30T00:17:17,43,"26.6115515,120.587963",English
8a65f6ad-2979-4e7c-a073-0a845d500d9f,Lay smile population.,koch.com,Operations,6912,yes,no,desktop,Edge,2025-01-07T15:22:42,357,"51.164046,-59.664413",Chinese
39dd6106-2a03-44f5-b349-4ae9940cfc28,Wind police film size kid hard finally.,hines.com,Sales,2107,no,no,desktop,Firefox,2025-01-02T19:52:38,117,"-29.618111,155.948846",English
cc8dd03c-5a82-4a86-955a-47138bce4666,Discover something shake defense.,taylor.com,Finance,9764,yes,yes,desktop,Firefox,2025-03-18T23:59:00,259,"77.2915375,-157.253431",English
a5a5d085-c929-48c1-82d9-b0ab3b6d2549,Bring put forward could every.,barrera-richard.com,HR,1207,yes,no,mobile,Safari,2025-03-12T03:09:29,595,"3.045013,55.090537",English
b5858441-2149-496c-a54a-ecb7042aa63b,Reveal you pressure nearly attorney table message.,walker.com,Sales,5195,no,yes,desktop,Opera,2025-04-03T13:41:23,17,"42.801102,-123.817209",English
6a20410c-330d-45b0-a848-7dc98d3dcffc,Police open region around.,newton.com,Operations,6346,no,no,desktop,Edge,2025-03-14T19:26:16,597,"-88.4155845,35.092965",German
b70f4d48-bb61-427f-a51d-2bf93f792e75,Would person perform people soon thousand.,walker.biz,Marketing,9690,yes,no,mobile,Edge,2025-03-31T07:58:36,373,"42.9152155,81.184853",French
3cfbf695-5716-467a-a450-d11701638a5a,Dinner response opportunity ball laugh whatever story.,morse.com,Marketing,4752,yes,no,desktop,Safari,2025-03-22T16:20:48,337,"20.032451,-44.403966",Japanese
c02d4b04-e9a6-444c-b432-52d28d04b0ab,Its water last model it.,johnson-vega.org,Sales,6982,no,yes,mobile,Firefox,2025-02-10T10:11:32,232,"-64.878617,-175.163414",Chinese
1a2949a5-623d-4a71-b554-f26567d561f8,Foreign guy among.,rodriguez.com,Operations,4709,no,no,desktop,Safari,2025-02-13T17:38:01,38,"-37.804164,-106.171364",Chinese
7495b3c9-f1db-4609-badb-2b8098ec623e,Couple staff clearly baby cause husband bit.,hall-terry.org,Finance,995,no,yes,mobile,Edge,2025-03-21T15:59:07,199,"-22.154685,137.346184",Chinese
4cda44cf-c420-4ce9-af7b-31345dd77ee8,Senior later body bit mother.,harvey.org,IT,9422,no,no,mobile,Opera,2025-01-05T04:24:34,160,"31.4305795,78.941391",English
0b5c26dc-cde5-4cc0-81f0-8912ace10270,Tree throw responsibility wife support let north.,moran.biz,HR,8141,yes,yes,desktop,Edge,2025-02-25T00:02:30,293,"-71.836499,176.430860",Spanish
4712903d-e800-4f91-8914-ed2568d8f648,Almost player hospital economy customer.,johnson.com,HR,1986,yes,no,desktop,Firefox,2025-01-17T06:08:37,466,"-0.861010,127.542029",Chinese
a8abb12d-4910-4985-81c1-ecc0536428dd,Learn water compare return think.,stewart.com,IT,7307,no,yes,mobile,Firefox,2025-01-14T05:51:53,216,"55.7174965,-21.503750",German
8ff88545-a8bb-47b9-9ba9-fc55c31e21c6,Clearly future score fill southern trade employee call.,small.com,Marketing,3974,no,no,desktop,Edge,2025-03-23T11:45:46,500,"-39.462497,-2.128618",English
ac066c50-25b6-44e5-b8d6-d880db9dd5f2,Detail institution military stage appear police.,herman-matthews.com,IT,6002,yes,no,desktop,Firefox,2025-03-21T21:54:18,560,"-28.5343995,111.945158",Spanish
5362e29d-7ff2-4b50-841b-acd6aefc8df0,What employee effort raise for from.,cain-edwards.info,Operations,5482,no,no,desktop,Safari,2025-03-26T04:37:22,377,"-6.245284,174.071776",Chinese
602308b9-fe90-4ae5-8e5f-e3987c964f56,Baby may face then follow issue.,king.com,IT,9930,yes,no,desktop,Firefox,2025-01-19T02:16:59,111,"64.3091325,114.861339",French
005c9ebd-c1f4-4373-bfa3-d41345b00658,Clearly task end happy.,johnson.biz,Sales,5198,no,yes,desktop,Safari,2025-02-27T10:13:32,169,"75.650199,8.585377",English
cb39a119-b4fd-4a4a-aaab-112b42a235c7,Serious song later miss best ask.,gilbert.info,Sales,3226,yes,yes,desktop,Edge,2025-02-18T09:37:25,509,"57.172316,164.488394",Japanese
96c905ee-badb-49f8-a1ed-2a8d43981e2b,Education there point knowledge purpose.,roberts.com,Marketing,6174,yes,no,mobile,Edge,2025-02-27T06:22:02,571,"-63.227695,-167.388037",Chinese
4dc608cb-36e7-4493-b713-8632d580536c,Guess small machine fly whole.,lee-walker.com,IT,4691,no,no,mobile,Edge,2025-03-13T11:49:40,389,"-1.755385,-151.862756",French
4013f872-fdc2-4803-9027-ef13500f5b39,Possible talk goal yet interest society.,andrews.com,Sales,4808,yes,no,mobile,Chrome,2025-02-15T11:25:56,334,"-85.473547,147.399713",German
10b5557c-38b5-49ee-8f76-0b8cacd2add4,Could maybe kid apply.,peterson-nelson.com,Finance,8294,yes,yes,mobile,Opera,2025-04-01T21:12:26,346,"26.880879,147.561593",Chinese
9a1e2838-9ee8-459a-84bb-ea11d3055a70,Pm stage wear science stay indeed land.,miller-jones.com,Marketing,3942,no,no,mobile,Chrome,2025-02-21T04:33:46,398,"-44.5645705,137.500646",Spanish
2af784ab-a6f9-4c11-b787-4cd2c8f1bd5b,Own might catch too interest too history.,morrow-carter.com,Finance,1364,yes,no,desktop,Opera,2025-02-05T01:07:20,300,"72.5767925,-79.426593",English
6bbe8aa2-1143-44e1-8e79-93f7f5f75cdf,Once memory relationship contain.,perez.org,IT,3403,no,no,mobile,Opera,2025-02-20T12:46:13,318,"70.474973,125.513670",French
8ffc1666-b872-4be9-96c8-7572c56d7b05,Another medical system name reveal practice.,franklin-moody.com,Finance,8517,yes,yes,desktop,Safari,2025-03-29T09:19:22,187,"20.546428,-169.183367",English
6a5bd1f6-09a9-41d7-86f3-120d1e3cbe6c,Almost manager parent message.,perez.com,Sales,5773,no,yes,desktop,Chrome,2025-03-30T07:06:40,128,"-49.100308,-13.129671",Spanish
741d1c83-04ae-4511-9829-65d7dd85507b,Sign save get although job.,moore.com,Marketing,6093,no,yes,mobile,Opera,2025-01-10T06:43:52,531,"-3.156959,164.169944",English
50a12902-cc67-42ad-96cb-e52fbe89f4ba,Summer shake former movie tonight.,shannon-montgomery.com,Operations,5202,yes,yes,mobile,Safari,2025-01-10T07:52:36,252,"-87.318587,22.437400",Spanish
d8a0cd29-227d-43a4-ac0a-3de68144192c,Certainly care customer base young firm be.,moore-roberts.com,Operations,2040,yes,yes,mobile,Edge,2025-02-04T05:46:17,593,"-47.709848,-31.561259",French
b031609f-7096-4427-92a8-24376c68f1ed,Long hear skin by fish.,santos.com,IT,9873,yes,yes,desktop,Opera,2025-03-08T12:35:10,438,"-52.227443,37.822657",Chinese
bb6df554-38f0-4333-934c-66726fabb307,Recognize your car onto call story.,chen.com,Operations,5846,no,no,mobile,Safari,2025-03-14T04:58:30,160,"-54.9908565,66.147177",English
c66a356d-2ee9-408c-b2c3-7f6df4bb00f0,Ball house tell large.,foster.com,Operations,2507,yes,yes,mobile,Edge,2025-01-09T07:42:28,420,"10.206294,70.747515",Chinese
18c1d2bc-f3be-483b-ba28-d2c1ab5b9c06,Nature how open.,gibbs-nguyen.com,Sales,2717,yes,no,desktop,Edge,2025-02-04T18:22:35,146,"-38.0531685,94.315245",Japanese
76412b89-22bc-4b10-875e-e1f73f00249d,Popular entire fear onto.,carlson.net,HR,6223,no,no,mobile,Firefox,2025-02-08T04:50:26,415,"-62.1003605,148.010594",English
ead8eb22-9a17-4b9a-925a-df5531d84c77,Cultural point head officer pressure most because.,reyes-nguyen.net,Marketing,9412,no,no,desktop,Opera,2025-02-23T18:58:18,66,"-44.1997105,-10.558461",Chinese
297b06b1-350c-4bb7-9207-08f67d41f0f0,Tv give west case large check.,shaw.com,Finance,8474,yes,no,desktop,Safari,2025-01-18T12:49:56,215,"52.391543,37.700856",Chinese
680bad37-a8bd-4328-8df5-98fa8633b616,Discuss professional there fall air morning crime.,arroyo-hodge.com,Finance,1596,yes,no,desktop,Opera,2025-03-26T20:23:28,483,"30.092626,-134.871192",Chinese
6dc98a06-465f-4ab3-b649-736fb9e3a517,Plan company return usually article.,davis.org,Finance,4973,no,yes,desktop,Opera,2025-03-01T03:31:44,385,"-48.4732025,-173.642019",German
7f51c4fd-5169-4e18-ae51-d3ffda59a723,Talk international indicate.,turner.org,Operations,7704,yes,no,mobile,Chrome,2025-01-08T03:57:04,174,"17.1452385,18.139059",German
e8d9311f-5061-45f4-a490-08613cbcc796,Price product region face consumer point others.,patel-taylor.com,Finance,8144,yes,yes,desktop,Firefox,2025-03-10T19:43:27,240,"-81.375952,119.552954",English
995dd597-c98f-45da-b4d5-96b81e6a792e,Crime today population cost anything defense answer.,morris.com,Marketing,7705,yes,yes,mobile,Edge,2025-01-02T08:47:46,122,"-88.5509675,-70.257318",German
5db1348f-6f39-45b6-a000-42c4a0d3164f,Arm rock peace couple join.,garza.com,Sales,2640,no,yes,desktop,Edge,2025-01-14T12:12:26,73,"-30.374157,91.923576",Spanish
ef4e530b-bce9-4672-b633-eebce72d0531,Finish network sound crime.,carlson-fleming.com,IT,1782,no,yes,mobile,Safari,2025-03-25T21:17:06,93,"-1.8431325,151.604724",English
01b87738-457b-44f9-b94c-f90205a0b7bc,Since good again good major report.,alvarado-pena.biz,Sales,6362,yes,no,desktop,Chrome,2025-01-01T18:05:47,426,"-76.6451675,177.109214",German
6acdd2c6-f6f4-4cb1-8ade-8a2fa35bbbf0,Perform front edge.,smith.com,IT,704,yes,yes,desktop,Firefox,2025-01-03T19:07:13,529,"-12.6280675,-177.305035",German
0bd9cec6-a892-4780-9839-a1a1342f7bcc,Discover direction begin with.,robertson.biz,IT,2071,yes,yes,mobile,Safari,2025-01-09T01:21:21,21,"-76.0062445,44.149765",French
3e1b66f1-42d4-476e-ac7e-c73cbe1d707a,Stay simple nearly break especially financial region.,moreno-figueroa.biz,Operations,2807,yes,no,mobile,Safari,2025-01-03T05:27:59,49,"79.445437,-141.683889",German
3bbfdd05-1945-4721-8b12-d028f8e8e857,Occur but building floor outside appear.,harris.com,Marketing,9456,yes,yes,desktop,Firefox,2025-02-14T21:39:41,47,"49.4841275,172.171962",Japanese
ec29495b-1422-4290-a37c-70f6f35b01ff,Trip effect center power.,warner.org,HR,702,no,yes,mobile,Chrome,2025-01-29T15:19:26,476,"9.8588675,-39.048444",French
382ad0d1-26c6-4f39-a722-110571b7b776,View require behavior human.,nichols-turner.net,Operations,1983,yes,yes,mobile,Opera,2025-02-19T12:30:27,213,"46.0152725,-89.467519",French
0f494a1a-c402-448a-91bb-f0dbea347f39,Color skill weight find.,clark-bray.com,Operations,1922,no,no,mobile,Firefox,2025-03-23T13:36:21,140,"-12.1395455,-106.254292",French
c869f35a-35d0-4a59-92bd-803728403404,Might bank involve.,yu.com,HR,7374,no,yes,desktop,Safari,2025-03-09T15:14:36,254,"-40.744168,19.444177",German
2f0ef939-4112-4786-9bbe-f1d0d4af9bb6,Give simply food hand question truth.,giles.com,Marketing,6599,yes,yes,mobile,Opera,2025-03-16T15:52:15,67,"12.502572,68.646763",Spanish
37680cd8-5382-4912-a7c9-d553e1c80840,Action general oil people technology relationship while.,rojas.com,Finance,7552,yes,no,mobile,Safari,2025-03-27T19:53:24,345,"57.1826175,-158.044448",English
e1ae2fac-ef61-44c7-ad00-cac84b14c547,Home degree under.,griffith.com,IT,9753,no,yes,desktop,Chrome,2025-04-01T22:22:55,99,"-37.5646615,-63.591631",English
d3c2fa92-c7d8-4778-84af-7064816eccca,According your close fall show minute.,burnett.com,HR,7592,yes,no,mobile,Opera,2025-01-05T20:58:53,331,"34.9590795,-20.141821",German
a3448a23-31e1-4aad-a137-97d96b381cac,Score wide actually reason structure computer above resource.,gallagher-moore.info,Sales,5102,yes,yes,mobile,Opera,2025-03-31T10:40:32,290,"82.799204,19.501849",English
2fff67d5-1eab-4e25-a1f0-8f5400f1548b,Pass could past foreign must.,hill.biz,IT,7538,yes,yes,mobile,Firefox,2025-01-13T07:55:25,197,"81.851092,19.194953",Chinese
cf83f3dd-6ea1-45cf-8326-837b60107f89,Room notice line government third stand popular.,mathis-carpenter.biz,Marketing,7937,no,no,mobile,Edge,2025-02-10T15:38:47,349,"-13.8583315,-88.301618",French
3d508a70-d34f-49ae-9685-de8231cef95a,Modern board owner firm.,gomez-nguyen.net,Sales,1989,no,no,desktop,Edge,2025-01-14T22:56:42,174,"-22.9047385,9.618652",German
f1d85fe5-9b1c-4984-a6ce-7946866a00fe,Center sound of enter continue.,jones-lee.com,Operations,978,yes,yes,desktop,Safari,2025-02-17T20:15:56,22,"-33.2405875,130.928807",Chinese
e0f5fa90-a72a-45f0-b11f-4d381778c7a1,Expert sister realize up chair situation.,reyes.com,HR,6049,yes,yes,desktop,Firefox,2025-01-11T15:37:49,81,"-39.0859845,-95.753838",German
0fc85398-d94f-47a2-ad27-1bda0ba3e20b,Turn necessary next scientist indeed piece before.,rodriguez.net,Sales,6654,no,no,desktop,Chrome,2025-02-07T02:13:49,425,"71.451368,121.281398",Spanish
eeee4e27-882f-4a43-b7d6-08fb965f005e,Low dream level number.,willis.biz,Finance,2672,no,no,desktop,Safari,2025-01-07T18:44:08,35,"-23.8781805,-39.918334",English
3fea3628-7ea8-4069-9e17-63de5ad9d6cd,Play rate speak.,harris.com,Finance,1882,no,no,desktop,Opera,2025-02-11T00:27:13,322,"86.0964235,-92.267615",English
506db9e4-dfea-4d0d-abb8-aca67925b6b9,Pick article list break admit.,oconnor.info,Marketing,5239,yes,no,desktop,Edge,2025-01-19T04:24:26,274,"-6.927022,-169.908379",Spanish
fff94940-ccb8-441a-ad9a-bb751fe3565f,Character young source Republican explain this late.,lewis-wallace.com,IT,3729,yes,no,mobile,Edge,2025-01-17T18:11:11,147,"55.1828555,141.550505",German
57798b65-6f40-4052-a0cf-b8e54844dc6b,Center until teach sometimes.,foley.info,HR,2768,no,yes,mobile,Safari,2025-02-13T02:15:31,457,"59.5173765,-2.858152",Spanish
a086c01c-1764-457f-baab-ef10166d5780,Drive green hair television.,garcia.com,IT,3289,no,no,mobile,Chrome,2025-01-07T14:42:53,63,"-23.2177785,-45.797928",German
c9820a8d-4cb5-4808-b158-76f54ec2ea09,None suggest baby remember American lose whether.,brown.net,Finance,6758,yes,yes,desktop,Safari,2025-01-02T00:19:20,195,"35.4672795,-93.868220",German
7938b498-2169-460a-a326-53978c8614ea,Subject public collection along see visit.,ramos-bright.com,HR,1939,no,no,mobile,Firefox,2025-01-29T08:27:57,576,"15.461180,-72.162266",Spanish
87f88bdc-8d1f-4f03-983f-758ccf4fcd15,Blood protect create.,mills.biz,IT,3919,yes,no,mobile,Opera,2025-01-04T20:30:39,62,"37.1736745,-101.797734",Chinese
680e9ab4-05dd-4f6a-ac6a-50727a703d15,Law improve affect final under important charge.,mayo.com,Marketing,2364,yes,no,desktop,Safari,2025-03-24T01:35:21,34,"77.367336,-55.894403",Japanese
68bfd874-06c4-4830-8e50-d65698795472,Any ago quality fund southern arm.,solomon.org,IT,6211,yes,yes,desktop,Edge,2025-01-27T03:56:29,430,"29.032441,-176.068382",English
0e58a1b2-0fde-4013-98f5-a0f242292c14,For deep quite.,fletcher-booker.com,Finance,1693,no,yes,desktop,Firefox,2025-02-09T00:34:01,343,"-55.3013965,-174.070082",Chinese
ad02ccc1-9abe-4d88-8f44-4ec632f8af17,Rest letter speak shoulder performance entire land hard.,patterson.org,Operations,5827,yes,yes,desktop,Chrome,2025-03-23T15:15:38,58,"6.095865,112.035006",French
e7866a96-4dbf-4e1f-9e20-985220b51ba4,Sit tend whole democratic start kitchen over.,park.biz,IT,9093,yes,no,desktop,Chrome,2025-01-12T11:58:56,496,"-34.050028,-122.416601",Japanese
54d7cc42-0a6e-426d-b472-24a525905633,Next guess here discover key big those American.,berg.com,HR,3523,no,yes,mobile,Firefox,2025-02-11T15:56:31,354,"-82.8775135,-119.450684",Spanish
c97bceec-54f0-4a67-8684-286a02160072,Cup sit put simple investment election.,jones-cabrera.com,IT,6638,yes,yes,mobile,Chrome,2025-02-23T14:36:56,335,"41.671097,38.674737",Spanish
b39a31d8-53c2-4a54-b701-829b40159d45,World system film.,warner.info,Sales,6956,no,yes,mobile,Chrome,2025-03-07T07:57:24,331,"-14.173266,158.463102",English
c445fe2b-7b06-4d88-94ba-2f07cd55f0db,Guess forward score.,snow.com,IT,5510,yes,no,mobile,Edge,2025-02-24T21:18:14,503,"83.662458,29.470259",Chinese
05d8013b-5fd3-4584-8276-6887f77cb2fc,Before thus give first.,torres.com,Sales,612,yes,yes,mobile,Chrome,2025-01-10T22:16:00,177,"75.937374,119.447818",French
c075534a-398a-4d0e-906a-2c608c8b11e5,Arm me window president.,campbell.info,Finance,9135,no,no,desktop,Edge,2025-03-16T15:51:14,115,"26.542490,-165.896912",Chinese
3d12eb8f-2c63-42ac-a4a8-421322ef9eaa,See feeling business you blue soon work.,trujillo.net,Operations,4918,yes,no,desktop,Safari,2025-03-24T02:10:07,485,"33.132649,147.337960",Japanese
4ab23ae2-9dff-4fd0-8694-40cd3d3306a7,Study over detail weight over hundred no.,lewis.biz,IT,4006,no,no,desktop,Edge,2025-03-27T16:31:55,539,"-55.961792,149.182711",English
f6683042-18ed-433b-8120-6596644e4acc,Truth medical recognize student behavior your material.,johnson.com,HR,1136,no,yes,desktop,Safari,2025-02-21T17:27:55,221,"-59.3922445,63.498129",French
51093907-ac5e-4bdf-83ba-4368beb0b90f,Stop really million act politics first.,anthony.com,IT,2446,no,no,mobile,Safari,2025-01-04T04:03:58,49,"43.6566585,-128.476622",German
b870de4a-1093-45d0-923e-279c559a9e29,Five product value task degree media floor.,clements-snyder.info,HR,6524,no,yes,mobile,Opera,2025-01-24T05:00:18,298,"25.8267735,-83.629401",Chinese
7c54125e-029a-4cba-9408-a7021539d1f5,Offer source those.,spence-romero.com,Finance,7215,no,no,desktop,Safari,2025-01-23T12:59:31,128,"-60.3531385,59.457933",German
6b214fea-9aa4-4104-adbc-032ee164ec5a,Official subject north make similar.,patrick.com,Finance,1370,yes,yes,mobile,Opera,2025-03-26T21:33:36,594,"-40.8152325,60.777856",Japanese
5b994617-513c-4f19-ae1f-ad5e5089e4b3,Put carry role south us together significant.,sandoval.info,Operations,5050,no,no,desktop,Firefox,2025-02-23T22:29:51,392,"55.304618,169.795160",Spanish
fb31f81b-bed0-4fb4-9c2e-d41fad11ec8a,Discussion dinner protect military.,brown-gonzalez.net,HR,2503,no,no,desktop,Edge,2025-01-07T06:29:04,71,"-54.701926,70.158478",English
133242a1-3c26-4352-a734-d2c702d37e13,Special film natural nice upon environment reach seem.,garcia.com,Operations,5268,no,yes,mobile,Chrome,2025-03-19T17:46:34,587,"-49.100068,-150.578881",Chinese
029cfd0d-13ae-48ef-8931-8129a782b2dd,Measure then might check take.,ortiz.info,Marketing,6806,yes,yes,mobile,Chrome,2025-01-04T02:56:11,340,"14.3666675,9.918145",Japanese
aa08913f-fbd5-4706-b29d-c6d279b06933,Maintain political public here.,reed-oneal.com,Sales,1217,yes,yes,mobile,Safari,2025-03-14T04:10:32,97,"-85.470405,-14.754516",Japanese
d3dd74c4-f3de-45bb-94ab-54176494ecd3,Line front run send rate his century.,byrd.info,IT,9871,yes,yes,desktop,Opera,2025-01-27T06:09:31,421,"78.171259,92.404428",French
46d4067f-3a8e-48a6-b03d-e8cfe06653dc,Lay true board threat north.,blankenship-jimenez.biz,Finance,5573,yes,no,desktop,Safari,2025-01-12T12:22:23,527,"-74.693207,-95.809511",English
3a49caec-a879-4eaa-8ab7-dc387a18d866,Stop care word despite his step.,foley.com,IT,2774,no,no,desktop,Chrome,2025-03-25T07:06:14,427,"-85.5606655,153.557620",Spanish
528bdfd1-23b8-4d08-af14-4ba1da1e72bd,Interview star politics account star art four.,martin-gray.org,Finance,3239,no,no,mobile,Firefox,2025-03-03T17:27:03,451,"-32.711123,170.075130",English
5768710e-4a04-41ca-b913-3951e00f6df4,Cup recent fly.,houston.info,HR,8821,yes,no,desktop,Opera,2025-03-21T08:43:31,170,"-20.2559645,33.318337",English
31e6c57b-71d0-4eab-ba71-0563b3413541,Soon future human relate.,lester-hamilton.com,Operations,4765,yes,no,mobile,Safari,2025-01-30T18:28:30,319,"-4.737902,-142.317763",Chinese
86c6cf0d-77ec-441f-8626-1384b7615fde,Meeting suddenly politics word recognize federal impact space.,leonard.com,IT,1480,no,yes,desktop,Opera,2025-02-26T13:11:31,410,"32.254090,10.089384",Chinese
f2e8409c-cdc0-4b67-98af-51889f17da21,Beyond face both soldier sell.,black-kirby.info,Finance,680,yes,yes,mobile,Safari,2025-01-28T00:07:13,239,"45.594413,156.883189",French
a94cd2ec-c62d-42f8-9f9e-8338a09a535c,How about mind fund business.,martinez-smith.info,Sales,7994,no,no,desktop,Opera,2025-03-13T00:59:23,523,"-51.7014185,-81.807861",Spanish
03b2bf17-e643-446a-8799-ed8946247a20,Instead ever minute authority occur central.,johnson.com,HR,6330,yes,no,mobile,Edge,2025-03-25T08:25:58,96,"-36.578352,-110.200249",English
845e1c34-f1eb-44da-a3f9-0cf41dbe4655,Realize well half western.,jones.info,Finance,9696,no,no,mobile,Opera,2025-01-29T23:39:27,63,"-53.322643,-164.939279",French
39f4fad9-0325-464f-9e2a-54124a976100,Gas cell chair.,sanchez.com,HR,2906,yes,yes,mobile,Chrome,2025-03-01T12:58:28,425,"75.8997535,141.717682",Chinese
37140dac-2075-44fb-aa4c-f88527bd526d,Forward fish because political.,morgan-grant.com,HR,2638,no,no,desktop,Firefox,2025-03-18T16:49:28,276,"-42.5223815,47.213201",Chinese
c82ebadc-f3b3-4577-8985-7c144195e199,Go nature shake great.,anderson-hamilton.com,Sales,7933,no,no,desktop,Edge,2025-03-15T15:44:36,280,"-69.0566825,-81.648777",Chinese
5ca88d7d-8008-456b-89ee-9c74ee4d099b,Somebody though him quality student serve.,mcdonald.org,Finance,8405,yes,yes,mobile,Safari,2025-03-08T10:20:12,25,"88.2465645,-21.982680",French
37ebc0ed-c069-4a01-93a2-6284e33d1861,Air especially order identify around make.,oconnell.net,Sales,2603,no,no,desktop,Opera,2025-01-18T16:31:49,595,"11.5825595,52.062345",Chinese
86d6e293-0847-4bfc-974a-26dc74456920,Mr agency car while open sense.,soto-olsen.org,Finance,5641,no,yes,mobile,Firefox,2025-01-23T22:40:56,151,"-42.767220,97.526402",French
06b1b8f1-5629-47c1-8dce-be5be260bda2,Get ball father size thing first really.,mcdonald.org,Operations,4027,yes,no,mobile,Firefox,2025-01-09T16:31:36,464,"-75.2004125,11.356642",German
e868845b-5d27-41ea-a6e5-db7e02dce198,Mean owner likely talk entire realize.,bradshaw.biz,Operations,3738,yes,yes,mobile,Edge,2025-03-15T12:32:33,507,"-32.530650,140.243786",German
d0753e66-d8fc-4cb2-8177-4485187104a7,Half both technology wind picture staff one.,mitchell-hernandez.com,Sales,7941,no,no,mobile,Chrome,2025-03-06T03:19:57,70,"69.865313,-17.885000",French
b352f58a-a74d-4c28-90f0-700ab5e91455,Treat interest finally sing team team wonder.,cochran.org,Operations,5087,yes,no,mobile,Opera,2025-02-13T16:53:51,487,"12.6436645,33.120368",Spanish
69aa866b-86a8-478a-af22-a82109b4f243,Party three market toward nearly.,benton-miranda.com,IT,6969,no,no,mobile,Edge,2025-01-18T17:46:56,444,"68.7108135,179.617090",Spanish
88974a82-e630-4cbf-b32b-e59cb866c5d3,Capital where just contain source who hear.,wilson-fernandez.net,Operations,9646,no,yes,mobile,Edge,2025-02-06T06:01:01,530,"35.121581,-110.642779",English
9237e5f7-ec42-42fb-9de0-35050295bd71,Air home win reduce hear.,martinez-griffin.com,Finance,1557,yes,yes,desktop,Safari,2025-04-02T11:54:04,232,"-87.0393345,-68.350424",Spanish
8848f0d4-3833-4330-b7f4-326317ba095e,Growth move improve drug.,castaneda.com,Finance,7598,yes,no,desktop,Edge,2025-03-21T00:22:00,49,"61.303440,-17.032017",French
a5baeaee-3152-4814-bd70-4d80a0c0e76a,Daughter with large born service share.,berry.com,Marketing,8978,no,yes,desktop,Firefox,2025-03-24T20:02:23,536,"55.4351515,94.682965",Chinese
e4852fab-d6c5-4bcf-9ac4-8ea970ca3062,Such choose style smile quality can apply.,hall.com,Finance,2289,no,no,mobile,Firefox,2025-01-29T20:35:15,595,"31.5175005,-67.963653",Spanish
0b1172e2-f813-45d3-bbd2-e9432b7b94a6,Technology believe difficult wish try.,contreras.com,Operations,5008,yes,no,mobile,Edge,2025-01-11T10:47:18,230,"-23.3679285,-38.242567",German
ff51a182-547d-4e9a-b863-855e53c033c4,Court especially bring side.,andersen.net,IT,9479,yes,yes,mobile,Safari,2025-04-03T12:00:14,333,"-59.039948,11.281583",German
0a3127e9-bc30-4f5c-86bd-a5e4e5e9c48f,Senior election start message sister crime specific single.,huerta-davis.com,Marketing,3308,yes,yes,desktop,Firefox,2025-04-03T08:59:58,280,"9.0631005,-73.264174",Chinese
5c56df40-004f-4465-8576-8cf7c4bbf989,Action through foot every.,savage.com,Operations,1143,no,yes,desktop,Firefox,2025-02-13T20:30:02,490,"84.096000,-146.448291",French
fb183187-3a1f-4ea6-ba79-cdbf97d1341c,Put represent store no decision near feeling special.,johnson-atkinson.com,IT,9059,yes,yes,desktop,Safari,2025-02-26T18:13:31,239,"-80.3811455,132.160015",German
5f83873b-0a1e-4ef4-b6fa-75c52fb0cd92,Point any here design hospital.,daniels.com,Sales,8790,yes,yes,desktop,Chrome,2025-02-03T20:04:51,163,"21.529465,-3.041667",English
9b57467c-906f-453e-a2cf-f5d6df5e1848,Market treat ready tough.,cameron-garcia.com,Sales,3550,yes,yes,mobile,Opera,2025-02-26T07:28:47,523,"10.341806,-36.102354",German
edf3bb0a-5b61-4ba5-9734-a4b3cd7a5c60,Run side charge without.,ferguson.com,Finance,1750,yes,no,desktop,Edge,2025-03-20T00:52:03,466,"40.775598,175.533555",Japanese
135d2939-f3ff-408f-b3e9-b96c4d847c1d,Government maybe level author.,frye.info,Sales,6373,yes,yes,mobile,Safari,2025-01-05T15:12:42,354,"48.800584,-81.568931",French
661f397b-cf0c-42b7-a22d-61e763fe91fd,Traditional research the more time.,huffman.net,Operations,8041,no,yes,desktop,Edge,2025-03-05T23:31:57,442,"-56.2636505,-53.218420",Spanish
0fe43b51-7b7a-4c1c-be1a-ba1142e22943,Consider because image.,johnson.com,Sales,9064,no,yes,mobile,Edge,2025-03-26T05:20:25,277,"23.6241625,-121.960092",Chinese
25fb6a43-97c2-4c3b-8309-7a59ce25c72f,Job he speak deep attorney thousand.,hill.com,IT,5840,no,yes,desktop,Safari,2025-01-23T00:51:35,60,"-4.7997575,-145.660422",French
789c9066-a7ac-4fb9-88b6-1d6d41b0c54b,Other this involve.,evans.com,Operations,7423,no,no,desktop,Opera,2025-03-28T07:02:44,312,"-25.603920,-178.230438",English
ecee868c-8304-4255-99c9-50a1ede13ba9,Newspaper best stage himself other.,wright.net,HR,4436,no,yes,desktop,Edge,2025-03-07T00:51:20,579,"-46.941329,152.003749",German
53d6f333-0de5-416a-85a6-06b35d0eb94d,May political sign agent thank in.,thompson-knox.org,Sales,5055,no,yes,mobile,Chrome,2025-01-15T22:23:35,535,"36.101265,120.065493",Chinese
8847c58a-1add-4e05-b178-231c002e82c3,Cause opportunity service health respond the side.,marshall-hernandez.org,Operations,2142,no,no,mobile,Chrome,2025-03-26T10:37:53,218,"48.3991215,-148.865943",English
6a458727-7eb5-4e6b-a876-a47fdcaf27cf,Offer sort rule.,ortega.com,Finance,505,yes,no,desktop,Firefox,2025-02-27T19:21:17,96,"-85.9547615,117.364963",Chinese
79398b19-7f1e-482d-bf52-3a33ea74af1f,Through land something might.,hodge-evans.com,Sales,5831,yes,yes,mobile,Safari,2025-04-02T16:31:47,549,"66.878116,-114.528040",German
4f7e8b55-0137-4033-9670-ddd5934c2c09,Walk fact well common race.,nash-walker.com,Operations,5149,no,no,desktop,Edge,2025-01-21T15:19:46,56,"43.5560845,-43.641979",Spanish
976e2466-50fa-42f8-afdb-827c5d8ba2a1,Benefit back white scene article card home.,rangel-stout.info,IT,9816,yes,no,desktop,Chrome,2025-02-23T06:03:09,566,"-16.317438,-151.993917",Japanese
66dec743-9a02-4bb5-a206-0960bd871a24,Scientist level himself stuff unit play trouble.,villa.com,HR,1063,no,yes,desktop,Edge,2025-03-22T06:58:25,139,"-19.225061,153.587954",Spanish
2d7770ab-ccb2-458a-89ff-c6a5ff8dc5fc,Property woman writer power.,martinez.com,Sales,6343,yes,yes,mobile,Chrome,2025-02-23T11:56:27,185,"-59.293755,80.895558",Spanish
ff2c516a-b40a-445e-97a6-805a962e73d1,Store leg customer green despite civil.,nelson.biz,Operations,1832,yes,yes,mobile,Opera,2025-03-27T00:57:35,307,"64.573629,40.329903",Japanese
52a13354-656e-48f1-a890-b862b1412d13,Whose total book consider customer.,wheeler-johnson.net,Operations,2049,no,yes,mobile,Edge,2025-03-20T10:31:42,131,"-17.243372,-65.714672",Spanish
faff2cc3-b5de-4e82-9856-771f3e8a2aa4,Important sense street find.,gonzales.com,HR,2854,yes,yes,desktop,Chrome,2025-01-19T12:54:34,377,"-51.7794935,53.798246",French
3572fce6-53d2-41e4-898f-937ca965e8a5,Site hotel around happy control blue.,stafford.com,Operations,3265,no,yes,desktop,Chrome,2025-02-18T09:08:58,279,"15.0404725,-11.076135",Spanish
dc93d56a-2bfc-4b2e-9cf9-7fe5342ceb2f,Town program than attorney drug upon usually.,owens.com,IT,1049,yes,no,mobile,Edge,2025-03-23T12:46:18,368,"-55.527927,77.677655",Spanish
89ed7241-5359-4a97-92e2-bad026e0f0ae,Shoulder game prepare civil.,gomez.com,IT,1006,no,yes,desktop,Safari,2025-03-08T04:08:58,441,"-35.785443,155.327632",Spanish
d8c2b6cf-fd50-416d-850a-a91b344b64e8,Leader above popular leader candidate drop.,phelps-freeman.com,IT,511,yes,no,mobile,Edge,2025-03-18T19:40:49,438,"41.3570895,37.945214",English
e58cbce1-4364-45e3-b746-639bbc465115,Song suffer week low.,dougherty.org,Sales,6514,no,no,mobile,Firefox,2025-03-27T01:42:05,65,"88.9375925,-71.565754",Japanese
98715243-eb6e-4e35-b3bf-840b424becb9,Feel area show tell wall medical vote.,collins.com,IT,6075,no,yes,mobile,Safari,2025-02-11T15:45:26,563,"70.4846455,177.712729",French
37aab18f-99d9-4c00-aa63-d1f1efecdec1,Which mouth health pretty.,mcintyre-taylor.info,Sales,8040,yes,no,desktop,Opera,2025-02-24T20:59:28,357,"65.959694,-3.325460",Chinese
93bf7aba-3f95-47f3-811e-4cc9a4f91564,See couple morning run everybody.,lang-calhoun.com,Sales,2097,no,yes,mobile,Chrome,2025-04-01T06:07:23,23,"48.9924365,-5.062848",Japanese
5aeab76f-2774-45a5-be7d-b837c4a99952,Size scene run director tough ground almost election.,nunez.com,Marketing,1008,no,no,desktop,Safari,2025-03-22T22:52:56,567,"48.0390635,32.216859",German
f87d240c-6b5f-41d7-83f8-4b0cd62c7752,Mr play analysis soon treat card.,miller-mcgrath.net,IT,5120,no,yes,mobile,Safari,2025-01-21T05:33:26,365,"-65.6494415,-130.904410",Chinese
e5dd8e32-b217-4640-891c-3442ec8acd6b,Collection forward nature bank particularly need near.,baker.org,Sales,8349,no,no,mobile,Chrome,2025-01-23T21:48:30,405,"-74.2432745,36.580922",Chinese
71ab39eb-9ecf-4e32-8a9b-1cf91d890f28,Rather executive marriage movie.,lane-thompson.com,IT,3836,yes,no,mobile,Safari,2025-01-29T04:31:53,540,"45.605147,2.812560",Chinese
abdf3234-9362-4ee3-8b09-25a1df9ea727,Continue by soon language miss answer.,yates.biz,IT,3141,no,no,mobile,Chrome,2025-04-02T14:01:52,365,"75.2952215,-32.533016",Chinese
91f77f41-20cc-494a-9bc2-2f2012e34e5a,Artist Republican vote give site.,morales-pena.com,IT,5382,no,yes,mobile,Chrome,2025-03-23T17:31:22,457,"67.817859,-58.140242",English
b3d190c8-12e2-4b3d-82ca-ad94d8f2beb7,Reduce consider suggest change make cause.,dean-roberts.com,Sales,5755,no,yes,desktop,Firefox,2025-02-12T20:35:05,156,"51.7164715,-170.310849",French
d25a69ba-d47e-43a3-8778-92da3637cce7,Court center radio candidate oil concern economy.,reyes.com,Finance,3285,no,no,desktop,Chrome,2025-01-02T00:52:13,501,"44.735510,111.799431",Chinese
8028e584-5cab-4d58-af49-a2503267d635,Goal help call decision go happen.,davis.net,Sales,7347,no,yes,desktop,Opera,2025-02-16T11:51:33,192,"-26.947868,140.216659",English
7c6ba3cc-79e7-4b2c-a230-7890d11f101b,Lot modern your involve city occur.,chan-shea.com,Finance,6283,no,yes,desktop,Firefox,2025-03-21T03:20:04,87,"1.8958525,-102.908591",Chinese
40827b58-5874-45e5-a8ea-b54a8cae5076,Could protect modern decision create.,garrison.org,Operations,3351,yes,no,mobile,Safari,2025-01-13T08:08:55,220,"3.7717545,159.493634",Chinese
4fb2faf4-eddc-484f-b7a8-5b6275f341c3,Before focus view plan theory still with.,anderson.com,Sales,5477,no,no,desktop,Safari,2025-01-30T17:10:30,530,"-16.966606,-139.106409",Japanese
7a15a428-125e-4442-a079-6c96fe6cd575,Kind grow their process free already catch.,moore.com,Operations,5185,no,no,desktop,Opera,2025-02-25T10:58:09,473,"2.9240525,137.757486",English
63331df6-d1fb-4052-b75e-5cbabf57e43b,System visit general true gas along.,ford.com,Operations,2680,no,yes,mobile,Firefox,2025-03-17T04:08:33,522,"43.9116335,32.679260",French
e6611f5d-551d-4db2-8020-6162d2831f42,Radio thousand various analysis.,hernandez-mendoza.com,Sales,8344,yes,no,mobile,Firefox,2025-02-24T18:31:13,478,"-63.215690,-87.636072",German
d193c08c-d8f1-4c08-acbe-397322bc110f,Offer card north.,cabrera-rich.com,Operations,6677,no,no,desktop,Firefox,2025-02-28T12:17:57,444,"-66.8248265,-55.579813",Chinese
1b515530-7769-4b54-849a-1987810deeea,Common health prevent heart big different.,smith.com,HR,867,yes,yes,desktop,Edge,2025-01-31T11:16:20,91,"13.839737,-11.062576",Chinese
53628f18-7224-4c76-bcfe-dc60124a82a7,Central spend article newspaper.,murphy-stevens.net,HR,9715,yes,yes,mobile,Chrome,2025-03-05T23:06:38,76,"85.135073,-143.612321",Spanish
3d157d68-1a02-4e62-9c45-428396c5fde7,Argue these style behind light.,costa.com,Operations,2918,no,no,desktop,Safari,2025-02-02T15:25:19,350,"50.2398205,-54.834637",Chinese
568416cb-9178-4558-93de-c20bcec8a0ff,Hit believe defense which have record debate.,austin-owen.org,IT,1395,no,no,desktop,Opera,2025-02-06T10:26:42,141,"78.6396595,155.189013",Spanish
413b5c28-247e-4fbd-8016-2c9a0d23bef9,Stop science large situation price.,barrett.info,HR,2037,no,yes,mobile,Opera,2025-03-11T18:59:38,286,"-7.1200865,-20.707529",English
8a7ef3dd-545c-4862-b236-64b776531783,Dinner set old apply ready lawyer money.,anderson.com,IT,5118,no,no,mobile,Safari,2025-03-10T06:44:30,592,"-32.711496,-74.889392",French
3493917c-3b45-4400-8d83-10a2ee9d56a7,Check decade reality middle option.,yu-figueroa.com,Operations,2198,no,no,desktop,Chrome,2025-01-23T20:56:48,157,"-7.9875185,-138.917377",Chinese
c2090da0-aea6-436c-bcee-6297ae6734ab,Even chance thing former short always blue.,graham.net,Sales,1791,no,no,mobile,Chrome,2025-01-17T12:18:29,560,"89.748798,-43.596229",German
542f027b-4de0-4c38-9cdf-1ee1c90b2df0,Wrong open consumer magazine together.,gentry.net,HR,653,yes,yes,mobile,Opera,2025-01-13T16:49:12,334,"75.849094,66.622860",Japanese
3007ed03-7a2c-4312-80f7-f58032dc384c,Western young year set eye baby fish range.,moore.com,Finance,8385,yes,yes,desktop,Safari,2025-02-03T10:31:56,162,"-42.784117,143.678283",Chinese
4b61492b-737d-49e1-8c1b-5a0b0722004a,Factor answer shake thus finally score enter.,stone.net,HR,6682,no,no,mobile,Opera,2025-01-13T18:41:53,101,"-78.221297,14.181094",French
dc03dc8d-39bd-4b87-9e21-68b5ef1fa862,Table push nearly one.,martin-delacruz.org,HR,3177,yes,no,mobile,Firefox,2025-02-16T04:48:35,99,"-54.3450325,125.113456",Japanese
dbe439a5-b607-4df5-8b5f-48242398fb94,His return glass.,hensley-copeland.org,Sales,4318,no,no,mobile,Edge,2025-03-29T12:21:20,19,"9.3899155,152.436607",Japanese
221d3b43-c1fa-438c-972a-a25d193113f1,Military him prepare production produce.,jacobs.com,Operations,7292,no,yes,mobile,Firefox,2025-02-17T18:44:01,251,"-10.045919,148.528345",Spanish
5d89a7d6-dfd1-49a2-b29b-9bc11c9103e1,Carry land section option list economic oil sit.,thompson-taylor.net,IT,6430,yes,no,desktop,Chrome,2025-02-11T07:14:50,325,"-32.410170,-113.357326",French
bade99c0-b5e2-4831-ba05-1257755a31aa,Wonder tell spring generation everybody.,melton.com,Operations,8562,yes,yes,mobile,Safari,2025-01-17T04:55:04,230,"-77.1803205,-20.194121",French
79b1f9c8-e1e4-498f-8936-4d6808da4a03,Indicate politics reveal government others art news.,wilson.com,HR,4322,no,no,desktop,Edge,2025-03-31T03:41:58,575,"79.1648295,-83.449593",Spanish
5d45714b-0492-4075-bcf7-3577a873b979,Heart drug car region.,sutton.com,IT,3436,no,no,desktop,Safari,2025-02-16T06:28:26,502,"-36.0274455,-117.089186",Japanese
bd0fc9c4-9265-4209-858c-f3ccb3618195,Prepare style buy catch far.,hoffman.com,Operations,6708,yes,no,mobile,Edge,2025-01-05T01:23:51,265,"-13.4750095,47.244866",German
9356acc9-622a-4139-85da-b8b22c1798a7,Let house wait professor owner.,conner.com,HR,7644,no,yes,mobile,Opera,2025-03-19T06:37:28,329,"-47.505704,-85.028315",English
ba4dbc7a-ba26-44ef-a44c-d53e9a886326,Turn inside sign half.,hernandez-sharp.biz,IT,9839,yes,no,mobile,Firefox,2025-01-13T09:14:42,218,"-11.434398,-19.363593",Japanese
eefccf7c-240b-4e2a-a7d8-c9f3c46b02b9,Seven wear score fact catch.,morton-smith.info,Sales,3641,yes,yes,desktop,Chrome,2025-03-11T13:26:51,248,"-12.071357,178.349237",Chinese
d970ed07-1465-48ad-8f27-bcba87d20ede,Key central crime tonight hot.,gonzalez.info,Operations,8227,no,no,mobile,Chrome,2025-04-01T20:14:50,236,"-37.639528,146.224385",Spanish
507e22e3-4f1a-49f3-a56c-5df4d8b74a99,Line floor wish gas nice some down.,gomez.com,HR,4987,no,yes,mobile,Firefox,2025-01-26T07:23:25,188,"-45.0519225,52.360050",Japanese
6afd7827-5e61-40d4-96d0-4e6c4ccf85b4,Popular today person international.,martinez-cross.com,HR,7632,yes,yes,desktop,Opera,2025-02-21T06:02:19,96,"-4.904259,-149.739668",German
76aa9aee-39b3-4f6b-ac5c-3950e98b91fe,Interest would public somebody term.,johnston.com,Marketing,4200,no,no,desktop,Safari,2025-03-17T02:40:42,332,"-2.547917,-66.533465",Spanish
c59d5bab-7a42-401e-8856-5ee60d4f18fc,Box cover down law.,howard.org,IT,8196,yes,yes,desktop,Chrome,2025-02-21T10:42:17,77,"-44.7149745,174.643503",Spanish
d039ac87-5125-4472-bd0e-f86783131321,Could join Mr that family.,booker.com,HR,5203,no,no,desktop,Chrome,2025-02-26T01:54:42,524,"61.9359255,-146.565544",Spanish
dd4ea1cc-29f7-45c6-9e84-e8e5eb063e7a,Trial free Mrs research blood peace least.,jenkins-carter.org,Marketing,552,yes,yes,desktop,Chrome,2025-03-02T22:28:30,443,"-48.366887,-13.424796",Chinese
1dc7bd07-4161-41b3-8478-df87382ab10e,Number back ball company.,manning.com,Marketing,9481,no,no,mobile,Firefox,2025-02-13T18:03:27,314,"25.343442,-132.311497",English
59756f7a-47ca-46d5-9d5c-cf24919a607e,Thousand smile my cost design career.,rios-hahn.info,Finance,4988,no,no,mobile,Chrome,2025-04-03T01:36:14,492,"-21.793077,-143.915104",English
79c6b5ff-4724-4d28-9605-a1ad21a4d03b,Out green material knowledge.,evans.biz,Sales,5110,no,yes,desktop,Edge,2025-03-23T19:45:44,69,"22.0974375,-44.793181",German
b4933703-8cd8-4635-a0cf-8d19ac03f82a,Plan night media view include capital.,short-tate.net,Marketing,3918,yes,yes,mobile,Opera,2025-02-23T13:44:16,164,"0.0570645,95.732415",Chinese
7d4092ba-b853-44b9-8808-eaa64bf7597e,Growth light worker day.,bennett-ayala.info,HR,9363,no,no,mobile,Safari,2025-01-26T09:06:22,242,"-81.784065,-108.190102",Chinese
abea0c51-265c-4e10-962d-e87fcb5ee822,Have night yard team.,nixon.com,Marketing,9402,no,no,desktop,Safari,2025-01-11T19:34:57,403,"-75.783550,-128.037816",French
01492f8a-1636-42f7-b1ef-e22183eee16e,Already everyone building difficult production.,cortez.info,HR,2914,no,no,mobile,Chrome,2025-01-06T14:16:12,490,"-35.7443205,131.047774",Japanese
032ced7d-3bd5-4cfd-9f22-b9b288f79545,Lead happy real development behind page baby.,travis.org,HR,9337,no,yes,mobile,Safari,2025-03-24T13:32:45,102,"-18.423468,102.201491",Chinese
7f8ab6de-60f0-4f9c-8a70-b3f9f0bd45fc,Civil expect western that force enjoy into.,hardy.com,Operations,7743,yes,yes,desktop,Opera,2025-01-03T15:09:55,304,"49.691134,69.039753",Spanish
fa3ee849-dc1e-4fff-afbe-76a585204703,Partner whole bank hand room practice.,henry-potter.com,HR,1096,yes,no,desktop,Edge,2025-03-09T08:53:52,27,"56.120399,80.712744",Spanish
7c87e7c3-2d46-4d73-b714-4167918f1411,From for candidate effort face play.,hamilton-smith.info,Sales,9955,no,yes,desktop,Chrome,2025-01-30T19:54:41,58,"-72.212036,30.061082",English
077a4150-5d26-4d84-8065-9b7f5c8dc795,Kid with military above care.,harris-anderson.biz,Marketing,4965,yes,yes,desktop,Chrome,2025-01-21T00:17:01,96,"-19.088768,-171.077260",Chinese
3eb2020d-8685-487e-9676-30680a740c82,Energy wonder it scientist.,miranda.com,Marketing,9180,yes,no,mobile,Opera,2025-02-07T23:50:20,106,"54.978163,157.507699",Chinese
12ec4075-c755-496c-9e7a-7587a6f8a3d4,Soldier fine against grow property those sport body.,williams-fitzgerald.com,Finance,7376,no,no,desktop,Chrome,2025-03-29T12:12:17,507,"28.525734,69.548604",French
f8724265-2ef8-40fb-aba4-41f93983147f,Film out north course hospital.,matthews.info,Finance,7406,yes,no,desktop,Firefox,2025-04-02T02:51:39,436,"-62.6986055,120.079607",French
19351f91-3e00-4f14-88fa-83845a1ffd1a,Forward parent truth one range.,sawyer-campbell.com,HR,3888,no,yes,desktop,Firefox,2025-03-02T23:12:41,432,"86.292551,-2.770551",Chinese
e81bda4c-02c0-4a32-a493-b73b890b09a4,Someone news wait.,hayes-miranda.org,Operations,2430,no,no,mobile,Opera,2025-02-04T17:16:00,541,"-68.445427,-168.631103",Spanish
6db43bc4-2fac-4399-8d56-6137ec71542e,Add behavior development remember within peace.,palmer.com,IT,9418,no,no,desktop,Chrome,2025-03-01T09:36:33,348,"-3.030033,-160.688768",Japanese
e429b6e8-b3d0-4d8c-b43a-f6e29035e361,Threat real conference spring individual political order later.,johnson.info,IT,4189,no,no,desktop,Chrome,2025-01-28T13:36:46,146,"-86.119315,91.385975",French
dfc1a7f5-f74b-4db8-826f-9c6d9a6fd08a,Million plant hour structure.,klein.com,Finance,1812,no,no,desktop,Opera,2025-01-24T17:20:09,256,"83.480988,-36.315592",Japanese
c6b04662-8b48-44bf-aa64-48790b00577b,Let country surface surface.,williams-sosa.com,HR,1811,no,yes,mobile,Opera,2025-02-15T02:23:17,336,"-35.569018,39.568356",German
19e2da15-7c3c-414a-af17-eda086192e34,Group carry skill political keep however who.,green.com,Sales,5559,no,yes,desktop,Edge,2025-01-31T15:27:24,141,"-43.1522855,-41.065311",French
ecd89295-1475-4c92-bba0-91e77312dd2b,Whatever condition remember civil suffer floor green.,garcia.com,HR,8107,yes,yes,desktop,Opera,2025-02-08T13:28:04,121,"-89.715574,6.714282",English
5f35e6da-ff1a-4ef5-8eca-8702b413aedb,Culture station entire during listen.,ortiz-hernandez.com,IT,6954,yes,yes,mobile,Edge,2025-01-24T10:19:42,220,"-25.0014055,146.479187",Spanish
3fc95c31-4b1b-4f6f-922b-24a3aa0088a8,Necessary feel design draw southern image set interest.,mitchell.com,Operations,8928,no,yes,desktop,Edge,2025-03-17T14:56:07,305,"6.675087,-174.641568",French
545b53d6-00b5-4adc-9131-f5a2b283e2cd,Cell time condition into.,gomez.biz,HR,8244,yes,no,desktop,Edge,2025-01-21T10:37:15,306,"-89.6214905,-124.734085",French
1bc5cb2c-5c33-4492-af68-6039fa35d9af,Will note American material executive win receive.,wade-hawkins.info,Finance,9561,no,no,mobile,Edge,2025-01-24T12:27:31,205,"-79.7913765,-67.260630",Chinese
faaa4dbb-c539-43bf-ae01-b3da473fa33a,Green as relationship sit defense.,poole.com,Sales,5094,no,yes,desktop,Safari,2025-02-16T21:25:14,449,"43.722558,-146.889903",English
fc5a9bfc-261e-4db8-8777-4636e65cf960,Mouth appear skin they she hit commercial thus.,cooke.com,Marketing,3794,yes,no,mobile,Safari,2025-02-20T13:54:44,334,"60.666983,-116.302134",Chinese
50cab47c-874c-40f0-9c30-4ab813a21566,Give history production less either sort.,maldonado-gentry.com,Finance,744,yes,yes,mobile,Opera,2025-01-02T21:41:50,87,"-11.593945,55.738137",French
fedac4c6-35b8-426d-b582-e9c8cd9ea7c6,History war themselves sea behavior.,townsend.org,Operations,4587,no,no,desktop,Edge,2025-02-25T04:16:34,534,"38.687193,-23.358435",Japanese
ed8f1d67-7353-4e1b-b7da-dd6603e6187c,Thing group many address.,frederick.com,IT,1458,yes,yes,desktop,Safari,2025-02-13T14:43:18,434,"-0.3079005,88.033314",French
035024eb-90a7-41dc-a965-8a9a763635b8,Again agree human seven skill life.,schwartz.com,Sales,8861,no,no,mobile,Firefox,2025-02-03T14:28:37,240,"86.3062485,54.007972",Chinese
d70c0847-be0a-4ae1-8933-1503feb3d4c4,Audience event apply.,sweeney.com,HR,9402,yes,no,desktop,Opera,2025-01-01T06:11:52,392,"-86.550367,-27.757619",French
255e9284-9683-4e8d-bd71-633f380998f5,Beautiful they choice teach level by.,gibson.com,IT,8762,no,yes,desktop,Edge,2025-01-13T23:03:53,102,"15.383782,81.049560",Spanish
49519a0a-9f17-4a0a-987c-6d7e807c4b22,Power who bar short prevent stay military voice.,rivas.com,IT,1350,yes,yes,desktop,Safari,2025-01-14T09:20:35,490,"11.9645595,-15.242043",Spanish
4bcd9d63-f775-4cb4-bff9-6fed4d9b5d86,Plan as poor admit board anyone born.,pratt.info,Operations,7824,no,yes,mobile,Firefox,2025-01-05T10:58:49,356,"-8.398071,-74.272139",Japanese
b1f66867-3b57-48d8-a1bc-ea931cd04bb9,Base outside happy him southern nor consider.,rogers.net,Finance,3525,yes,no,desktop,Safari,2025-04-04T07:24:54,71,"-10.9274035,-64.655730",English
df97f02b-dfc8-4f7c-b857-8761638b3cb2,Cover pull may time beautiful.,hubbard.biz,Finance,9146,no,no,mobile,Edge,2025-03-20T09:09:44,106,"87.446545,79.350911",German
d7f31175-e10f-4d21-a6f4-148e84c928ef,Foot value oil by.,castillo-hall.com,HR,7685,yes,no,mobile,Opera,2025-01-16T12:51:44,12,"11.7590695,87.628336",English
97bb3e6b-70be-47a1-9c4b-be1447a5274a,Paper green area.,graham.com,Operations,7241,no,yes,desktop,Chrome,2025-01-02T02:46:31,56,"14.979852,-84.567191",English
ac647428-f837-43e5-94c6-689390ff3f85,Yeah quite right rock including baby spend gas.,rivera.com,IT,4013,no,no,desktop,Opera,2025-01-18T12:59:14,505,"57.0529555,23.773729",Japanese
fd859629-300b-4f25-a2d5-a9af879aa1d8,Around look control finally any.,cunningham.com,IT,7222,no,yes,mobile,Safari,2025-01-28T05:14:43,408,"-11.7447755,-38.861339",Chinese
8b3af0d0-97b5-4334-8a09-6ecabab5870d,Data start he determine leader save smile stand.,cook.com,HR,7142,yes,yes,mobile,Edge,2025-03-05T01:26:46,521,"80.140520,-45.008844",Japanese
1c78a28d-e589-48e8-a5bd-4b0966416475,Check production base off thus idea.,goodman-aguirre.com,HR,8137,no,no,mobile,Firefox,2025-01-17T07:22:11,382,"-76.257324,-46.508273",German
fb4dfdd1-1745-49e8-baa9-028aadd6f997,Gun behavior artist edge process later.,acevedo-russo.com,Finance,2955,yes,yes,desktop,Safari,2025-02-08T22:16:16,40,"46.560312,-60.699803",Japanese
21718185-af02-470a-a161-f10fa0e6504c,Certainly respond seem.,hammond.org,Finance,6977,no,yes,mobile,Chrome,2025-01-07T12:25:40,70,"-4.6660275,-117.531703",Chinese
05e09fbd-fb48-4870-91d0-593e2b9eae39,Dinner discover scientist.,romero-burgess.info,Marketing,754,yes,yes,mobile,Edge,2025-03-26T08:46:36,146,"-29.9277765,-47.470141",Chinese
0b1cb0e5-b1e6-44bf-a062-58cdf73d0851,Rather can happen run live turn unit.,morris-johnson.com,Operations,7155,no,yes,desktop,Opera,2025-01-07T07:29:02,495,"87.282796,-64.678143",German
a3eaac77-5197-4fd7-8bd7-8c09f9af1521,Old hold provide do care.,chan.com,HR,5744,yes,no,desktop,Chrome,2025-01-04T02:19:43,190,"63.5983235,28.988166",Japanese
0a12af2b-6842-4f6c-88df-b29d0bd3eca4,If claim just when deal ground during.,mejia-williams.com,Operations,3640,yes,yes,desktop,Safari,2025-03-08T18:19:39,18,"-45.8305285,41.597010",French
78865d9a-da6f-4178-be77-721d53302029,Seven specific much.,hernandez.com,IT,6238,yes,no,mobile,Chrome,2025-01-06T13:18:16,110,"-22.235821,-51.432187",French
8e34944f-eb96-44d5-bfc2-c7115375abd0,Others weight newspaper physical history appear similar.,harmon.info,IT,9476,yes,no,desktop,Edge,2025-03-12T19:18:09,420,"37.2402675,111.009595",Spanish
9ba0e442-cba8-4c0c-bd08-2f7c6b8e56d4,Natural all prove wait benefit company mouth.,arnold.biz,HR,4287,yes,yes,desktop,Edge,2025-02-28T14:51:43,411,"79.455629,153.367267",French
6a8c53b7-944d-4549-9976-38e2809f0d40,Trouble investment unit thus perhaps add.,molina.com,IT,8233,no,no,desktop,Opera,2025-03-22T22:05:00,230,"32.768362,27.395187",English
926d06ee-f8c2-46ba-842e-356aa4ab3439,Commercial support food explain benefit.,rogers.info,Sales,2539,yes,no,mobile,Safari,2025-03-25T04:56:38,174,"77.672240,-130.713831",French
3b1c2d22-9b70-4949-81a7-46b89da268ee,Eat ten since day laugh.,hale.org,IT,2507,no,no,mobile,Opera,2025-01-02T08:09:20,332,"-73.2976235,-83.533240",English
fa9f2e76-3fa9-423d-8696-7c256fee9676,Bar bring discover hope coach and available.,english.net,IT,8260,no,no,desktop,Edge,2025-03-24T07:10:58,322,"10.137200,-80.257449",English
2ee8a5f7-7a9d-41a6-a883-2523a76d6dd2,Kitchen give bring foreign community to.,brown.biz,Operations,2352,yes,no,desktop,Firefox,2025-03-24T04:54:16,596,"-71.968307,-149.665522",Spanish
fad3e580-f88f-45aa-9424-ef55c41abf84,Material seem government us while machine.,perry.com,HR,4313,yes,no,desktop,Firefox,2025-03-06T13:40:41,99,"47.797601,-49.107428",German
17fe2694-3177-420f-b5d4-3541ff5ee896,Quickly least near.,butler-knight.org,Finance,2243,yes,no,mobile,Edge,2025-03-15T02:55:15,114,"-26.370683,-169.082723",French
9e0cd656-bc84-47a3-93bd-aa596da2c018,Half old card carry vote.,coffey-mills.biz,HR,1198,no,no,mobile,Edge,2025-03-20T19:50:52,97,"-4.5709475,-176.894545",French
6d0ff99e-3be3-4e6e-9c61-2c965cede5a1,Other management girl.,bartlett-ortiz.info,Sales,5501,yes,yes,mobile,Chrome,2025-03-04T05:19:23,67,"-65.385138,6.624827",French
80b6fcef-8c3c-45a6-b853-04f685ab0fd5,Yes leader similar Mrs able art window poor.,montoya.net,Marketing,5014,no,yes,desktop,Chrome,2025-03-17T06:50:22,195,"-63.5175415,128.248481",French
c4f12d4e-a42b-442e-9bbc-87fa89bc084d,Good reach may candidate.,coleman.com,Operations,2482,yes,yes,desktop,Opera,2025-01-29T01:47:05,296,"-68.468829,-103.722206",Chinese
5cba67ae-9fb2-4f41-8f85-c7a0b21d6103,Good traditional take under begin modern.,strickland.com,Operations,6683,yes,no,mobile,Safari,2025-03-19T23:01:56,22,"89.919888,-23.027826",Japanese
a14ea85b-d37f-4ab3-8bb6-60166bc82e82,Should success bag old election.,santos-nelson.com,Sales,7367,no,yes,desktop,Edge,2025-03-30T08:58:33,517,"-71.967032,46.196539",English
2c8a8783-46d1-4131-aeed-d24279513eb9,Government position nothing hard main.,collins.com,Operations,8445,yes,yes,desktop,Safari,2025-02-15T19:55:43,235,"-36.6900275,-166.101213",Spanish
3f414f08-1178-400e-b206-6c33d95f7e46,Can nice land mouth friend.,ford.biz,Sales,997,no,no,desktop,Opera,2025-01-29T06:43:21,246,"-79.8214215,138.134877",Spanish
802c74ba-92c1-4a73-bcc5-1516c6a1104f,Letter wish give interest reason mouth morning civil.,smith.net,Marketing,1042,yes,no,mobile,Chrome,2025-03-14T23:20:24,151,"1.1562035,-34.260551",Japanese
2ac12eae-247b-49ba-8d75-d16ca3cc90b0,Money live him western.,guzman-jones.com,HR,6644,yes,yes,desktop,Opera,2025-02-27T12:20:29,50,"28.864578,-104.218775",Spanish
d937f62b-9247-464e-b257-a50334f8c16d,Occur reality care all.,dennis.com,IT,2817,no,no,mobile,Firefox,2025-03-26T21:16:51,298,"-52.6130315,176.112608",German
29e0532b-334b-4a44-a74f-8fe7c7a24d20,Suddenly value break Republican while.,swanson.com,Marketing,2318,yes,yes,mobile,Firefox,2025-02-18T16:29:15,483,"-77.8924165,85.720988",Spanish
d6b1eb7c-8af7-4e21-b313-2a47c9f38221,Authority by almost interesting.,smith-sampson.com,Operations,6293,yes,yes,desktop,Chrome,2025-02-04T19:15:20,72,"76.8828515,142.822753",English
ed6a798c-6561-43f8-9218-79c5c9565673,Phone process see issue one scientist must.,robertson.com,Operations,565,no,yes,desktop,Firefox,2025-03-20T11:15:54,105,"52.224895,-139.355493",French
96647f8f-0539-407a-a485-a634074e98d0,Medical agency day father.,anderson-myers.org,Finance,3533,yes,yes,mobile,Safari,2025-01-26T18:19:44,374,"-36.7767515,78.210170",Chinese
b90fb708-2dd6-465f-b393-94d2f52ec5b7,Suffer throw about seven.,porter.com,Sales,3372,no,no,mobile,Firefox,2025-01-13T21:15:56,361,"11.733646,85.680184",Chinese
8c5790cb-a9c2-4b10-ae4a-2fd755308f5a,Direction seem relationship agreement day.,lloyd.com,Marketing,2558,yes,no,desktop,Safari,2025-03-21T13:14:55,32,"-0.2824475,121.793768",German
7efa2799-19f2-4a96-b5ca-ab0125d49ffd,Fire reach left office significant two.,glass-hoffman.com,Sales,5531,yes,yes,mobile,Edge,2025-03-12T10:09:00,286,"-62.1558985,174.337357",Japanese
c03ab492-1747-4f22-b7e1-11dd9402c74c,Become chair exactly region.,miranda-george.com,Marketing,7333,yes,yes,mobile,Chrome,2025-03-27T10:29:49,342,"-11.265374,-76.999576",Chinese
8e6245fd-84c5-45a4-8039-654402c4bc24,Name behavior history century move.,smith.com,Finance,1767,no,no,desktop,Firefox,2025-01-11T23:58:15,506,"58.0284185,37.204575",English
3ffcdc67-827f-4902-84bb-833644486044,Exist year age new event right general.,lawrence.com,Operations,5601,yes,yes,desktop,Firefox,2025-02-02T04:54:25,341,"-48.004670,22.785406",Chinese
b4a440ee-dda7-4e08-a28c-7bca12ea0c01,Effort doctor four national exist next.,hunter.com,IT,1339,yes,yes,mobile,Firefox,2025-02-25T21:44:49,416,"74.583248,-84.145966",French
eee1dcb2-a8c2-491d-b9be-c0c483c28b17,I others he threat cut ahead lay.,frazier.com,Sales,2862,yes,no,mobile,Edge,2025-01-04T00:41:30,81,"81.311514,64.358136",English
4ddb6717-749e-4b1b-8195-26521084b816,Mr quite song.,bailey.com,Sales,4629,no,no,mobile,Safari,2025-03-13T23:22:31,71,"-61.0747315,17.537675",Japanese
8c8d4c54-5554-4ad3-b195-89cee57fa7cd,This type environmental.,jimenez.info,Sales,9970,yes,no,mobile,Opera,2025-03-08T22:05:50,113,"5.027573,-109.510146",German
7cb0be95-f8cd-4498-92df-348d955642ec,Little note factor.,arnold.net,Marketing,4477,yes,no,mobile,Safari,2025-02-01T00:47:31,135,"37.7135565,-33.103166",French
09c0d30d-f15d-49d7-92ba-1f3c3b702b74,Direction leader action brother different laugh.,mcdaniel.com,Marketing,4091,no,yes,mobile,Safari,2025-01-10T07:59:23,171,"-40.803547,-49.829518",German
6664745c-b1f6-4c81-9f0b-e4b786a29960,Money challenge throw without.,golden.com,IT,8947,no,no,desktop,Chrome,2025-03-21T15:54:28,94,"62.496533,-11.821733",English
d9b3a4d0-ff45-431d-9e68-81f92c7a650a,Pull identify language book rate long really especially.,dixon.biz,Marketing,7414,yes,no,mobile,Edge,2025-04-04T00:33:33,432,"-85.8727925,-70.554014",Chinese
0429b350-96d6-414c-8000-180d2f61cdbc,Very degree building threat like speak program.,reynolds.com,IT,530,yes,no,mobile,Opera,2025-02-15T16:14:27,437,"-41.8327855,-176.208983",English
dc6ad154-2a00-4416-aab0-ef3e8a8996f8,Whether ago community finally discuss society.,potts.info,Operations,6513,yes,yes,mobile,Edge,2025-02-12T18:10:39,493,"29.5904555,-113.026689",German
0ea10270-1dbe-4e90-a49c-7a75b0401508,Never summer open start station Mrs.,moreno-pope.info,HR,9915,yes,yes,desktop,Firefox,2025-01-29T15:38:25,515,"-82.4848065,-165.814555",French
2cc7549b-5855-49a9-b68f-af1b20b1c61c,Score crime long.,ortiz-weaver.info,HR,6240,yes,no,mobile,Opera,2025-01-07T07:45:24,482,"-67.6146385,114.406116",Chinese
9bc714d3-7006-4a30-95a7-b1242bae3d28,Public reflect involve around write.,harrington.com,Finance,5121,yes,no,desktop,Edge,2025-01-21T17:40:14,179,"-60.742475,29.101681",French
ebaac79e-de31-4814-a516-0bbe01f94e0b,Throughout resource role never.,ramos.biz,Operations,8633,no,no,mobile,Edge,2025-01-03T14:31:15,391,"-3.730876,159.050620",German
01725f7c-c580-415c-b01b-277dab87457b,Race finish center sit spring after just today.,wilson-nguyen.net,HR,4704,no,no,desktop,Edge,2025-03-09T18:00:00,82,"-19.8228565,-151.001758",Japanese
969a310f-862c-4a08-a8ce-5adc132712fa,She former court glass us.,mullen.com,Sales,1396,yes,yes,mobile,Opera,2025-01-23T12:47:29,334,"46.632862,-55.479501",French
c524c0e6-5864-436d-8831-43e0aea3168e,Early evening record sing democratic necessary feeling against.,baker.org,Marketing,1181,yes,yes,desktop,Opera,2025-03-18T21:27:16,524,"39.230977,-113.375440",Chinese
481a52a5-07b0-4438-9a7b-010e9a82565c,What learn property quite everything east.,perkins-charles.info,Marketing,1864,yes,yes,desktop,Chrome,2025-02-26T01:25:35,123,"21.7515035,174.018541",Japanese
dcf99047-0ab6-4b36-adf1-9c1cc780fa84,Difference class see character build raise send.,ibarra-andrade.com,HR,8458,yes,no,mobile,Safari,2025-03-27T02:08:37,552,"3.8473015,-112.318164",Japanese
271598d0-b484-4934-a8cd-a6ee7eabc2bd,Almost choose list already usually.,mcdonald.com,Operations,7497,yes,no,mobile,Firefox,2025-03-11T19:56:52,552,"-75.5811145,116.333921",Japanese
f0a00bec-40de-443d-9f25-039679f707c1,Training campaign almost field total threat necessary.,knight-valenzuela.com,Operations,5580,yes,yes,mobile,Opera,2025-03-19T02:57:16,412,"51.7910265,-145.992511",Japanese
b6585b1d-d3fa-4f46-82f8-db356482c62f,Skin common both almost movement.,rodriguez-sosa.com,Finance,9915,no,yes,desktop,Safari,2025-02-28T13:43:28,89,"-8.8934425,142.526336",Japanese
ee264a22-6f0f-42f3-8a10-976fc8f90d23,Responsibility election send.,lang.com,HR,9028,no,yes,desktop,Edge,2025-02-26T23:01:32,23,"-0.963763,-95.382948",Spanish
26358021-116e-429f-8864-3419143f7b22,Remember best relationship possible must star country take.,williams-johnson.net,Finance,4602,yes,yes,desktop,Firefox,2025-02-12T13:57:19,546,"-73.3443425,-8.555966",Japanese
fc4fc3e0-acde-41b6-8ca6-f140040cd50c,Write without national stop begin alone leave.,swanson-cruz.com,Operations,2446,no,yes,mobile,Safari,2025-03-24T19:45:41,158,"1.2389005,99.131747",French
948a41d4-bea3-4978-af5d-dd24b6e97d4c,Gas significant various economy purpose camera city.,hill-watkins.com,IT,8060,yes,yes,desktop,Chrome,2025-01-28T15:58:01,413,"65.6122985,124.385634",Japanese
969b0fa0-f8bf-417b-9746-10ed11f749d6,Only it research religious.,george.com,Finance,4663,yes,no,desktop,Chrome,2025-02-27T23:11:10,400,"-46.791665,-152.045106",Japanese
da183d35-facf-4fb6-97b5-fdeee644ed24,Everyone ten check blood light kitchen accept.,lopez.biz,Marketing,9078,yes,yes,mobile,Chrome,2025-03-03T00:09:33,171,"-0.502870,-76.651039",English
85d88837-9f31-42f2-acf6-e15afcb0c8b1,Candidate natural test federal go between lawyer.,graham.net,Finance,6009,yes,no,mobile,Safari,2025-02-06T10:04:21,441,"63.8667765,-161.014049",Japanese
3da2aaf0-60a6-49fc-b1b8-384789a4d790,Realize court yeah music.,lambert.com,Finance,7257,no,no,mobile,Safari,2025-02-27T23:50:30,359,"4.7768985,-177.953043",German
a8265bf7-7061-4142-ac28-f483b5aa703e,Property similar away room population nature.,alexander.biz,HR,6576,no,yes,desktop,Opera,2025-02-27T13:37:48,582,"15.9737355,79.869175",Japanese
27742403-c7f4-403d-9837-80fba39a7ea4,West commercial eight new show responsibility.,saunders.com,HR,8354,no,no,mobile,Safari,2025-03-29T15:56:34,274,"-43.918143,49.045417",French
3d86110b-4bc6-4949-9c68-4720b85fcd12,Central event career this.,wood.net,Marketing,955,no,no,mobile,Chrome,2025-01-24T15:18:46,62,"86.335780,-45.088830",French
9a5a6565-1769-40d3-8734-c36474d2998a,Hard four our finally result statement.,blankenship.info,Sales,1127,no,yes,desktop,Edge,2025-03-15T00:06:25,25,"46.187498,69.181414",Japanese
fb0dbf3a-9927-4ff7-9df7-9521470e1902,To note case avoid.,meyer.biz,Finance,2635,yes,no,desktop,Safari,2025-01-28T10:50:43,540,"-39.7928365,3.591414",Spanish
4e806384-1a71-434e-964b-1185f45a3817,Commercial society return like.,ramirez-castro.biz,HR,3371,no,no,mobile,Opera,2025-01-14T12:19:09,525,"37.789268,99.252179",Spanish
3e795d39-b17b-43ad-ae2e-24a2b3553ffc,Budget great can.,edwards-eaton.info,Marketing,8035,no,yes,mobile,Safari,2025-01-14T12:39:13,237,"49.785074,-19.514600",German
19bdf380-a0d7-4cbf-91db-7d07bf09bb18,Likely every body again stop left under.,west.biz,HR,7084,yes,yes,desktop,Opera,2025-01-07T12:37:25,10,"-64.232187,128.367276",Spanish
d6a3653e-9002-4115-bd7a-564d254b7b78,Across outside once tell.,jacobs.com,Finance,3715,no,no,desktop,Firefox,2025-03-22T04:20:25,59,"33.155475,-127.084575",French
6b33aad6-ee03-4e2f-a5d3-3e0b7089b41b,When better very happy entire consumer poor least.,anderson.org,Marketing,7179,yes,yes,desktop,Opera,2025-03-11T20:38:22,155,"-41.928651,175.900502",Spanish
56fb40e4-5006-452c-94dd-399a311529a2,Major structure others poor everyone site.,gates.biz,IT,3293,no,no,mobile,Firefox,2025-03-09T17:28:50,593,"-25.753253,19.933535",German
8de1de6d-b637-44aa-a2c3-70155d8b07f7,Five protect career city.,moody-mora.biz,Finance,7448,no,yes,desktop,Firefox,2025-01-30T00:18:40,129,"39.031302,62.215037",Spanish
9ec7950d-a315-41b4-8b11-30f8c3be4e59,Type effect way center.,morales-clark.com,Operations,4305,no,yes,mobile,Opera,2025-04-02T10:38:06,321,"-48.746775,6.409625",Japanese
95072b83-330e-4510-b90c-26e37a90a35c,State anyone evidence ten box.,goodman.com,IT,9278,yes,no,desktop,Opera,2025-04-01T00:17:09,506,"-15.2276865,-147.357728",French
61d08eb4-7d8e-4cdf-a2f8-1e82db67db3c,Black wait without his new audience may.,gregory.com,IT,9040,yes,no,mobile,Firefox,2025-03-08T08:38:30,106,"-64.3099125,21.287694",Chinese
aa3c684e-879b-48df-8287-624a7061fbf5,Mr lawyer rich house poor green appear.,horn-rivera.com,Sales,5817,no,yes,desktop,Chrome,2025-02-13T16:42:21,399,"-18.4359485,162.520132",French
ab36d247-b757-4136-ae70-05c11af0d76a,Read early rate between practice language without almost.,hardin.info,IT,3339,yes,yes,mobile,Firefox,2025-01-15T05:14:08,274,"-36.654034,35.338525",Spanish
de790832-c6d0-4d9d-82be-c95af5df0323,Mean through continue discuss.,rogers.com,Operations,836,yes,yes,mobile,Chrome,2025-02-17T03:52:24,589,"-51.204430,-2.069525",Japanese
903e51e1-cec8-4854-95b9-bb17c48695df,Recently education despite century middle record.,hampton.com,HR,7154,yes,no,desktop,Opera,2025-03-23T17:01:56,307,"71.957875,0.908089",Spanish
da86189d-8d27-48cc-8596-e08c4f3eed89,Responsibility newspaper become cold employee program pretty.,johnson.org,Finance,6380,yes,yes,mobile,Edge,2025-01-02T21:39:14,346,"60.841897,22.802828",English
556b59ba-2f9d-4f0d-bff9-9890c70dd708,Safe clear day story military first successful.,pena.net,Sales,3197,yes,no,desktop,Edge,2025-03-28T13:57:26,12,"-51.788555,-15.640593",French
d9bf240c-116f-4bec-a6b7-32e850682467,Represent amount against.,serrano.com,Sales,9067,yes,yes,mobile,Opera,2025-04-03T23:20:38,536,"39.059668,176.290478",Japanese
9f66155b-8107-44e0-add9-57f1b5428a7d,Home hit argue behavior impact forget bit administration.,powell.net,HR,7240,yes,no,desktop,Opera,2025-02-02T20:16:12,526,"-83.2459945,58.341301",English
82ef4218-18e8-4062-b493-9bb8850d81c7,Especially employee produce life behind region plant modern.,small.com,IT,7992,no,yes,desktop,Safari,2025-03-26T06:45:07,356,"-3.6747295,-178.680822",Spanish
dc935f9e-5b8d-48d2-bc62-3f7f1545acdd,Outside man its imagine remain relationship public.,hudson-carter.net,Sales,4305,no,no,desktop,Safari,2025-01-12T20:24:17,331,"36.781513,-86.834309",Spanish
953bd73c-34bf-4963-969b-d22040efdc3a,If end book step go note your.,butler.net,IT,8298,yes,no,desktop,Edge,2025-03-20T21:38:34,70,"62.409853,42.003307",German
fc798470-22af-42a8-8881-4f6706e91db4,Including involve man buy fall exactly.,park-gonzalez.org,Finance,903,yes,no,mobile,Safari,2025-01-26T06:38:19,190,"-12.339631,138.340963",Spanish
6e8cf90d-2f76-4243-a811-ba650e77657a,Year end save standard over.,ward.com,IT,5568,no,yes,mobile,Edge,2025-03-21T07:33:42,485,"15.4116795,67.349216",Chinese
d3031af2-80ef-4947-b68c-a03180b38e14,Poor bit image month reason.,goodman.net,Sales,5930,yes,no,mobile,Opera,2025-01-09T09:52:28,513,"35.9367925,130.253463",Spanish
a9e778ca-7989-4ae6-817f-db00469fd1b7,Behind cultural one.,davidson.biz,Operations,2681,no,yes,mobile,Safari,2025-03-19T07:38:00,26,"-1.9305565,-156.108276",German
afc2c4c4-b32c-476f-914a-64699d8feaf5,Just pick fact past themselves western truth find.,hall.com,Operations,8410,no,yes,desktop,Safari,2025-03-31T12:00:17,134,"-64.2432845,27.117821",Japanese
0df4c0f9-16c2-422e-86d6-166a79c0ada7,Person relationship lead west according.,davidson.info,HR,2191,no,yes,desktop,Opera,2025-02-15T09:40:53,359,"-0.6157725,-125.938608",French
37aa58f4-195b-48d2-9bf6-9e84fda9e9be,All rather born establish.,evans.info,IT,2367,yes,yes,mobile,Edge,2025-03-01T18:32:42,468,"-25.1507015,76.376745",German
1d980a47-0ac4-433e-8258-67d87ad34a76,Upon imagine field process amount article.,curtis.net,HR,4053,yes,no,desktop,Opera,2025-03-27T17:58:50,482,"61.9132345,38.736121",French
32bce686-0157-4461-83ef-9aac131effed,Get argue smile agent close bank.,bean.net,Operations,846,yes,no,desktop,Opera,2025-01-23T13:39:58,384,"-85.580259,159.123140",Spanish
75753695-ba43-40f6-bc9c-a8ecebf7b200,Father side agent but staff article bank.,parker.com,Marketing,807,yes,yes,desktop,Edge,2025-03-22T04:02:40,498,"-73.435242,129.836615",German
789c58dd-6988-431b-b2a7-821e1253e92b,Require good say worry.,case.com,HR,5682,yes,no,mobile,Opera,2025-03-14T16:48:58,194,"18.4846265,128.241600",Spanish
220f8478-987e-4dc6-a38f-91e13bfdce8c,Drug care why week opportunity.,blevins.net,HR,7765,yes,no,desktop,Safari,2025-03-01T05:31:19,341,"15.830238,-51.104465",Spanish
8733b3f1-b3eb-4fff-97f4-9174bdab6077,If mean same also.,fisher-williams.biz,Operations,4442,no,no,mobile,Chrome,2025-01-11T11:06:17,292,"-29.5565355,23.946983",English
95efc288-f511-435e-829a-195f8d3ebe5b,Write realize finish eye material task state.,boyd.com,HR,7911,no,yes,desktop,Safari,2025-01-08T15:40:10,252,"-44.521736,-116.953474",German
028262da-6d84-457f-9b33-a35e3e2f0034,Action forget onto bill table consumer effort.,jones-nguyen.com,HR,4762,yes,no,mobile,Edge,2025-01-20T00:53:20,299,"63.6854425,-68.261321",English
f8aafc18-714d-4b6b-a207-9c405883958b,Project method relate sing them near news.,knight.biz,HR,3565,no,no,desktop,Firefox,2025-03-29T15:30:56,161,"4.8507745,-43.703022",Spanish
dd1a30c7-6c2e-4d8b-a415-9385534098ed,Citizen how through off least other then unit.,johnson.com,Sales,5926,yes,yes,mobile,Safari,2025-02-21T05:42:45,385,"48.1788585,-137.007158",French
b667384d-0c02-4ef9-975c-fc9f512ae32f,While gas already in yet stop.,young-hodges.info,IT,8691,no,no,desktop,Safari,2025-03-01T11:30:12,493,"80.523716,109.201605",French
bdc272d6-1319-4957-9aae-df7a89453d8f,Example kitchen tonight nice water white stuff.,wright.info,Sales,4405,no,yes,desktop,Edge,2025-03-27T13:52:50,247,"79.737259,-70.117821",German
303f8f58-885f-4ae6-a01e-0c3a6067409b,Show major doctor under unit.,miller.biz,Finance,7455,yes,yes,mobile,Edge,2025-01-31T09:35:54,336,"-75.9393235,-15.501186",English
a9f25cd8-0fbe-4dbf-98f2-0593951ddb62,Church foot paper owner source.,russell.com,Sales,9221,no,no,desktop,Opera,2025-03-30T11:04:19,107,"17.244447,-86.704153",French
b704d034-74df-4c3a-bded-7a0ddeec7b68,Line work hundred couple difficult cell science forget.,walker.info,Operations,4562,no,yes,mobile,Opera,2025-03-16T03:51:16,255,"1.937653,176.440082",Japanese
fedbad0a-53e9-4ed1-a205-b60565706154,Least describe trial computer class.,miller.com,IT,8121,no,yes,desktop,Opera,2025-04-01T01:42:04,139,"-6.1567635,129.380789",German
7a1dd046-b668-403a-91c8-56e4e38108b7,Similar area space prove authority blue issue.,gray.info,Sales,3284,yes,yes,mobile,Chrome,2025-01-28T09:47:21,594,"50.866524,-43.279095",Japanese
22d75058-0a09-4c34-ae7e-f8216c237a2d,Draw cold soldier include.,washington.com,Marketing,609,no,no,mobile,Edge,2025-02-16T16:20:49,315,"35.4307915,-148.301025",German
d19ff42c-973c-4839-8ee9-3a6a3bad84ea,Various son trip year.,wilson.com,Marketing,5229,yes,no,mobile,Chrome,2025-03-16T02:00:09,60,"42.010654,-115.518928",Chinese
d13f113b-425f-484b-8803-41485661944d,Staff day poor.,wagner.org,Operations,5857,yes,no,mobile,Edge,2025-03-08T06:58:08,142,"84.658837,-109.934336",Japanese
46d73927-b7bf-47b4-9baa-266e31a3cb3e,Road wall lot hope.,randall.info,Marketing,9503,yes,yes,desktop,Firefox,2025-03-21T14:29:23,175,"-65.7883905,121.585933",French
070c50c9-1d10-4544-992b-9582ba0a950c,Total easy everybody mention she action plant.,santiago.net,Marketing,6077,yes,yes,mobile,Safari,2025-01-26T00:21:48,493,"-88.241185,82.147506",German
d7e7c52d-d363-4caf-862e-0ef8ea12db55,In reduce west.,hill.com,Marketing,6129,no,no,mobile,Edge,2025-02-07T01:32:23,24,"-64.759323,-2.032109",German
36e17f52-b320-4eb5-86b9-a1a51f65a639,Life talk there art national both child.,holt-hickman.org,Finance,2476,no,no,desktop,Firefox,2025-01-04T14:44:57,135,"-69.626384,-126.345637",French
4cb591be-05c1-4e52-b7fd-e161937ebd6c,Forward evidence hold program study leader out one.,johnson-crawford.org,Sales,2232,yes,no,desktop,Opera,2025-02-10T09:08:21,102,"-86.3466115,162.277615",German
3c106f43-e38c-4230-bdae-0927db8bd557,Treat within job.,carlson-jordan.com,Sales,9315,yes,no,mobile,Safari,2025-01-15T21:17:07,571,"-7.2877335,-107.636117",English
3f4a5e4d-6212-401b-b3e1-828bf0b7b4ad,Movement land left throw government teacher traditional exist.,johns.com,Sales,1428,yes,no,desktop,Chrome,2025-03-05T21:04:53,442,"-67.8305255,-108.431307",Spanish
7d813573-1571-4dd5-ae96-6485bf7f8853,Skill feeling reason soldier fear brother everything.,johnson-oneill.com,Finance,704,no,no,mobile,Edge,2025-01-23T10:25:28,393,"50.004951,-153.159237",Chinese
d37d4276-c4b5-468d-b5b7-aef74740aeef,Financial key them certain sing.,williams.com,Operations,3515,yes,no,mobile,Edge,2025-01-19T05:54:05,335,"18.950059,128.540675",Japanese
ccf462b2-d653-40dd-b75b-e6e0f6b5aff2,Provide let religious.,dean.biz,HR,9059,no,yes,mobile,Safari,2025-03-01T21:17:44,251,"-51.4363375,-148.376005",French
d5cb9e07-fd43-43f4-a907-b308158e6cb5,Article suggest let account.,gardner.com,Operations,5162,no,yes,mobile,Firefox,2025-03-28T18:09:26,199,"-53.8198655,-117.123441",Japanese
4e1beb53-e2af-43be-a9cf-8d9baf26143b,Understand summer sport rule.,thomas.biz,HR,1564,no,no,desktop,Safari,2025-01-03T14:40:10,41,"86.7753975,-62.124128",Japanese
062883e9-f4a0-4c1f-b861-24198c57ec90,Impact between baby better quickly.,scott.net,IT,525,yes,no,mobile,Safari,2025-03-21T01:01:23,560,"-23.457397,-62.950556",English
50a0626b-ff19-4fd1-9165-08dfda358ecc,Impact friend painting good.,cole.com,HR,2369,no,yes,mobile,Opera,2025-03-05T20:48:34,341,"66.787744,-133.100527",Japanese
5c59acd0-80cc-451c-9f22-62334319d1f5,Case computer evening and painting.,bautista-edwards.com,IT,4156,no,no,mobile,Firefox,2025-01-21T05:58:16,168,"-86.154179,-144.196547",German
2b209897-554c-4fa5-aeac-808db6a779f6,Everybody consumer more dark science.,jones.biz,HR,2642,yes,no,mobile,Firefox,2025-03-27T11:46:21,201,"38.493106,-118.501277",German
6def53f8-40e5-419d-889e-6b391c779958,Onto teach send hot receive financial left.,lopez.net,Marketing,8664,yes,yes,mobile,Edge,2025-01-26T23:16:12,358,"42.826649,98.695066",Spanish
bf4e51bf-063a-49b1-a726-fe45c6976875,Use kid catch laugh PM know keep.,duncan.com,IT,5546,yes,no,mobile,Opera,2025-01-10T13:07:30,441,"-64.959730,-58.865772",French
68510340-0e28-475e-8721-43fcc8ac514b,Develop themselves note.,salazar.com,Sales,5560,no,yes,mobile,Edge,2025-01-25T21:36:28,306,"83.740798,-165.380028",Japanese
d96fefe7-6269-49b1-a6c7-db24b4d7a6e7,Single two how.,edwards.com,HR,8317,no,no,desktop,Edge,2025-02-04T02:59:18,19,"72.2952585,-62.585826",French
b85389cd-1fc9-4719-9aec-23286122e040,Nor fire close artist gas.,reed-prince.com,HR,6042,no,yes,desktop,Chrome,2025-01-22T13:52:10,237,"48.5703885,-34.530447",Spanish
d2d3a608-c411-48d5-9a17-2da3faba8f87,Wrong can sort red activity toward only.,powell.net,IT,3283,no,no,mobile,Chrome,2025-01-08T16:57:54,317,"-1.3516145,83.138097",German
c9f34c7a-7692-4ea5-ab3a-118f4d80cac0,Score get sit.,wilson-mason.org,IT,709,yes,yes,mobile,Edge,2025-02-02T03:52:34,562,"-25.398623,-0.028047",English
eea78342-17b6-495b-a435-85546ca2cb19,All machine response through one stage eight.,spence-walton.info,Finance,4373,yes,yes,mobile,Safari,2025-01-12T09:40:38,305,"68.5947485,0.892991",German
340ab8a8-be28-40e4-af85-88f2810ddc3f,Late will director into on visit.,fry-jones.com,IT,3414,no,yes,mobile,Chrome,2025-01-21T13:51:17,133,"-15.216603,-32.469277",English
2565765d-9e3b-4a1c-af21-2cdc3425acdc,Wrong thing action foreign wide well.,robinson-rodriguez.com,HR,8511,yes,yes,desktop,Opera,2025-01-15T02:09:19,562,"-24.7936235,155.865962",Spanish
b38c87e8-330d-40aa-9fe8-3ce84eef63e2,Charge doctor pass would traditional enjoy.,silva.com,Marketing,3802,no,yes,mobile,Firefox,2025-04-04T00:29:29,523,"15.873456,-160.577894",German
732ed4e9-5eb3-498d-8f8f-121ff5644b9c,Do ask data name wear.,frazier.com,IT,8454,yes,no,desktop,Edge,2025-03-11T15:01:16,147,"-23.630653,-127.491825",French
f5e7aca6-6172-4133-bba1-0016739d7565,Industry eat area break really.,rodriguez.com,IT,3702,no,yes,mobile,Edge,2025-01-17T02:15:38,122,"-4.829806,-177.221860",Japanese
6e721662-9fb9-4ee5-ade7-5e0f04049735,Decision property bit.,taylor.info,Finance,8463,no,no,mobile,Opera,2025-01-30T09:42:53,547,"46.6657425,53.079625",French
381cf14b-e4c5-4408-9513-16d386264415,Student assume life director.,peterson-hooper.com,Sales,8319,yes,yes,mobile,Safari,2025-03-21T23:41:56,512,"-60.7519755,-151.952307",German
7b00f02a-e967-4c58-bf1d-2f1720ae0c62,Religious blood live message pay create avoid.,ford-mosley.info,HR,9503,yes,yes,desktop,Edge,2025-01-18T17:14:03,208,"-2.931667,-73.613654",Chinese
3fe6c4ec-af0f-44a6-b770-d7c902c7e7c2,Color agent method international vote.,wilkerson-flores.com,IT,9491,yes,yes,desktop,Safari,2025-03-12T08:45:52,156,"18.629044,29.638288",Spanish
624e523c-cf62-4285-9bde-b8ea899411c7,Sea return fact authority kid letter tree.,hayes-cox.com,IT,3364,no,no,mobile,Chrome,2025-02-28T16:45:41,376,"0.7899525,153.538763",German
cad17a28-8046-480f-a474-c03771158b9a,Director fish value machine term everyone.,weber.biz,Marketing,9473,yes,yes,mobile,Firefox,2025-03-30T16:30:45,36,"3.973632,46.960769",German
ca4355eb-dd1a-448e-8cb9-e3cb384199ce,Between local seven that rock month unit.,kelly-kerr.biz,Finance,676,no,no,desktop,Opera,2025-01-08T11:20:32,477,"6.7700115,-41.588026",Chinese
760b1077-b271-4172-ab19-18fc48a1ab2d,Respond difference help would operation memory.,james.com,Sales,5111,yes,yes,mobile,Firefox,2025-02-24T21:32:38,211,"53.245684,-109.003821",French
a28c0ff6-cccc-4d73-9f14-2e47db35bf8d,Case dog subject fall reflect.,deleon.info,Sales,3101,no,yes,mobile,Edge,2025-01-23T08:01:39,498,"72.0680955,54.955907",French
bc4da404-b325-423f-8425-8c919b028cf6,Hope south amount also truth yes.,stone-green.com,Sales,2548,yes,yes,mobile,Edge,2025-03-15T05:29:15,248,"-18.083036,46.330824",English
9a5cf698-10bc-489f-b1fe-35202d4dadfe,Hour nature for center claim citizen.,griffith-moore.com,Operations,8204,yes,yes,mobile,Edge,2025-01-15T06:21:17,91,"-28.1804245,-176.060444",French
e7466683-360e-4337-8cd8-7a5d6f32b566,Rise senior sing write while task nice.,hunter.info,Sales,5206,no,no,desktop,Edge,2025-02-03T07:51:42,106,"1.764151,-175.396757",German
7768d1a1-3663-4a6a-a4f1-924605f3039c,Message rule character identify just direction.,williams-phillips.com,IT,1562,no,no,desktop,Firefox,2025-03-16T15:37:05,137,"-77.376883,-103.471251",English
05d6378e-3f5c-4539-a696-3d50a5bb41ec,Strategy company human most member campaign.,glass.com,Finance,7255,no,yes,desktop,Opera,2025-01-01T06:18:43,360,"-48.8780375,6.168465",German
d8deda70-558c-4d40-9b9b-d737b43d030e,Might truth hot relate concern threat star.,riley.com,Sales,2433,yes,no,desktop,Chrome,2025-01-26T09:21:37,61,"28.595083,67.418832",English
93dca198-b454-469b-9f85-de13cf6a826f,Cost drive hold bill set available.,wilson-moss.com,Operations,5254,no,no,mobile,Firefox,2025-03-30T09:26:09,263,"41.2744735,136.331214",Japanese
00af5595-12dd-4a7e-aa31-71f49f695475,Subject general cause teach head.,sellers-obrien.com,IT,8510,no,yes,mobile,Safari,2025-02-18T08:23:15,565,"15.522270,137.955814",Chinese
e6431335-4170-4691-a41d-a99900f50a05,All type sport people safe.,tate-jones.org,Sales,9029,no,no,mobile,Chrome,2025-03-15T21:54:44,328,"-59.212263,94.736204",English
7c57a30e-45cd-4d90-b44e-f5652cbdb5d4,Pattern month effort top score subject gun.,roberts.com,Marketing,7883,no,yes,desktop,Chrome,2025-03-20T12:37:28,550,"-89.5321795,-115.755478",English
1d8dff94-8d6e-493e-96b4-a1fd0c4d6aaf,Material last artist senior nearly.,johnson.biz,IT,8996,yes,yes,desktop,Safari,2025-01-15T00:03:20,31,"-37.987466,-71.975882",German
c65a725e-a52f-4118-8b81-168a9ae43806,Tree wind indeed field laugh.,moore.com,Operations,6797,yes,yes,desktop,Opera,2025-01-04T22:06:09,240,"-17.8049415,-154.205798",French
5d14ea94-c4e9-43a2-a8d5-6d9528cd60de,Score senior according standard actually.,hicks.org,Sales,4095,yes,yes,mobile,Chrome,2025-02-22T23:51:47,199,"-1.4431315,45.083362",German
e5a17d0b-d181-45b6-a87e-334a1910d4d5,Generation as fire Democrat herself weight seven.,ford.biz,Marketing,7071,no,no,mobile,Safari,2025-02-01T15:07:49,281,"26.691621,2.046258",French
348d3e9a-ac62-4b6c-967b-1b7f5cdb2fb0,Down thus article me.,allen.com,HR,775,no,yes,desktop,Firefox,2025-01-09T19:23:27,233,"89.1826285,25.183606",Japanese
e55195fa-d68e-4960-a59a-4d6a9dd3af54,Style agree total side south drive which.,hall-allen.com,HR,2749,no,no,mobile,Safari,2025-03-11T14:47:25,296,"45.224232,-7.408989",English
7274b82d-9147-4c10-bd87-589d988af4ba,Want conference each suggest discover position change.,williams.info,Marketing,4617,no,yes,desktop,Opera,2025-03-31T00:15:55,236,"56.968705,-72.717342",Spanish
6cf73544-7a48-4bde-90ac-9e8d4de8131a,Series dark admit campaign worry.,hayden.net,Finance,523,no,yes,desktop,Safari,2025-03-24T21:25:30,146,"80.727775,-36.361435",Spanish
84211dd2-ced9-464e-b8d7-45c13a9786c8,Technology look performance environmental guy.,solis-rowe.com,IT,8224,no,yes,mobile,Edge,2025-01-07T18:28:43,279,"-48.609789,-75.513514",German
38c95022-2de9-4e99-8b0a-af7f00b27ca1,They send base individual wait person.,le.biz,Operations,7434,no,no,desktop,Edge,2025-03-05T04:12:08,265,"-64.178278,25.961991",English
ef70be48-0865-4be8-a585-50af726f613c,Service American produce particular.,johnson.com,IT,4825,yes,yes,mobile,Firefox,2025-02-03T01:10:51,12,"-79.242346,-35.744715",German
7ea4a8f8-cadd-495a-a216-95eeacd9d769,Send chance take perhaps girl college hour.,hill-pacheco.com,HR,9526,no,no,desktop,Chrome,2025-03-25T00:00:51,177,"-50.0079005,-90.439875",Spanish
5d29a542-b2cb-4659-9873-f413d60a51fe,According hear discuss drop real from.,miller.net,Marketing,552,no,yes,desktop,Opera,2025-03-13T00:41:50,273,"2.530410,-45.494678",English
72df37db-c798-406f-a3db-25c0ab11e52c,Answer star court goal start late camera.,garza-green.info,Operations,6819,yes,yes,desktop,Edge,2025-01-28T11:09:01,122,"-22.141718,112.667089",Japanese
c6225839-e0b2-48b4-880b-9c15e5346785,Add here save little.,gutierrez.info,HR,7345,no,no,desktop,Firefox,2025-03-20T19:49:44,13,"33.4139645,-173.970417",Spanish
551dbc7a-ef9b-4816-aac9-d08197679e2a,Whom growth list when.,carlson.net,IT,8258,yes,no,mobile,Firefox,2025-02-18T05:31:57,24,"-61.535358,41.310696",French
5023daf1-e742-4b3a-aff1-974d17c654fd,Myself newspaper offer executive good another away bar.,harris.com,Marketing,3789,yes,yes,mobile,Firefox,2025-03-28T20:18:50,262,"53.9958955,150.112335",German
170f6bd3-3b8f-485a-8742-4341e3f5ea8e,Form recent behavior state.,moore-jensen.info,IT,9892,yes,yes,mobile,Opera,2025-03-09T00:22:41,163,"67.415572,-105.258503",English
bd5effbd-95d5-47af-bb5f-db6e8df91d4b,Article several often various.,johnson.com,IT,6132,no,yes,desktop,Safari,2025-01-22T19:45:21,247,"-81.647467,-152.498279",German
e0c1ad9e-7302-4bf0-bf07-9c6ba47f2d37,Job continue PM PM coach our result.,harris.org,Finance,8016,yes,no,mobile,Safari,2025-04-04T04:10:32,380,"87.1087725,-81.807367",Japanese
abd34c92-7942-49b8-aa9c-b5c8b1f59045,Clear step report deep.,bernard.biz,Sales,6702,no,yes,desktop,Chrome,2025-01-14T07:11:01,238,"-86.637767,93.168465",French
64b73c6d-65b4-49dc-95f9-70031b0d9978,Perhaps think subject support adult.,willis-cortez.com,Sales,8299,no,yes,desktop,Edge,2025-01-01T01:39:51,296,"-32.6385675,-179.926298",German
64f0cbe2-421e-4a01-84e7-33795f05427b,Four amount pattern body hard meet radio.,freeman.com,Finance,3298,no,yes,mobile,Chrome,2025-01-23T15:19:47,517,"51.1768925,-172.175065",English
2780c26d-6a41-4545-95cc-7819cc78094c,Cultural list might measure.,ward.org,Marketing,7598,yes,no,desktop,Chrome,2025-03-29T06:56:06,343,"-6.718064,-123.148119",German
1dabc36e-7f88-41f9-90f3-a8e7a5a5b3b2,Medical hand should area.,mccall-clark.com,Finance,3713,no,yes,desktop,Safari,2025-03-19T17:20:30,423,"29.0921675,118.567489",Spanish
f26ca585-a62f-4155-82a4-7ceea602e46b,Relationship sell visit opportunity.,buchanan.com,Sales,4028,no,yes,desktop,Opera,2025-03-03T22:12:49,21,"-65.487873,168.550867",French
21f6690d-5941-4f0d-bdb6-3f8cd960835c,Might mean of seven should popular while.,nguyen.info,HR,5526,no,yes,mobile,Firefox,2025-03-04T05:04:59,51,"35.4572215,-60.420754",Chinese
cbf0a134-dcb0-4b58-a9ee-b29e94213b6a,Kid serve condition evidence.,torres.org,Finance,4950,no,no,mobile,Chrome,2025-01-08T15:31:09,373,"67.9039745,108.026522",German
d912ef38-bd91-4a14-b7ce-d314e53bb052,Word least service cover occur.,stewart.com,Sales,6683,yes,no,desktop,Opera,2025-02-26T09:58:04,527,"6.2256935,138.354506",Spanish
a33b477a-edb8-4d1e-b4a8-bd3dad71c0e8,Business fund dog design entire property instead.,martin.info,Operations,8830,no,no,mobile,Edge,2025-02-07T16:33:02,270,"-49.695438,-109.368171",English
7f1c0a41-ada2-479f-80dc-52997dafc8e0,Nature home above short blood good family.,russell.com,IT,3060,yes,no,mobile,Safari,2025-01-10T02:15:21,425,"66.394699,-110.321393",Spanish
6b20aeef-5101-4dc9-b8ed-23312a2da6c6,Answer benefit describe artist listen almost else.,king.com,Operations,9804,no,no,mobile,Opera,2025-01-18T09:46:14,287,"-19.6464655,65.443079",English
783992a4-9fbb-4fdf-89ec-5d1bd9387501,Point fight order better field gas.,mcclure-clements.biz,HR,533,yes,no,mobile,Safari,2025-03-05T01:29:10,192,"18.7398455,63.765266",Spanish
3647f4ff-5df1-49c0-a35a-e8b0e8efff64,Number court happen candidate.,wong.net,Operations,6721,yes,yes,desktop,Edge,2025-01-01T02:05:25,41,"-82.362667,102.612237",German
5a9ad86b-af5e-4bd1-ad17-74728e71644f,His upon ok artist already this we.,pham.biz,IT,9834,no,yes,desktop,Chrome,2025-03-11T06:47:02,69,"-30.9933075,42.736459",English
ab3052a6-0b6b-446d-98f9-fd48a3d6c282,Even choice time between cup.,ford.biz,Marketing,1476,yes,yes,desktop,Firefox,2025-03-21T21:09:53,22,"88.811853,114.080196",Japanese
cc23926f-5e2f-4b09-8021-d7d22b76d225,Training analysis truth use success born.,trevino-ortiz.com,Sales,2239,no,no,desktop,Edge,2025-02-26T09:42:43,376,"-15.523628,80.058779",Japanese
00dccb80-314e-48b6-a6b8-11a469d05511,Up even through capital person bag they.,day.info,HR,2357,no,yes,desktop,Edge,2025-03-16T13:04:37,398,"81.6361975,-159.280044",English
7889a11a-7b85-41e4-9b94-0a789622a22e,Suggest she fear.,diaz.com,Finance,4604,no,yes,desktop,Chrome,2025-02-01T17:31:12,297,"-58.6470265,88.582125",Japanese
5a0fe5d9-9f43-4b10-9287-47a889b71df5,Pattern wonder product must size up fight.,taylor.com,Operations,3856,no,no,desktop,Firefox,2025-01-02T18:44:08,181,"-10.751150,66.533274",Japanese
dcc428a2-762a-4f81-955e-8db141119e5d,If require direction best.,perez.net,IT,9791,yes,no,mobile,Firefox,2025-04-02T14:24:12,10,"41.0850995,-55.908577",French
2490d8bc-5eea-441c-a329-ecada93bf2be,Important game happen.,butler-armstrong.com,Finance,2291,yes,no,mobile,Edge,2025-03-17T17:50:34,125,"-77.985992,17.509484",German
ce00ef25-a17b-4958-8855-844946bb11eb,Continue herself huge ahead according let cost.,adams.org,Marketing,5138,no,no,mobile,Safari,2025-01-25T03:01:00,232,"-44.083016,-166.210718",Japanese
c76eb13e-2dd0-42ff-a2e8-12d30b51de51,Series gas turn.,gonzalez-cooper.com,Operations,5410,yes,yes,mobile,Firefox,2025-02-06T15:04:05,476,"29.9580035,-26.383757",English
39ef28ba-c283-419b-bbd8-5dd6c7a3eb5d,Lawyer kitchen ask than end bit laugh.,ramirez.com,Finance,8431,yes,no,desktop,Edge,2025-02-22T04:40:40,539,"-82.9105225,-152.730275",Spanish
9b13a1fc-f321-4511-8aae-9cc05713339b,Recently state seem impact.,adams.com,HR,7378,yes,no,desktop,Safari,2025-03-17T14:27:41,261,"-89.882662,178.891508",German
0765b759-4abd-4b08-a5d7-70cf66f70f51,Official pressure mouth animal.,clark-tyler.com,Finance,980,no,yes,mobile,Opera,2025-02-21T05:20:04,19,"65.035161,82.373665",French
e8cbdbd1-18ec-477b-8abb-03fc37f57939,Forget southern life three art couple others health.,cobb.com,Operations,5044,yes,yes,mobile,Safari,2025-03-16T00:10:21,432,"-25.4131855,23.108685",Spanish
7be69fe1-1e25-46ed-8f5a-2f52ffdc9c91,Picture present collection use name successful one.,rich-mills.com,HR,8857,no,no,mobile,Safari,2025-01-14T14:44:45,595,"37.512595,45.508848",German
b65dee23-de03-490d-9413-493fa9898dd4,Read some see consider real than evening.,woods.info,Operations,2658,yes,yes,desktop,Safari,2025-03-16T22:33:47,115,"16.337634,-70.061690",German
1e02b9ef-9038-4f5c-a4b3-0f93c3f35234,In fast radio write food southern week what.,bass.com,Finance,3075,yes,yes,mobile,Chrome,2025-03-24T16:55:19,381,"36.2824975,-129.040283",German
44843647-6d94-4fbb-9ce6-5bc9edd235e5,Help produce machine job international.,brown.com,Operations,9754,yes,yes,desktop,Edge,2025-03-07T02:55:28,180,"1.6801385,52.610182",Spanish
965dc1e1-80ba-4d07-a4f2-5d54102b4d69,Board room performance yard learn.,smith.com,Marketing,3021,no,no,mobile,Safari,2025-01-14T22:42:08,39,"-43.8670935,5.417368",English
812cb7b1-db95-4781-9bb3-df1c99674a5b,Perhaps forget determine middle school nation region.,henry.com,Sales,3010,no,no,mobile,Firefox,2025-03-17T18:19:40,365,"41.506712,88.513513",Spanish
4e436c08-4ba9-4b3c-80bd-3e2b8609bc2a,Image instead why admit personal.,perry-mendez.net,HR,3477,yes,no,mobile,Safari,2025-01-05T17:17:21,339,"81.9833145,174.613678",Japanese
e099e8bc-4513-4080-8571-65d93b2c1fe5,Onto interesting decision newspaper continue everybody time.,ball.net,Finance,8488,no,no,desktop,Safari,2025-01-05T05:29:42,484,"9.0280895,116.237035",Spanish
ce658513-0dc7-4930-9ffe-8808f206eac0,Teach oil market term.,sanchez-cook.biz,HR,3538,yes,yes,mobile,Firefox,2025-01-10T06:49:47,380,"-5.8212115,-174.989865",German
5b8c33a4-3209-46b3-9b08-25483bc50515,Can smile change role.,garcia-harrington.net,HR,1221,no,no,mobile,Opera,2025-02-14T13:17:27,342,"-10.1721735,-100.027586",Spanish
581e22cb-45a0-4fc8-9c98-14c128dba51a,Truth heavy lot look order.,oconnell.com,Marketing,9012,yes,yes,desktop,Chrome,2025-01-01T16:10:54,548,"-2.024317,137.711907",Spanish
111b5d62-8bb2-41dc-a981-55863424a83a,Animal without other case many majority.,wood.org,Marketing,9332,yes,yes,mobile,Firefox,2025-01-31T18:53:35,538,"-63.7773725,-34.051127",Chinese
6b88c9dc-3fc6-44b5-ab79-155bf40e2d93,Seven remember management this four produce.,carney-nelson.com,Marketing,2548,no,no,mobile,Opera,2025-02-20T17:14:38,53,"-29.6060905,153.868394",Spanish
9b8c2af6-0001-4107-9e4e-eb7ae44cca09,Form line how stop together possible most.,smith.com,HR,4421,yes,yes,mobile,Firefox,2025-01-20T10:05:32,115,"48.5359995,161.901764",Japanese
c761372d-273c-4b9b-9022-29b4eb90b2f2,Card early control technology minute themselves score contain.,ross.com,Finance,8741,no,yes,mobile,Opera,2025-01-23T09:33:15,147,"36.225871,33.946370",Chinese
8fc8684a-c7ec-41fd-863d-8ad91e097dcb,Cup officer apply pull behavior movement.,davis.biz,Finance,8288,yes,no,desktop,Edge,2025-01-21T10:30:23,264,"-23.4251375,-81.658691",French
3de129f3-756d-4b70-8975-f0555595d9a5,Collection option there report daughter decade.,malone.com,Sales,4769,no,no,mobile,Opera,2025-01-15T18:21:32,489,"-80.579787,52.578247",Japanese
954b04ac-30ee-47c5-8807-1ed1c2d3c871,Conference three almost situation note give.,watson.com,Finance,5730,yes,yes,desktop,Safari,2025-03-14T01:12:08,51,"-40.8688035,-117.616733",French
9f1ee2cb-82e8-440a-bda9-ced9fb8b0b35,In radio deal sing name.,kennedy.net,Sales,7747,no,yes,desktop,Chrome,2025-03-20T01:14:15,293,"39.9038975,-106.031429",Japanese
dd2b3ace-c435-41ae-b837-50d035b0dc96,Next decision across office receive.,pena.com,Operations,580,yes,yes,mobile,Edge,2025-01-10T21:52:23,150,"23.956047,-87.038663",German
0c2573d8-6475-450c-b319-5c0eecf08749,Nothing include early operation.,ross-dunn.com,HR,505,yes,yes,desktop,Safari,2025-02-19T02:36:59,150,"38.576841,-163.297452",Chinese
a653111f-64fc-4323-bb55-252a93dfd07d,Choice look foot site consider.,schwartz.biz,Operations,1075,yes,yes,desktop,Opera,2025-01-27T19:33:14,457,"-89.049507,18.068968",French
079146e8-e6bf-465e-a83f-71dd0eecef31,Hear upon produce campaign finish.,thomas-martin.com,Sales,1852,no,yes,mobile,Edge,2025-02-02T23:23:52,242,"-15.998820,39.157435",Japanese
eabf3d2b-e3b7-4978-b4a5-30bda0e62262,Plan charge high cause discover.,espinoza.biz,Finance,6442,yes,yes,desktop,Opera,2025-03-01T03:48:42,93,"-40.830144,62.726473",Chinese
ce8853b8-34f4-44f6-baee-b83372982d25,Point would like accept worry exactly market.,jackson-wagner.info,Marketing,8392,no,no,mobile,Chrome,2025-02-07T20:47:37,69,"-31.118797,41.738946",Spanish
6cffc653-fea7-4ed8-af2f-b55b0299e456,Control true thing realize management.,hill.com,IT,770,no,no,mobile,Opera,2025-03-06T22:32:01,343,"89.0048735,-156.614871",English
c3801240-806f-44c9-abd7-509923b549e8,Couple system find site area prove environmental.,sherman.com,Finance,3192,no,no,desktop,Chrome,2025-02-27T10:35:57,394,"-47.2207695,178.334181",German
f5dd8314-60d7-406f-8634-fcef9fade802,Production road concern summer.,campos-hunter.org,Marketing,6384,no,yes,desktop,Firefox,2025-02-27T07:04:03,529,"17.7590465,119.183473",French
d011a819-e251-4642-81e9-c7cce7ba8c45,Marriage sure every page.,davis.com,HR,6101,no,yes,desktop,Opera,2025-03-10T08:32:38,586,"-34.7759925,172.557183",English
fddfe0c4-d519-47b0-b5ec-2e54558ef26c,However find former policy child similar.,brewer.com,Finance,8912,yes,no,mobile,Edge,2025-03-06T05:58:36,349,"24.2206325,35.260202",French
ae02f122-d3c4-4c57-8c9a-3c860e403a1e,Process change than check baby deal.,villarreal.com,Sales,8700,no,yes,mobile,Chrome,2025-01-26T02:16:50,400,"-88.6732905,161.619373",English
75fe410b-4546-4c2d-b3e6-c3b9ef49dc6c,Wear better coach life practice production road.,ward.com,Marketing,984,no,no,mobile,Chrome,2025-02-04T02:22:42,253,"-81.715794,173.537309",French
43742492-db08-4611-870c-dd61fb7f8e32,List moment yes apply participant least.,palmer.biz,Operations,8114,yes,yes,desktop,Edge,2025-01-29T04:50:06,116,"85.5812965,111.966887",Spanish
190256ba-abba-4ac1-96ef-b2c8ee7373a8,Assume quite line describe marriage college others.,santiago.com,Finance,4664,no,no,desktop,Firefox,2025-03-23T07:34:33,298,"19.408427,-155.911874",Spanish
3cbc48c3-5afc-41f8-9ea5-3190daf84fc9,Bring improve reach despite design apply.,guzman-chaney.org,Operations,7602,yes,yes,desktop,Firefox,2025-02-16T18:23:21,80,"71.638974,92.965475",Spanish
7a02a8b9-6c3d-4730-9287-37e93561c87d,Development already whatever per style.,pennington-cruz.com,HR,8938,no,yes,desktop,Safari,2025-01-14T23:17:50,134,"71.9701625,161.493174",Chinese
76337ab7-a87c-4167-a6a3-fe5cd9f54c91,Science attack similar.,petersen-smith.org,Marketing,2407,no,yes,desktop,Firefox,2025-01-07T00:20:50,313,"-1.483537,130.747751",Chinese
3dbfcbc5-7b60-4375-b08c-b58218accc31,Prove true hot drug former society fall ago.,mccullough-carpenter.com,HR,847,no,yes,mobile,Safari,2025-02-06T16:20:35,144,"-29.670343,118.139200",Spanish
c5ba16a4-39e3-4a75-8f4f-30631de9e2b7,List consumer front.,terrell-perez.com,Sales,3008,yes,yes,mobile,Chrome,2025-02-05T07:13:56,559,"-12.220939,132.635976",English
541bc520-9440-452e-a103-4f687bae1bed,Interview three many mind significant couple suffer.,clark.biz,HR,9215,no,yes,mobile,Opera,2025-03-31T07:03:23,541,"19.2153395,-51.532858",Spanish
b8da301e-d739-45a6-b062-ba02d9954e8f,And summer success close against summer left.,middleton.com,HR,6551,no,yes,desktop,Edge,2025-03-01T11:55:52,214,"-17.436788,18.621596",Japanese
92044b75-c48e-4f52-ad01-2161e809c962,Decade station event difference stock such anyone.,crawford.com,Finance,7707,yes,yes,mobile,Chrome,2025-03-10T07:38:17,320,"83.7914805,55.177159",French
a88ef622-5f80-4ad4-b440-283168a44424,Ahead particularly their response member.,warner.com,HR,6902,yes,yes,desktop,Edge,2025-01-08T16:45:17,25,"-65.3343225,-34.379668",French
c49403a4-fcd9-404c-b81b-628a71ce5bc5,Leg ability politics prevent have store administration.,richmond.com,Operations,7583,no,no,mobile,Firefox,2025-03-13T17:50:23,112,"-11.6778815,176.145393",Japanese
fc3520eb-f120-4388-bc79-b5a241e32c6f,He rock through.,miller.com,Sales,5772,no,yes,desktop,Safari,2025-02-19T06:02:01,87,"-53.0647955,83.641784",English
9ce2b0f0-0a5e-4eee-a997-a0d16fd42df5,Read well fill simple this decision these.,leach.com,Marketing,7665,no,yes,mobile,Edge,2025-01-10T09:57:20,199,"21.2043565,98.343420",French
b160d3a4-ac62-4c14-b65d-f8542747f557,Shake check employee within.,shannon-phelps.com,Sales,8849,yes,no,desktop,Firefox,2025-03-07T22:24:05,161,"-80.230850,101.409049",French
8f74617b-b132-4811-9318-1ba7d9184d9f,Plant prove skin wall among thank fine.,cole-duke.com,Marketing,5558,yes,yes,desktop,Safari,2025-02-17T06:06:20,275,"-63.0044435,78.203438",Japanese
c7c95341-83d7-4579-80a8-f7259780f035,Price vote make bed outside agreement bag international.,perez-williams.com,Finance,5980,yes,no,desktop,Chrome,2025-03-03T11:55:06,190,"73.1717265,174.039063",German
ad3f6602-32a5-406a-9e5b-baa5bb6a9269,Answer government wide reduce prepare.,anderson.com,Sales,5980,yes,no,desktop,Edge,2025-01-24T07:24:23,336,"62.4248085,104.728503",French
e76b47dd-d14b-44e4-a137-0e940788f45b,Him ok image sea discuss always technology character.,jackson.biz,Operations,3340,yes,no,desktop,Safari,2025-02-20T18:23:41,466,"68.2639875,-71.431515",German
ef330e83-4fbe-4816-9720-a0f68d603751,Party range idea everyone fact laugh drive.,martin.net,IT,1980,yes,no,desktop,Opera,2025-03-21T13:28:52,37,"-30.7118585,-3.876668",Spanish
4ea84fb8-5d3b-492e-8585-5c072e637f76,White break career cut claim law pattern.,osborne-davis.org,IT,7584,no,yes,mobile,Opera,2025-04-02T07:59:54,207,"-33.913324,-153.491609",French
cd0035a5-cc53-4364-b19c-952981724e50,Speak particular night risk two fall manager available.,norman.com,Sales,1944,yes,no,desktop,Safari,2025-02-03T16:20:15,572,"-23.8428865,-122.934359",French
f13794c9-4a93-4472-b54b-bcc1481a1a56,Knowledge sing local scene under claim win much.,obrien-white.com,HR,4802,yes,yes,mobile,Firefox,2025-02-14T00:23:15,139,"50.012077,52.632015",Japanese
a5ef4e57-a600-4386-9b27-36b79236db1b,Risk believe think color.,brewer.com,Marketing,5431,no,yes,desktop,Opera,2025-01-29T08:13:20,224,"-60.1581945,132.245187",English
a411a7fb-d844-4e8b-b0e9-0f766f6b8b22,Specific explain exist off service.,young.net,Finance,5557,yes,no,desktop,Opera,2025-03-30T09:52:24,228,"-80.814291,-79.170484",French
20ce0349-db79-4efb-bc9b-6cb833fe482c,His full player artist Democrat.,anderson.info,Sales,1341,no,yes,mobile,Firefox,2025-03-18T11:34:29,430,"-62.905158,37.368445",German
159ff671-e5d4-4b5d-9e79-fac8e17375c1,Investment tax truth thing door away effort.,robinson.com,IT,2002,yes,yes,mobile,Opera,2025-01-06T11:54:18,28,"-45.986675,7.221047",English
4bf05357-511a-4ae1-891f-07b971a09258,Traditional black start find degree talk military strategy.,reed.com,Operations,3800,yes,no,desktop,Firefox,2025-03-26T15:13:10,436,"37.8449295,-78.716341",English
1b042e62-47d1-414b-af9a-5354f4d39fef,Daughter participant significant information.,bernard.com,HR,2905,yes,yes,mobile,Firefox,2025-03-20T10:21:19,57,"6.2729945,19.782873",German
9fc1f202-f602-43b3-9fed-cfc88ff945c0,Truth common no drop.,hernandez-patel.com,Finance,4831,yes,no,mobile,Chrome,2025-01-18T15:43:45,35,"-66.3943365,-15.531269",Spanish
40dbbbbd-be28-4988-bdce-c84912934859,Firm off may officer situation area coach.,curtis.biz,Operations,5209,yes,no,mobile,Firefox,2025-03-22T01:40:29,351,"4.365467,52.224504",Chinese
f8f64153-99b4-4a2e-8da8-8c030c62e8e9,Far these southern form maintain within several alone.,miller.com,Operations,5207,yes,no,mobile,Safari,2025-01-21T07:25:28,457,"-61.9212615,132.103519",Chinese
53925943-445b-4ab2-8f28-0fb0b8acfd0f,Event site push civil under whole.,perez-mitchell.info,Marketing,5654,yes,no,desktop,Opera,2025-02-22T02:25:33,329,"6.9721815,39.703798",German
077029d0-ff03-48cb-8495-a8f18e7d8647,Pattern decide win like television.,diaz-jackson.com,IT,6140,yes,no,mobile,Chrome,2025-01-13T19:56:49,559,"-34.1142525,-32.320360",Spanish
8ea444cb-fc16-4f04-b0c9-ffb63e860a43,Indicate better that quite start.,stevens.com,IT,6960,no,yes,mobile,Edge,2025-02-11T05:55:35,360,"-89.989229,30.759158",German
2a45b7da-4541-41f5-a963-936d5eba2e1f,Common social allow success.,williams.org,Marketing,4571,yes,no,mobile,Firefox,2025-01-22T19:47:21,271,"63.001904,56.829662",French
2ec31910-15a5-4bb5-8147-7549c4bc17c6,Spring upon speech beautiful avoid resource about news.,brown.com,HR,3013,yes,no,desktop,Edge,2025-02-21T03:51:25,414,"53.150785,100.558036",Chinese
5bf15152-a68b-418b-bd65-4a804eb1260d,Recognize return check whole action place.,powers-price.org,Sales,9648,no,yes,desktop,Safari,2025-02-12T17:23:59,348,"88.1759975,175.848410",Japanese
d65ba769-57ba-4348-8dc0-2410bf9e5bc2,Degree better affect movement adult.,moore-watson.com,HR,1306,yes,yes,desktop,Safari,2025-01-10T17:03:14,368,"2.0178035,21.356918",Japanese
cf8fd36a-c2e4-4622-8b13-3eaf6f7b370a,Meeting field director radio of.,miller.com,Marketing,1721,no,yes,desktop,Safari,2025-02-03T17:52:28,19,"0.134290,176.930476",Chinese
188e33ec-0b1c-4b09-b523-f4f7c93296bd,Start yes before health subject sea read.,kennedy.com,Finance,8358,no,no,desktop,Safari,2025-01-16T19:21:48,389,"81.256656,177.834939",Japanese
f0bfd133-2282-4181-b34f-eb332eedf7e3,He stuff its store home.,park.com,Operations,807,yes,no,desktop,Opera,2025-01-09T13:45:35,199,"89.582159,-91.223067",French
42626cde-ae37-4572-abec-a5db55cbafdc,Building series certain miss.,anthony.net,Sales,5753,yes,yes,desktop,Safari,2025-03-17T22:45:57,92,"71.1496775,-75.779225",German
d947b061-9e00-4315-914e-135e398106d2,Summer air too check fund.,miller.com,Sales,9794,no,no,desktop,Opera,2025-04-01T02:45:31,587,"57.451650,-75.547800",German
9650d8b0-d4d5-4985-ab72-08850212f510,Number behavior some still plant key they.,morgan-lee.info,HR,2628,no,no,desktop,Opera,2025-02-05T04:56:35,524,"-16.8553095,66.786229",English
0de2e813-ecad-44c3-b10a-79e016ac187a,Poor agency all specific place reality kid memory.,white.com,Operations,1317,yes,yes,mobile,Firefox,2025-02-01T10:26:59,587,"-22.0439815,-132.351566",Japanese
3fcbb379-f9e3-4d23-816a-6a9ca907cae4,Evidence middle though.,henderson.org,Finance,3071,yes,yes,desktop,Opera,2025-03-24T12:43:07,504,"42.1779705,74.365143",German
4ca62564-6c6a-4006-84a9-dbbab5e79f53,Or themselves quickly soldier five challenge hand.,hood.com,Finance,7220,no,yes,mobile,Chrome,2025-03-04T10:35:46,39,"7.049550,5.355717",Spanish
4963dfdf-67d7-4454-b816-b7c0f0fb5992,Old politics produce in myself.,cox.com,Finance,3854,no,no,mobile,Safari,2025-01-29T01:30:31,244,"-81.683194,14.072537",German
f0f8a318-dadc-4836-bfdf-68303657a821,Suddenly carry prevent paper choose.,delgado.com,IT,6838,no,yes,desktop,Opera,2025-03-01T17:01:56,594,"-36.074241,-163.427024",Chinese
caa20268-28f2-43bd-9b7d-9c7f00667574,Our around door red Congress north five often.,dixon.com,Finance,8979,no,no,mobile,Chrome,2025-02-03T10:45:06,232,"-8.234853,130.284591",Japanese
436ade0c-607c-484e-8d2d-2bff591043cd,Practice marriage outside real hospital bed.,avila.org,Marketing,7894,yes,no,desktop,Edge,2025-02-15T12:35:34,344,"-88.640854,-12.010605",Spanish
0ab9ca4c-328b-48b3-8188-fc2e9804d55b,Into base theory parent future will prevent.,zhang-johnson.com,HR,4238,yes,no,mobile,Firefox,2025-01-05T19:25:42,589,"8.4696465,-133.302591",French
5612e6eb-96bc-4ae5-9a85-706d6210b31a,Time somebody choice finish million let decade.,jackson.com,Marketing,1815,yes,no,mobile,Opera,2025-03-16T08:14:52,499,"-36.469658,161.647721",English
c2ff3619-61a3-4dbb-bb9b-47a055c3aaaa,Already movie ok end senior land discussion play.,smith.com,Finance,783,no,yes,mobile,Edge,2025-01-18T05:19:21,331,"27.0614835,37.028469",Japanese
c6042100-6139-4ecf-9367-d0ceb961480a,Plan card case.,brown-potter.com,HR,2545,no,yes,desktop,Chrome,2025-03-11T03:04:43,332,"47.181432,97.750861",French
fa49499b-52e0-47e0-9a51-e544a3e3f49b,Modern song grow maintain create economic.,bennett.biz,IT,4340,yes,no,mobile,Opera,2025-01-07T01:53:11,200,"-53.2452415,-153.923291",Japanese
1031bfdb-384d-4f40-a216-8e025178f59a,Republican nothing especially store religious.,clark.net,HR,5467,yes,yes,mobile,Chrome,2025-01-22T16:49:41,126,"17.860580,-27.586981",Chinese
ad246cd3-c115-465d-8bdc-a6ab18410175,Me beat everyone real family produce.,scott-valentine.com,Marketing,8329,yes,yes,desktop,Firefox,2025-01-03T10:05:33,515,"2.5948775,73.756091",English
8d964679-3252-4ab4-929b-da3a70a71927,Yeah end dinner that ok notice reason church.,rodriguez.com,Finance,6530,no,yes,mobile,Opera,2025-02-10T15:52:54,515,"-32.1124195,-148.465824",German
186b91f8-351b-49a9-86c8-008eae4c8839,Hope beat final message.,joseph.biz,Sales,5768,yes,no,desktop,Edge,2025-03-21T06:39:53,440,"-10.472412,93.511714",Japanese
aeb885a5-cb0e-4da4-91bb-e4944e7b9103,Reduce reason us entire keep him man ready.,hall-cole.com,Finance,3225,no,no,desktop,Safari,2025-01-13T00:49:22,309,"-5.036824,40.737274",Japanese
9dc5d890-20c0-4aa5-bf03-3128922e3ea2,Political realize your beautiful food win gas.,white-kelley.com,HR,9152,yes,yes,desktop,Opera,2025-01-14T21:27:30,182,"-51.341529,-52.363263",Japanese
0e4f69f5-a0e6-4cca-89b5-d61398bdc6f8,Simple religious pattern word even.,jones.com,Finance,4909,no,yes,desktop,Firefox,2025-02-05T12:02:37,364,"-45.452360,45.147770",Chinese
e58973db-0669-4b0b-a8f3-2afc0a4c52bd,Yourself station structure fire.,pitts.com,HR,2348,no,yes,desktop,Chrome,2025-01-05T13:28:32,211,"9.3000175,14.546167",French
a97e60c0-f77d-4c53-9b58-d5d84377b5b8,Structure conference quality.,alvarado.com,Operations,4448,yes,no,mobile,Opera,2025-03-23T07:50:17,295,"-28.922784,104.268526",English
d7a65609-f3eb-44cd-81c6-07affe51bc53,Realize something heavy.,pham.com,Operations,3836,no,yes,desktop,Opera,2025-02-19T12:20:34,402,"57.9262005,-61.271309",Spanish
9755ecb2-7e30-459b-b4b1-6d2688af1eb2,Second subject full rise truth catch.,montgomery.info,Finance,2779,no,yes,mobile,Opera,2025-02-18T07:56:49,285,"20.479614,127.405308",German
e3eb24d9-ece7-4d62-8ee2-f0b04ee93fb2,Stop real moment major price.,winters.info,Operations,8674,no,yes,mobile,Edge,2025-02-26T19:23:17,295,"15.939088,99.946710",Chinese
0aa5939a-9602-4cb7-81c0-2ca6e7b781ed,Training green conference dog.,young.com,HR,1819,yes,no,mobile,Chrome,2025-01-04T11:54:47,390,"68.9360975,52.697159",German
f458c105-14b8-4c20-9951-dcd4cca4713e,Above them improve wide knowledge also can.,park.net,Operations,828,yes,no,desktop,Firefox,2025-01-13T09:33:40,428,"-27.2862605,44.004232",English
dce896c5-b2eb-4d16-8883-a020680b4ca9,Type part million away set.,taylor-hensley.com,Operations,3143,no,yes,desktop,Safari,2025-01-04T08:24:24,135,"-64.437255,-156.087001",Chinese
9ff65d3a-e179-467a-80db-d91b6c76a3df,Shake everything rich own quality design support cover.,fritz.com,Marketing,1523,no,yes,desktop,Opera,2025-02-06T12:08:13,446,"-32.562983,-17.359631",English
e075231a-c0a9-4d41-af0d-65b074e8501f,Inside lose one theory itself table.,patton.biz,IT,1704,yes,no,desktop,Chrome,2025-02-12T18:33:31,14,"59.1925925,87.484372",Japanese
6ddf0da2-7938-40bd-9bef-c5e675784180,Consider center town.,berg.biz,Marketing,6056,no,yes,desktop,Safari,2025-03-04T02:17:15,574,"84.396182,55.427682",Spanish
0c61e433-c842-458a-8f28-827b7271fde7,To themselves interview attorney rule.,jones.com,Operations,6119,no,no,mobile,Safari,2025-02-25T05:41:04,347,"-40.187654,166.295089",Japanese
776ca671-4de9-433c-984f-1bf7f2345c9f,Sense green hit grow feel.,allen-hernandez.net,Finance,1670,no,no,desktop,Chrome,2025-03-29T20:10:37,217,"-29.2374675,50.156722",English
a6ca1dcc-1190-4b17-ad52-0ca082ab6f63,Tonight since group resource ball.,terrell.info,Finance,5778,yes,yes,desktop,Firefox,2025-02-12T15:30:36,307,"-68.4034825,151.130022",Chinese
168023fe-eade-4562-ae7a-8ae8598a60c0,American phone police.,massey.com,IT,8766,yes,yes,mobile,Firefox,2025-02-21T07:55:56,590,"76.8397765,100.086126",German
d7755e3b-8e2a-44ba-bf13-8f80dd9e0dbd,Identify radio begin method follow.,duffy.info,IT,4893,yes,no,desktop,Opera,2025-04-01T13:54:26,191,"4.4284075,178.523283",Spanish
5c862c40-dbd7-4b84-87dd-185eb61ee60e,Rate should garden pattern measure great.,bridges.com,Sales,755,no,no,mobile,Opera,2025-02-20T09:29:08,258,"16.1412455,3.185406",German
667936ea-a5ea-45f4-b951-faac6eb1b290,Mission friend who already my.,miller-zimmerman.org,Finance,6821,no,yes,desktop,Safari,2025-02-13T23:20:23,438,"70.341789,-92.367169",Japanese
0c22b505-aaf5-41e1-8681-a5593607790b,Early class might sign together future.,riley-thomas.com,Sales,9009,yes,no,desktop,Edge,2025-02-20T22:21:11,282,"-18.728879,-154.126919",German
6e16f2e4-197f-43e0-a755-4311f75d009b,Base western member recognize perhaps difference item type.,maddox-johnson.com,Marketing,2396,no,yes,desktop,Opera,2025-02-22T23:50:56,64,"67.570006,67.503546",German
371be172-2a98-4df7-a474-5c517cf66e74,Arm get design hand fight.,suarez.net,IT,8544,yes,yes,mobile,Chrome,2025-03-28T09:39:55,59,"-28.635416,161.839646",Chinese
65624c61-632a-4012-9690-e643b49f451c,Officer agreement from everything society.,fields.com,HR,4090,no,yes,mobile,Opera,2025-02-12T23:23:55,586,"88.900827,-19.151344",English
e9c43dfb-3acf-4242-af53-4bf6e53522a4,Land especially research finish music vote yes.,cook.net,Operations,6591,yes,yes,desktop,Edge,2025-04-02T09:40:36,542,"-70.555801,163.594866",German
8919a961-7ac6-4d1a-afe2-d7619d516daa,Compare exactly game decide new.,martin.com,IT,4210,yes,no,desktop,Opera,2025-03-15T09:18:16,158,"-32.060119,-1.752971",Spanish
5ffa789b-78da-44fc-a1fe-9c00030ee14b,Painting suggest reality and believe entire option.,gonzalez-hicks.org,Operations,1563,no,no,mobile,Firefox,2025-03-30T01:28:25,349,"38.996762,148.116755",Chinese
b644dca1-8b13-4ed9-b03f-796edc038b84,List people family charge material music instead.,carroll.com,Sales,8553,no,yes,mobile,Opera,2025-02-24T07:36:12,285,"13.2361925,-57.103079",Japanese
6ed292b7-07c4-4fc8-a119-f5153f077944,Professor woman good discussion head choose finally.,wilkerson.biz,Sales,2293,yes,no,mobile,Edge,2025-01-22T15:59:48,450,"23.0765575,118.918022",French
7cf8031c-40ad-4575-a078-5f599703859c,Own across lawyer live mother.,zavala.com,Marketing,5498,no,yes,mobile,Edge,2025-03-17T14:01:45,341,"77.634659,-138.389274",Spanish
8e17b17c-d53d-4923-83e7-4ab3e4af0124,Third since out happy keep certain.,smith-saunders.com,HR,6046,no,yes,mobile,Edge,2025-01-20T01:05:08,411,"87.809515,-140.493759",Chinese
d2b17b2f-56d4-4e70-a54b-26746b8eddc8,Former prove across live stage social.,jackson.biz,HR,6208,no,no,desktop,Firefox,2025-02-08T21:24:24,77,"4.2832785,168.806043",French
b52c494e-6af7-4311-8e67-b6675e9d83d3,Hour one game music tax before.,perry-clark.biz,Marketing,5797,yes,yes,mobile,Chrome,2025-02-01T00:35:28,265,"-45.9548385,76.031210",Spanish
a2d52f05-c407-4621-95e9-508965973547,A than garden official provide answer.,hickman.com,IT,9801,no,yes,mobile,Opera,2025-03-23T17:29:45,421,"-74.6997835,68.969413",Japanese
86a0fa96-37e2-4416-a878-162194c87efc,Provide development feeling thus.,levine.org,Finance,4694,yes,no,desktop,Opera,2025-01-04T08:59:27,315,"-54.5001785,71.971504",English
5e799c88-ece0-4ac4-a2bf-295569266cf1,Writer decide material campaign join toward quite.,davis.com,HR,984,no,yes,mobile,Firefox,2025-01-23T19:17:34,260,"-64.9023615,-4.439500",English
29c10e90-2c22-4527-9078-b357aec60557,However very police help clearly food technology.,hampton.com,Sales,7495,yes,yes,mobile,Opera,2025-01-10T18:15:33,75,"19.950573,154.246625",English
e32275b7-327c-421d-b493-4322a5e816e0,Detail civil business agree able course.,lucas.biz,Operations,4742,no,yes,mobile,Edge,2025-03-25T09:39:25,17,"-22.783051,145.122895",French
d80bcda1-6968-4797-a96f-a377fa08ed12,Skin general pretty goal space.,bishop-russo.net,IT,4255,yes,yes,desktop,Opera,2025-03-27T12:37:36,494,"-8.9637625,177.753509",English
f2bbeb7a-26cb-40b9-891c-be83c2978f77,Billion line grow level point use.,cain.info,Marketing,2395,yes,yes,desktop,Safari,2025-02-14T05:03:27,239,"-50.339734,-166.262341",English
f4745485-8216-4138-9f65-0f8bbf41e6f9,Player forward moment glass pay exactly painting.,velez-smith.com,IT,2041,no,no,desktop,Chrome,2025-01-27T20:51:33,278,"-27.8235665,-169.543682",Japanese
eed13511-604c-4aa8-be7a-646cafd41886,Inside event course impact final.,cannon.com,Finance,6651,no,yes,mobile,Safari,2025-02-11T01:02:24,176,"80.1393485,-75.441005",Chinese
7e29644a-7e31-4837-ac99-e6a04a05fbd7,Inside receive blue country.,mitchell.info,Sales,6697,yes,yes,mobile,Edge,2025-02-25T02:12:19,352,"0.9312265,23.170676",French
e12cb6a1-71a9-4680-8b0f-a5279cf44c39,Nice site experience language at.,ruiz.com,Finance,1612,no,no,desktop,Safari,2025-01-13T17:35:40,425,"-8.919861,95.580643",Chinese
8b1731e2-a699-4a29-b04a-ce4997c60871,How debate type full whatever culture again.,bullock-campbell.com,Marketing,6494,yes,no,mobile,Safari,2025-03-27T05:42:48,19,"-12.0464515,178.098707",Japanese
fde1676d-12d6-48ca-b9ac-991128822068,Low price little four enough matter themselves.,sutton-griffin.biz,Sales,913,no,no,mobile,Edge,2025-02-09T20:54:21,66,"-12.1515885,140.729003",English
451ac694-2efc-4e28-a189-bdb7fc24197d,Evening claim so strategy experience kind boy.,pearson-howell.com,IT,7891,yes,yes,desktop,Safari,2025-02-11T01:03:12,24,"-73.912638,-39.012513",Japanese
69ec2658-d1e3-47e9-8373-524708030a77,Foot author something.,wilson.net,Marketing,4916,yes,no,mobile,Edge,2025-03-01T02:39:13,360,"47.7795465,-103.762450",English
d2f1f94f-87ad-485e-b387-69c41d6cf44c,Race power camera anyone including effort.,walters.org,HR,7998,yes,yes,mobile,Edge,2025-01-18T12:26:48,534,"-41.547483,103.564552",English
d9cfae69-2e91-4938-804d-7aefccf05739,Eat ask hundred fine.,miles-evans.net,Operations,3776,yes,no,desktop,Opera,2025-02-01T23:49:42,421,"-69.2618695,-147.337845",French
b4be5a22-0467-464f-8fee-334d3575443f,Language ready body probably thank.,morris.info,Marketing,6944,yes,yes,mobile,Firefox,2025-02-05T10:47:27,401,"85.6703745,-138.654085",Japanese
c9fc426d-c8c3-44f5-a7a2-a44f215cb85b,Agency score design else.,king.info,Finance,2340,yes,no,desktop,Chrome,2025-04-01T20:47:41,573,"-75.950897,-173.508486",Chinese
ede7cb41-2975-49df-b11d-6c84847c7e00,Of let maybe sort experience various.,dominguez.com,HR,8732,yes,yes,desktop,Edge,2025-02-01T09:05:44,153,"-4.071240,-94.511853",French
537b3b8a-444f-4a23-adf1-dd210f90b564,All boy again.,espinoza.net,HR,3061,yes,no,mobile,Edge,2025-03-07T06:46:44,569,"76.692888,-108.343550",Spanish
6f95994d-fc2b-48f1-87d7-3fb04b58d5c9,Look collection blue new event many.,williams.com,Finance,1852,yes,no,desktop,Opera,2025-02-11T02:02:14,157,"-78.672103,109.714420",Chinese
a0c11d8e-7187-4dcf-bc8e-8c46b7f86b89,Rock several today mention.,greene.net,Operations,2041,yes,yes,mobile,Safari,2025-01-15T15:02:05,127,"-31.273218,148.639718",Japanese
7813e037-f394-43e6-97b1-7e47a9089950,Assume turn anyone heavy answer where.,mcintyre.com,HR,8775,no,no,mobile,Edge,2025-02-19T07:24:45,282,"11.753230,71.807771",German
debfbd45-feca-4977-a68d-2a87255bcfe6,Over case wall enter TV spring change remember.,anderson.com,IT,3327,yes,no,desktop,Edge,2025-02-05T09:25:41,425,"-1.0481715,-149.198850",English
84b91390-76e0-43b4-9c2a-7b78ef34f4f6,Mission can each require phone because.,moore-krause.info,Finance,9182,yes,no,mobile,Edge,2025-03-12T08:58:56,598,"23.2073415,14.040960",Japanese
5646a85c-1ee9-4699-a1af-efee846f86eb,Game rate close probably deep we skill.,wilson.org,Operations,9905,yes,yes,mobile,Firefox,2025-03-15T08:36:14,515,"34.607562,-119.081078",Chinese
05652fac-ee7b-43e5-b1f6-e8840d9df572,People college management organization around.,wheeler.net,IT,1695,yes,yes,desktop,Opera,2025-01-29T07:15:31,525,"54.115577,-107.775667",Chinese
0bfa898d-2f8b-49b0-8456-3e22dabc71b3,Day easy daughter tax feeling medical time.,jenkins-collins.biz,Operations,9719,yes,yes,mobile,Chrome,2025-01-09T05:11:53,108,"2.798843,23.869377",Chinese
30095cfc-3ae4-4da0-b6a1-f0590fe409e8,Support order debate easy wish pay.,green-morrison.biz,Operations,2787,no,no,desktop,Edge,2025-03-10T21:12:46,178,"48.839015,-108.911737",Spanish
8bce7ba8-8e33-4d0d-8f23-752f1c073cdb,Able probably child morning admit.,hill.com,HR,1873,no,yes,mobile,Opera,2025-01-08T05:33:58,318,"82.4359505,-37.969854",German
49cf8264-b971-4703-bbd1-25d311c9b779,Room two effect learn.,obrien-christensen.biz,Finance,8442,no,no,mobile,Edge,2025-01-06T20:19:34,129,"38.1720865,-37.831282",Spanish
c5cc5019-9388-4520-ba05-c02a52b284af,International shake last probably scene enjoy another huge.,dyer-strickland.com,Marketing,9875,no,yes,mobile,Safari,2025-02-20T06:57:18,480,"-21.5001715,-3.497713",Chinese
d30f5463-2b7d-4dc0-b45b-2018ea02d98f,Leave address fire soldier.,pugh.com,Operations,7226,no,no,mobile,Edge,2025-01-21T08:55:37,350,"73.691317,104.139223",Spanish
a9cdff0c-0728-4e98-9803-48a24b40314d,Approach sort course here foreign item detail.,perez.com,Marketing,6320,no,no,desktop,Chrome,2025-01-17T14:56:00,153,"-70.5246355,-173.411171",German
78d29732-d8ac-4a28-af32-76548c573223,Themselves admit PM finally.,mckee.com,Operations,4125,yes,no,mobile,Chrome,2025-01-25T20:21:03,460,"-52.3524475,-33.873887",Japanese
e24cb053-423d-4a7b-9aa3-f12dc1833f63,Young old once create goal.,thomas.com,Sales,1396,yes,yes,desktop,Opera,2025-01-24T05:40:08,40,"-89.387698,-166.277881",Japanese
ec9388a8-1ff6-4f75-98f4-6bacba9ab4b0,Perhaps blood get.,gill.net,Sales,6528,yes,yes,mobile,Safari,2025-02-19T17:24:29,503,"-26.6923835,173.695760",Spanish
473ac2d1-d4dc-40a3-a645-67edc8b43e2a,Want town brother physical whose task deal.,mccormick-rivera.info,IT,1204,yes,no,mobile,Opera,2025-02-15T17:09:14,132,"-29.148879,-153.804317",English
bdfc7e82-654f-4809-b90f-b2e7313d3cbd,Second century school build product lay from.,lin-johnson.org,Sales,5150,yes,no,desktop,Opera,2025-03-24T09:16:01,581,"14.936162,16.594099",French
3c3ada03-3871-4ce2-875e-4ef16b5c5a0d,Experience benefit occur.,anderson-lopez.com,Marketing,8228,no,no,mobile,Opera,2025-01-06T15:46:02,374,"59.513952,116.747251",Spanish
d56580f0-31dc-4c5e-aeae-425465abe5c5,Plant finish east professor her issue.,hays.com,Marketing,9899,yes,yes,desktop,Safari,2025-01-08T02:09:39,358,"-57.279344,108.222738",English
1c7ef147-ed5f-4f69-81a7-225bf3649067,East national plan machine.,marsh.info,IT,4924,yes,no,desktop,Opera,2025-03-15T20:02:16,568,"-18.729727,-45.663904",English
f6a7f236-5cb1-4f61-b0c2-53de7b42c422,Peace Mrs relate character few step customer.,scott.biz,Finance,9907,yes,no,desktop,Opera,2025-03-11T17:55:30,104,"88.314955,-110.611462",Japanese
39735b34-1ad0-4b81-9922-5d944a11e4f8,Our something only our consider so debate.,graham-jenkins.biz,Operations,4588,yes,no,desktop,Safari,2025-01-19T15:12:22,37,"-77.019662,-161.013190",English
09cb4f8e-75ac-48f7-81d5-ca2dbda31e8d,Or may sense young past hospital need.,garza-cannon.biz,HR,3066,no,yes,mobile,Edge,2025-01-30T14:40:38,529,"-56.6790645,159.296920",French
99392825-e43a-4fba-8e17-1afc971c3eb0,Line former weight choose able man.,manning.net,Operations,7234,no,yes,mobile,Edge,2025-03-11T04:52:45,262,"66.435339,-19.736323",Japanese
57e49607-fe9c-4180-b8d6-a91286974678,Improve several green good.,long-nelson.com,Marketing,2428,yes,no,mobile,Firefox,2025-04-03T16:10:43,504,"-79.226434,-53.198904",English
fb478e3c-7645-448e-963e-d320a0cffb96,Care outside wrong much none bill project.,pennington.com,Finance,4104,yes,yes,desktop,Edge,2025-04-01T23:13:30,600,"-24.2859975,-13.719058",Spanish
a7dec35c-f717-4eb4-9165-f805f4cbe303,We wear want.,thompson.net,Finance,8567,yes,yes,desktop,Edge,2025-04-01T19:05:49,177,"48.861792,102.187785",Chinese
d36db24a-406b-4e70-b916-e910f4fe9fdb,Scientist which agreement star admit story major third.,green.com,Finance,3617,no,no,desktop,Firefox,2025-01-14T06:48:43,230,"-82.477234,-68.653970",Japanese
58da97d3-a953-40a7-9d5e-b61871827242,Hold thank billion city shoulder worry.,henderson-rodriguez.com,Marketing,6473,yes,yes,desktop,Opera,2025-03-01T01:35:33,195,"79.2471145,77.057370",French
23586d97-2910-4b04-846d-74e78b8a67d8,Soon kitchen writer continue.,berry.com,Sales,4129,yes,yes,desktop,Safari,2025-03-01T06:00:38,478,"-66.4418925,116.967285",Japanese
37ac66fe-294d-43a7-a92a-509ab825431f,Wife standard when clearly such.,perry.org,Marketing,8597,yes,no,mobile,Safari,2025-03-03T17:13:04,487,"-73.7133295,156.428420",French
2e321133-a787-49d6-807a-5835c4458575,Former skill consumer owner fight.,campbell.info,Operations,6844,no,yes,mobile,Edge,2025-02-12T09:32:01,64,"66.474845,68.881827",Spanish
b0df3af8-f65c-429c-b2a5-14e009198f96,Manager until writer address indeed reason people week.,nolan-miller.com,IT,9744,yes,yes,desktop,Firefox,2025-03-25T16:25:18,287,"76.973998,172.474998",Spanish
5a269bcd-c24b-4451-b7e8-817657d5f854,Change land walk will claim cost trip indeed.,curry-anderson.info,Marketing,7314,no,no,desktop,Chrome,2025-02-10T06:13:16,325,"45.809377,121.743042",Chinese
6fd69388-dcd5-453f-8964-4b48ec33a59e,Mind from without push.,may.net,HR,4942,no,no,mobile,Chrome,2025-03-28T22:11:02,534,"77.916012,45.544645",Chinese
dc5fca7c-b86a-41f9-96dd-454db18e25c7,Role tend huge indeed yes front.,martinez.biz,Finance,6939,yes,no,mobile,Safari,2025-03-30T19:30:29,364,"-35.8890635,-88.915982",Japanese
de844f90-837f-40d6-9551-4846cb99030c,Anyone computer necessary under.,silva.com,Finance,1985,no,no,desktop,Edge,2025-01-29T09:07:37,138,"51.4053805,-32.291646",French
3a2a82cd-4679-49e4-8d98-6e1eaa5dedeb,Too one although event project.,woods-williams.com,HR,8099,no,no,desktop,Opera,2025-03-06T22:09:48,413,"-85.841203,28.457093",English
db0a2319-a860-4bb1-b5ed-f8aecbcfae10,Ten former remain full model condition.,gardner-butler.com,HR,9812,no,no,mobile,Edge,2025-01-01T03:15:47,510,"45.313392,55.488911",Chinese
48f78155-f8e3-4c9a-84e2-2db82228f5b4,Often can part candidate listen already.,aguilar.com,Operations,4300,yes,yes,desktop,Opera,2025-03-01T05:22:55,398,"-38.763586,80.241572",German
e9c11c67-56bf-47dc-8af9-b7dde2ac0b9d,Possible particular deal go.,french-torres.info,Operations,9109,yes,no,desktop,Chrome,2025-02-10T05:02:43,532,"-19.7340975,148.282427",Spanish
f0d76958-fc27-49d3-abce-640122b06609,Inside might quality arm surface though year.,foster.biz,Operations,1592,yes,no,mobile,Firefox,2025-03-17T16:01:36,134,"-54.4929885,-94.179088",Japanese
12ed0c52-df88-4702-97cd-73d5b50d295a,Customer almost pressure debate third.,thompson-mason.org,Sales,5259,no,yes,desktop,Opera,2025-01-17T22:38:04,389,"31.839710,-32.249994",Chinese
feda8585-e73e-482d-ab53-e4cbb4b79f8e,Enough pay protect security live against writer.,walker-lynch.org,HR,5872,no,no,mobile,Edge,2025-03-24T22:39:18,166,"-21.9333505,38.918554",Spanish
7966c964-90a7-4d50-bc1b-e23c85e7f99c,Help pass deep bank ok.,graves-hudson.com,IT,8220,yes,yes,desktop,Safari,2025-03-18T18:08:41,312,"-32.4851465,-4.214392",Chinese
e3183011-3603-4a90-b2d4-59f1e806e084,Key serious current many you.,adams-tapia.com,Sales,7346,no,yes,mobile,Opera,2025-03-23T14:30:59,235,"80.467744,-141.324905",Chinese
404dd17d-a381-4671-be7a-1be5c1f59450,Baby yard opportunity will.,wilson-hawkins.com,HR,3523,yes,no,desktop,Edge,2025-03-08T11:34:42,510,"-65.427947,-179.246273",Spanish
3813feb3-40b7-455a-b4d4-b7d8003b1182,Stock stuff gun point financial such modern.,wilkerson-rosario.net,IT,8796,yes,yes,mobile,Safari,2025-02-11T04:59:00,574,"-16.2531885,-52.415153",French
b0949b95-b244-4735-966d-e5452b29ab86,Evening Republican meeting decade including floor reduce.,morgan.net,Marketing,7529,no,no,desktop,Edge,2025-03-01T23:29:01,444,"26.625149,-8.126576",English
e8bd3136-cda3-47d2-ba65-7a47ecfea545,Edge effect bar theory simply medical.,sullivan-hall.org,Sales,3438,no,yes,mobile,Safari,2025-02-10T14:25:35,572,"19.5233715,-26.951236",Chinese
a9d8fe75-c21f-4684-8f93-b348b98e0eb7,What fish produce hand kind news.,white.com,HR,8507,no,no,mobile,Firefox,2025-03-12T01:32:32,556,"-65.7316405,-18.894151",Japanese
3deb23b9-e14b-4726-ac2e-b4c15ca078a2,Base large truth near environment.,perry.com,Marketing,6798,yes,yes,mobile,Chrome,2025-01-13T02:49:03,21,"23.7968775,-87.484415",English
0d9aa534-308b-4da6-91a5-156dfbe4753e,All today eight third once economy she.,mays.com,Finance,8348,no,yes,mobile,Firefox,2025-02-11T01:58:07,598,"82.7053225,-61.625188",Japanese
69a9d20e-765f-4c4c-a3b4-ec748e0e919e,Position season Mr appear fish.,smith-erickson.com,Sales,4201,no,no,desktop,Chrome,2025-03-10T13:49:39,16,"-53.0794395,-175.000661",English
dc329807-c7d7-4ed6-b2d7-623a1a328e0a,Send newspaper occur culture.,garcia.com,Operations,8041,no,yes,desktop,Opera,2025-01-14T22:14:24,84,"-31.0946815,138.281994",Japanese
82941424-cfca-4e42-9d5c-fa152a25b27c,Blood sense star total cold wind.,curry.com,Finance,6038,no,yes,desktop,Safari,2025-03-16T06:14:17,443,"-46.899342,-93.915521",English
fea68d88-8200-4d93-8f86-0ef5cd03fd10,Compare figure street certain also.,williams-mcdonald.com,Operations,2179,no,yes,mobile,Chrome,2025-03-09T19:25:55,233,"73.9967395,156.038807",German
1d6a9fca-f6ca-421f-ab12-6195b5d24709,Difficult mean become news until itself.,parker.com,Finance,6058,no,yes,desktop,Chrome,2025-01-27T04:37:11,441,"-81.475713,107.889530",Japanese
57b2b48a-3721-4afb-aead-744345f5ea5e,Teacher set article contain the industry.,hunt-hopkins.com,Sales,8363,no,no,desktop,Edge,2025-01-17T21:20:22,323,"-35.897182,-74.408614",Japanese
cf5c4e8b-df9f-403b-9646-2d7d6a8a7452,Leave nothing TV within.,jarvis.biz,IT,7155,no,no,desktop,Safari,2025-03-29T03:41:37,447,"-41.375013,-17.831832",German
4fe514fb-a1f5-4ea3-a664-da48b01b07c4,Pull again vote practice method own common thing.,jackson.com,Sales,6055,yes,yes,mobile,Chrome,2025-03-04T13:23:31,394,"-44.6188435,2.750796",Chinese
2133e0fc-1d6a-47c7-988d-020ce97a3c19,Out author improve many nor candidate dinner investment.,jackson.info,Sales,7776,no,no,desktop,Chrome,2025-01-10T03:41:59,364,"39.8828965,159.920877",English
43cdff5d-0f05-413c-8f04-1242eefb8d0a,Pretty former policy middle reach.,reynolds-brown.com,Finance,2075,no,yes,mobile,Firefox,2025-02-28T22:30:10,461,"79.287294,46.475221",Spanish
d3474652-4f86-4cf8-be1c-308cb53c39e9,Risk Congress evidence work into.,wright.com,Sales,7541,yes,no,desktop,Firefox,2025-01-06T12:49:39,245,"57.948429,131.393794",English
76dfeffc-987e-49fa-b8e9-6eb60feda6e4,White describe writer minute find person everything.,rodriguez.org,IT,5882,no,no,mobile,Safari,2025-01-24T22:14:01,456,"-4.8402835,81.293910",German
1784623e-ccec-4185-9657-4ed556b31b0f,Court begin hope mission she vote rule.,walker-gordon.org,IT,4564,no,yes,desktop,Safari,2025-02-03T08:44:25,429,"-66.438529,-155.154716",Chinese
8e3308cf-1ea8-45a4-9dea-4a323fa26b5f,Rise explain commercial individual wall avoid.,valdez.com,Operations,3551,yes,no,mobile,Chrome,2025-01-24T10:30:28,459,"-30.124742,6.984196",German
b3c11c03-b440-42f4-83b7-48b1c4c85527,Ten outside apply role no.,caldwell-mclaughlin.com,Marketing,2646,yes,yes,mobile,Edge,2025-03-22T17:23:21,305,"-60.4977135,111.448321",French
7631703c-4187-4674-a5f0-2a92c8cfdd8c,Out upon mention pass.,cabrera.com,Finance,8383,yes,yes,desktop,Chrome,2025-02-09T07:33:59,587,"-34.950329,116.932073",Japanese
156eff9b-d0d1-440d-b79c-9c278ff86e70,Military the traditional truth around.,brown-fischer.org,Operations,1429,yes,yes,mobile,Edge,2025-03-18T21:21:37,211,"72.3294085,117.143121",Spanish
ad115e50-9944-4225-b239-efcfe1572d3a,Important center figure seek any herself PM.,hughes.net,IT,4458,no,yes,mobile,Safari,2025-02-16T23:46:33,279,"-43.8875095,-49.382487",German
ba6d04a8-0dc8-45f8-8165-80c9d0132b89,Full total dog computer five.,horton-spencer.com,IT,3087,yes,yes,desktop,Opera,2025-01-28T15:27:09,547,"-36.070631,108.062884",German
2d25eadb-1a41-4018-9651-0e4c63359451,Capital child piece nation key somebody feeling.,holmes.com,Marketing,6588,yes,no,mobile,Firefox,2025-02-24T07:32:18,184,"35.2008815,48.605500",Japanese
3f9d502f-8ef6-4b23-aa0d-90655eb52e35,Test reality there reach memory above.,bradley.com,IT,3030,no,yes,desktop,Edge,2025-03-21T17:49:48,38,"34.0454355,-96.632856",Chinese
9a78383f-4cc3-4f5a-8103-281556d760af,However card newspaper watch measure.,howell-jenkins.com,Operations,2171,no,yes,desktop,Firefox,2025-01-18T08:27:58,52,"42.869322,-99.343179",Japanese
c415dee6-c42b-4f09-976a-5cb9b880e13b,Anything admit get trade.,lin-davis.net,HR,2481,no,no,desktop,Safari,2025-02-16T22:42:56,51,"-12.5668925,-25.573708",French
73276de9-fd2a-45e2-baf6-315048ffb4e7,Wide effect seem field apply.,hess-hoffman.info,Finance,1296,no,no,mobile,Opera,2025-01-11T16:48:52,532,"-17.1745565,54.586094",Chinese
a8e6a6c4-7d78-4c15-9a83-800a423356db,Consumer evidence themselves wife.,yoder.com,Finance,9542,yes,no,mobile,Firefox,2025-02-05T04:26:18,549,"48.4189305,-128.353837",English
76e473c7-65aa-4d1d-a0b1-e57a030a4ece,Agree each those new someone only start.,jones.info,HR,1767,no,yes,desktop,Edge,2025-02-06T21:27:43,51,"34.0954415,39.768702",Chinese
ba1944bd-663c-4816-ad29-4776c4a68fb9,Tough physical real war foot.,jones.biz,IT,4034,yes,no,mobile,Opera,2025-01-30T16:53:51,354,"-68.3431455,-94.721866",Spanish
e5dfdb8b-eb63-4bdb-aaa6-a46863edfdc0,Mrs market control choose collection describe.,alexander.org,Marketing,2611,no,yes,mobile,Opera,2025-02-28T23:48:33,351,"1.1526675,126.100637",German
dd66684a-0000-4921-8a6a-f519d80f6628,May hear as theory.,alvarez.com,Marketing,5340,no,yes,desktop,Edge,2025-01-01T01:28:40,409,"69.127890,41.877447",Japanese
bd6f5426-275e-428d-8d71-7761b105f316,Thing money nice around certainly.,phillips.com,Operations,9612,no,yes,desktop,Firefox,2025-03-04T11:47:47,570,"-32.506600,103.612113",Chinese
7bb3e65e-0011-42ed-876f-0d39681cbfcf,Measure other change too operation expect mother decide.,ballard.com,Finance,4852,yes,yes,desktop,Firefox,2025-01-14T00:46:26,219,"-51.9616545,-155.946386",Chinese
b11c707c-bd89-4711-b7a9-d8024dc66bcc,Rather result firm Mr participant.,copeland-williams.com,Marketing,5685,yes,no,mobile,Edge,2025-03-12T20:13:38,535,"-23.7503485,66.819566",German
5c2c15fc-e957-43dd-a27b-dec7b9ed5271,Outside kid final wall four.,haney.info,Sales,1779,no,no,mobile,Safari,2025-02-09T00:40:58,337,"66.7953805,-162.788087",Spanish
125fce45-a7bb-4efb-8130-54c709245f0c,Rest air lawyer.,robinson.org,Sales,9498,no,yes,mobile,Opera,2025-02-07T21:58:17,20,"38.131213,77.255006",Spanish
a96ab5e8-2068-4853-8459-ef2a9d5a161f,Nice bad fast movement just.,potter.com,Operations,7139,no,no,desktop,Chrome,2025-01-08T17:23:32,60,"-62.281414,114.119780",Chinese
bfb2e87d-9f52-4f2b-8dfb-2c76018aa516,Grow traditional hold lay head training down.,cooley-lee.net,Finance,4896,no,yes,desktop,Chrome,2025-03-03T02:27:14,40,"82.6717255,37.406377",French
9634b317-af26-4192-a45c-303796e082e0,Organization medical concern.,ortiz.biz,Sales,1937,yes,no,mobile,Firefox,2025-02-01T19:59:18,477,"-88.582629,92.755624",Spanish
bd78c2fd-e34f-4540-a848-71aef414f0b9,Field morning out page.,taylor-jones.com,IT,7322,no,no,desktop,Safari,2025-01-02T21:56:22,278,"23.0268055,112.698114",Spanish
f793c6bc-55fe-450f-a7fa-1691d67c13ce,Then believe rich himself.,bryant.com,Finance,2385,yes,yes,mobile,Chrome,2025-01-01T21:21:02,23,"74.589587,22.149855",Japanese
b0bb1f88-e99f-47bb-8b6d-fe7672acb5b7,Such able share son.,hunter-johnson.org,Operations,5764,yes,yes,desktop,Edge,2025-02-12T00:55:48,547,"-9.3836995,140.223663",Spanish
0cc7bfcb-8d3d-4784-9a52-15f95cdc6971,Nature strong piece especially stage.,weeks-hines.com,Sales,7724,yes,yes,mobile,Firefox,2025-03-27T17:02:34,146,"-74.546022,-0.899847",Japanese
bee2d245-537a-4948-a2f2-0750c3d4a775,Stage relate general begin enter.,taylor-phillips.com,HR,4252,yes,yes,mobile,Opera,2025-03-01T15:05:38,417,"60.3377305,31.341665",French
e5de1571-c88d-4043-a3c9-1e8da29f8fa2,Radio anyone ground new.,sims-scott.net,HR,7263,no,no,mobile,Safari,2025-01-04T21:50:31,99,"12.6762115,139.310473",English
7f967ca1-f1fe-4b24-9c63-4e68321d7840,Open allow member thought skin sometimes.,leblanc.info,Marketing,8476,no,yes,desktop,Chrome,2025-03-26T03:51:04,277,"75.6048215,130.974211",Spanish
91ffd276-cf8e-4f9f-8e57-f7ac32de6217,Enjoy under however able everybody save green.,herring.com,Sales,2910,no,yes,mobile,Firefox,2025-02-16T00:28:01,313,"83.3225885,177.311393",Chinese
b2b3c5fa-6cca-4767-8e9d-6525b1f51dbd,They even safe.,hayes-lowery.com,Finance,2539,yes,yes,mobile,Firefox,2025-02-06T14:46:34,442,"-23.955121,-65.109544",German
0f64c9c0-a7ce-48b8-87f0-7da41c985429,Nature hot notice necessary huge raise.,lloyd.com,Sales,9896,yes,no,mobile,Firefox,2025-03-15T10:15:58,554,"-10.210011,-120.911570",Spanish
dee61fc7-3f07-4bed-b984-76f0ef8c17d9,Themselves catch ok.,dalton-martinez.net,HR,8310,yes,yes,mobile,Firefox,2025-03-27T08:40:26,408,"-76.1993765,58.430328",Chinese
7fb647bd-1cd4-4207-a4c0-3aaf969c52ba,Congress seven show stock eat someone popular.,cole.com,Finance,974,no,yes,mobile,Edge,2025-02-06T08:32:31,486,"11.7974595,43.740940",German
1dc24562-4c98-44e9-99f6-2f69362a43fc,Whatever enter though hotel person.,travis-bell.com,HR,6850,yes,yes,mobile,Chrome,2025-01-06T05:39:35,173,"-47.8731425,-97.607042",English
fafc9ae7-3a73-4b7a-b41b-15fcc1ee7948,Development especially thousand production increase travel table left.,warren.info,HR,9611,yes,yes,mobile,Firefox,2025-03-09T07:37:52,555,"59.606023,49.813424",Spanish
3953f1b0-742e-43cb-bf64-358808b40406,Maybe hundred still everybody treat.,smith-hawkins.com,IT,8960,no,no,desktop,Safari,2025-02-07T14:39:20,283,"-18.0309465,-132.343216",French
aa65cfd8-9813-4070-a59d-428337fe5442,Learn fear sell boy view break.,acosta.com,Marketing,9543,no,no,mobile,Firefox,2025-03-04T04:12:20,329,"-46.2657215,153.990422",Japanese
f3bd5686-ff58-4f1a-ab62-ad1b7e98b09e,From ground fact meet.,wells-gould.com,Sales,8929,yes,yes,mobile,Opera,2025-02-10T08:25:22,288,"69.084089,-177.484437",German
61d209cd-ce7b-49d1-a085-9bf5fa021b70,Money face certainly their manage.,dyer.com,Finance,7066,no,yes,mobile,Firefox,2025-03-20T15:39:03,538,"38.2212495,25.454254",Chinese
9c8c10ae-7759-4ed9-bd17-d003898f1abf,Laugh benefit growth herself.,strong.biz,Marketing,5175,yes,no,desktop,Firefox,2025-03-13T15:46:01,50,"30.168770,-45.765425",Japanese
bb4c9c5d-7612-4f79-b435-3a477f91cf71,Else wind total of.,berg.org,Marketing,1515,no,no,mobile,Chrome,2025-03-23T01:42:48,21,"-27.3219005,91.306835",Chinese
9c4c10e0-4b06-4ab1-8d16-4924510508a3,Control thus manage become book film.,williams.info,Sales,8231,yes,yes,desktop,Opera,2025-03-16T12:19:33,48,"1.238318,-22.118204",French
36429b1b-7fb2-4091-bc95-edde837ba59f,Shake my executive Republican technology common red.,cooke.com,Operations,7051,yes,no,desktop,Safari,2025-02-21T13:30:45,138,"-24.5108435,43.392949",Chinese
9cdfc623-d19a-4893-b20b-5f93c3456d0d,Difference boy beautiful let.,williams.com,Marketing,7853,no,no,desktop,Firefox,2025-01-12T06:03:10,358,"-46.2437005,-42.985435",German
411fc93a-e612-411c-a08b-b5d9ec871e0e,Care help movie also budget eat point.,arroyo.com,Sales,4064,no,yes,desktop,Firefox,2025-01-14T06:15:33,594,"-72.061948,18.981198",French
ab2622c0-597d-4851-8d67-96f55766dbfa,Large serve action accept.,thomas-barrett.com,Operations,5893,no,no,desktop,Safari,2025-04-01T21:04:05,451,"13.062346,3.793724",Chinese
eb424b10-361d-4e13-9865-c7d59223374f,Political environment organization past unit population sister.,johnson.com,IT,9127,no,yes,mobile,Chrome,2025-01-21T02:26:19,372,"71.743897,115.571948",Chinese
aa0df0f6-7f3a-4c9f-bfa9-4db334b1b628,Training really treatment address industry suddenly.,cooke-taylor.com,HR,5814,yes,yes,desktop,Opera,2025-02-11T16:08:38,533,"-74.3350835,-145.208961",English
830362ef-956e-4042-80e4-1e9267133225,Tonight market responsibility will bit direction development.,small-wall.com,IT,6907,yes,yes,mobile,Opera,2025-01-13T05:35:45,335,"-86.977841,-62.054621",Spanish
4e9d41f8-be1a-4a20-bd3c-db435587125f,Computer whatever style religious continue those loss.,brown.info,Marketing,5636,yes,no,desktop,Chrome,2025-02-15T01:18:14,231,"40.302769,133.705311",French
702fe2ac-c1de-4460-a3e3-26b9a7ea9849,Pick production part effort color.,norris.com,IT,3279,yes,no,mobile,Edge,2025-01-30T14:59:24,486,"-37.589752,146.171658",Chinese
c061c80c-92cf-4642-b90b-19eea2429335,Owner audience along phone impact.,bailey-barron.biz,Finance,1477,yes,no,desktop,Firefox,2025-02-03T04:06:32,548,"-45.612699,2.539409",English
1e4b2633-1367-4a54-8b03-395a01753708,Fast early learn mouth trip.,henderson.com,Marketing,1077,yes,yes,desktop,Edge,2025-01-24T13:23:16,410,"-27.476433,-44.517971",Japanese
2976bf13-223b-43a3-9632-02bc460f3484,Think between director group season outside record politics.,mcdonald.com,Marketing,8369,yes,no,desktop,Chrome,2025-01-23T12:34:59,134,"30.8005785,99.600628",German
3d991a10-0ce4-403c-bae9-d58597407889,Through task never career behavior find.,kelly.com,Operations,5685,no,yes,mobile,Opera,2025-03-30T00:21:16,94,"49.9474335,-77.683709",English
b0fdfb5b-c632-4c54-b924-f143fee36c30,Method stand eye take begin certain remember.,ward-stewart.com,Sales,2665,yes,yes,mobile,Safari,2025-01-02T20:41:49,539,"-59.153288,-73.377083",Chinese
4b81f0ee-0a28-4eb4-8413-c9735dc1752e,Against three want play attack dinner.,brown.com,IT,5128,yes,yes,desktop,Opera,2025-02-19T00:43:16,261,"34.1575535,-32.953968",Spanish
66e89c27-4658-420e-b20c-c36ddc6894e9,Magazine control inside radio interesting memory over.,brewer.com,Sales,6718,no,yes,desktop,Chrome,2025-03-29T02:29:33,235,"41.317651,15.048549",Chinese
b4c77336-77d9-4078-83a3-b90ebd23eceb,Require significant talk pressure.,rice.net,HR,7931,no,yes,mobile,Safari,2025-01-19T14:58:00,365,"70.9267685,-122.434492",Chinese
39938635-9bc3-45b2-bbcb-8fa22500b516,Particularly important war week truth book.,boyd-miller.com,Finance,6280,no,no,mobile,Chrome,2025-03-13T02:52:51,236,"81.2065595,46.682492",Japanese
6401da07-772e-4500-a6bf-7ddec096827e,Dark involve company method especially away.,johnson.net,Operations,6928,no,yes,desktop,Chrome,2025-01-02T20:37:14,549,"36.967035,152.450851",German
53e00cc0-b6d7-4fa8-a60c-a4fd8ee52e1b,Something box toward staff measure floor assume.,peterson.com,Operations,7281,yes,yes,desktop,Firefox,2025-02-05T22:22:25,588,"75.548328,-165.558152",French
0af446a8-09fd-4612-aad5-6fb58f127fab,Piece community receive suffer hear for fact.,maldonado.com,Operations,9443,yes,no,desktop,Opera,2025-03-16T05:03:05,192,"-39.0517615,8.360417",French
3a918043-d986-46b8-890b-58c9abbea282,Race style action administration list growth sure.,mcneil.com,IT,8467,yes,no,desktop,Edge,2025-03-22T07:46:31,53,"-85.227834,-127.297245",French
ecb1aecc-d6c4-4951-b439-19c9af2d8a65,Room bag report bank time together most.,ritter.info,HR,6376,yes,no,desktop,Safari,2025-03-08T01:20:59,315,"-18.6089775,130.042344",German
ab20bbb1-0f42-4e22-982c-015d820880d8,Industry I best agency.,hooper.com,Marketing,8985,yes,no,mobile,Chrome,2025-03-03T07:43:36,283,"-88.8743285,112.412650",Chinese
d1f3ed12-74ed-4439-9d9f-c140aff8c910,Character movie between hear if he bill.,wood-smith.com,Marketing,3246,yes,no,desktop,Chrome,2025-02-11T04:04:48,127,"30.6027825,11.297527",English
2f992778-4ab4-40f2-bf5d-bfc3e6afec70,I real who movie now nice bit drive.,mills.org,IT,8622,yes,no,desktop,Firefox,2025-02-17T16:38:00,337,"0.767332,-110.448799",Spanish
e49b60fe-b22a-49dc-9f48-c930358b0df5,Soldier amount job.,lee.com,Operations,4637,yes,no,mobile,Chrome,2025-01-24T00:06:04,87,"78.9022365,62.188648",French
3cf6c15b-4ece-4893-ac8c-9a60324b9d64,Resource live door public industry strong.,thompson.com,Sales,9723,no,no,mobile,Firefox,2025-03-19T09:19:27,457,"-6.5863115,157.692435",Chinese
ccd3c00b-e30a-4ee0-8d1e-384f8899da24,One although billion cup girl agreement.,dennis.org,Marketing,3991,yes,yes,desktop,Safari,2025-01-09T01:18:51,586,"-64.851444,-93.667054",Japanese
86db3400-4af1-479c-a7ab-22af5027e8f8,Would hour air life visit or.,hernandez.com,Operations,2324,no,no,mobile,Opera,2025-01-14T21:49:06,54,"15.277123,1.592735",Chinese
cbc374f1-8dc9-459c-bca6-395761d2ba29,Bag other pass star serious discuss there.,dorsey-rice.com,Marketing,6698,yes,yes,mobile,Edge,2025-03-05T16:16:58,179,"65.534023,82.294045",Spanish
bececc64-5fde-4159-832f-e48dafff07db,Shoulder ok strong general expect indicate source.,scott.info,Marketing,5335,yes,yes,desktop,Opera,2025-02-08T06:52:37,577,"34.222050,62.610250",English
d7453c47-54cb-411d-88dc-db1aa0c307e7,Glass open speak mention never.,zamora.com,Sales,3574,no,yes,desktop,Safari,2025-02-27T04:36:35,286,"35.999006,94.955679",Spanish
4970ad2f-a5e3-4e17-8414-66243dda5993,Center exist against growth institution.,gonzales-turner.net,Finance,2493,yes,yes,desktop,Safari,2025-01-06T20:14:09,591,"-27.4060315,-173.816189",English
00bb63a3-7c2e-4cf4-bfa3-cb4af836a917,Difference food face maybe key act add.,sullivan-beck.com,Sales,6432,yes,no,mobile,Chrome,2025-03-09T19:41:19,333,"88.0269625,143.806317",Spanish
c91a65d0-6ba0-4b87-821b-4f0ee2bd42a8,Moment watch nor walk appear phone remember.,miller-wood.com,Marketing,1482,yes,yes,mobile,Firefox,2025-03-06T02:10:27,152,"46.721404,51.593556",French
fe2c862c-b292-44a5-8638-5f85360c9b87,Product available white song protect decide your production.,allen.biz,Finance,6306,no,yes,desktop,Opera,2025-02-15T16:42:37,490,"11.056122,-134.789356",Chinese
6027a26c-850d-47d5-a715-9d1d18e8c652,Author newspaper best your ago.,blankenship-underwood.com,Operations,6388,no,no,desktop,Safari,2025-02-19T23:07:39,149,"-84.1097575,-64.981398",English
958cea1e-9cfb-4c25-9617-2d38ff07f877,Less gun common way rock wish response.,james.com,Operations,7897,no,no,desktop,Edge,2025-02-10T09:37:52,387,"-88.208987,172.420412",Japanese
6929aede-22e5-4cd7-a02b-64d2f13e22a2,Exist property bill realize body own push avoid.,holt-hernandez.info,Marketing,9693,yes,no,desktop,Chrome,2025-02-01T01:29:13,423,"9.037776,29.025610",French
29802b91-385c-437f-aed5-c23e345d4fce,Kind best just agreement hospital blood green.,williams.com,Operations,1115,no,yes,desktop,Safari,2025-01-29T17:02:56,41,"-17.0134205,149.095461",German
c836ac40-7767-4f0d-9049-07ce2c9e3433,Remember free each billion recent unit physical.,baker.com,Marketing,6218,yes,no,desktop,Edge,2025-01-30T18:08:48,485,"44.051346,-149.625638",French
b6b86ee9-0791-45f8-b066-0a8c54cab49a,Bad think room commercial employee.,watts-smith.com,IT,4448,no,no,mobile,Safari,2025-03-09T22:21:34,589,"-30.553919,83.784825",French
ef1dc9a9-e0f0-4661-8bb7-479895dbab54,Organization them generation song idea source.,wright.com,Sales,1413,no,no,mobile,Firefox,2025-03-30T07:37:00,403,"-27.146954,-118.461447",German
cb044e1c-0dc6-4d89-8597-55116e9af986,Would different couple white time support.,mccarthy-ewing.net,HR,7805,no,no,desktop,Safari,2025-01-25T21:02:47,261,"26.1084845,-35.910088",Spanish
9f7e4daa-8bb1-4999-b6cf-5cf47290168b,Sometimes provide pattern.,fowler.com,Operations,8859,no,no,mobile,Chrome,2025-02-11T07:15:18,148,"-50.269322,23.683518",Japanese
4f7947a4-44f8-4582-8018-910bd3763d8a,Pull wrong my deal.,munoz-riley.com,IT,1847,yes,yes,mobile,Chrome,2025-01-23T21:23:57,439,"87.075275,-73.069649",Spanish
83b4b01e-2e51-490c-8a61-84d548af9c95,Face series her player.,reed.info,IT,9367,no,no,desktop,Firefox,2025-03-31T23:53:05,441,"44.0351175,-13.476168",Spanish
d0f507f1-23d0-4e1f-80ce-b8200ce0d1f2,Value reflect appear treatment between author defense.,adams.info,Finance,773,yes,no,mobile,Edge,2025-02-18T09:32:18,536,"51.019529,122.287628",German
dfd441cf-6e85-46fe-bd76-d5abde4991d5,Now produce look cover employee whom I.,moreno-ruiz.org,IT,3622,yes,yes,desktop,Edge,2025-02-05T19:34:09,28,"-43.5036975,161.626634",German
1b86aabc-fbd0-4565-bdb5-a72e8cabdf8e,Wish value speech media seek movie.,harris.com,Operations,9267,yes,no,desktop,Firefox,2025-02-20T07:53:13,42,"80.726784,-17.501904",English
3b1cf6e4-4ed3-4520-ad92-92616e4804c4,Say third they make blood.,thomas.com,IT,7744,no,yes,mobile,Firefox,2025-02-25T00:59:41,161,"-51.2272685,-31.164737",Japanese
7fcbb39d-0999-4603-96fa-69549070a649,According significant guy detail bit we board tax.,gray-guerrero.com,Sales,3841,no,yes,mobile,Chrome,2025-03-18T08:12:44,30,"-89.878580,67.422851",French
a5291ec6-9dd3-4960-8ef0-a16e4cc7bceb,College there whose arrive exist drug movement.,reed-cox.net,Marketing,8668,yes,no,desktop,Edge,2025-03-10T03:36:21,140,"65.060721,-66.501545",Spanish
af7a6537-498d-42df-8c6b-bee079ebcda6,Less late property language speech cover.,stuart.com,IT,4071,no,no,mobile,Edge,2025-02-20T05:10:23,406,"39.681374,132.633502",French
1325bf5e-a2af-480a-91ef-061324082d0b,Cold these break feel his decision guy suddenly.,barr.com,Operations,5307,yes,no,mobile,Edge,2025-01-14T21:56:09,331,"63.969161,-168.623210",Chinese
857cb257-d745-450c-a202-1f8c74be4486,Sound way hot difficult look.,roy.com,Sales,4844,no,yes,desktop,Chrome,2025-02-13T22:01:20,404,"48.401046,-53.309996",Spanish
643b452b-3409-425b-92a8-203762477f56,Truth live leave popular born speak better store.,anderson-mccall.com,Marketing,2541,yes,yes,mobile,Opera,2025-02-25T08:50:48,185,"16.7580345,150.989841",Chinese
2eaa47d2-cb3d-474a-a8cf-a1ff40ca9d9f,Try follow budget herself plan word improve data.,adams-conrad.com,Marketing,8459,yes,no,mobile,Opera,2025-03-31T10:28:06,307,"-75.4247005,118.654540",English
71ff64ea-6e2f-4f9d-a1e5-af9abf7c0786,Color worker visit on nothing.,andrews-fitzgerald.com,Finance,8788,no,no,mobile,Chrome,2025-01-18T07:48:43,309,"31.1388695,-101.492115",German
fddc69a7-a962-4ce7-b298-8705e4bf0164,Truth eat high down interest relate strong stage.,hickman.com,Operations,9230,yes,yes,desktop,Opera,2025-02-20T01:50:07,256,"-31.121887,-127.947127",English
d7280325-8be1-42cb-956b-d8669a5ad067,Let Republican success someone point record art.,bean.com,HR,3570,yes,no,desktop,Opera,2025-01-12T05:46:22,145,"49.1713505,-99.273970",French
c796d763-c378-4566-ae06-97a59b60676a,Bar anything too participant upon.,taylor.com,Finance,8636,yes,no,desktop,Opera,2025-02-28T15:31:43,538,"-43.9665715,-72.754183",Japanese
79e04ddb-0a01-4b13-9187-bed14744ab4b,Not because reveal dog claim.,jones.com,Marketing,6487,yes,yes,desktop,Edge,2025-01-02T22:10:25,590,"63.547882,60.759465",Japanese
a72f9500-75ee-48da-b53a-69be88d9a7c7,Prove your glass create unit than fast laugh.,hatfield-gaines.com,Finance,8283,yes,no,desktop,Chrome,2025-03-23T07:59:00,431,"-0.4775775,23.318989",Chinese
85da09e4-6f3b-4c26-a8e1-dd9dce60c9d6,Speech design inside fish.,black.com,HR,5415,no,no,desktop,Firefox,2025-03-23T11:58:01,247,"45.8490135,177.804994",Spanish
22b5bbbc-eb19-48f7-9d7b-ff2899abb53e,Join thousand chance design church investment expect.,martinez.com,Sales,4956,no,no,desktop,Safari,2025-01-28T21:03:43,417,"-9.122023,70.235288",German
49252963-f26e-41e9-83d5-ece7f4aa541d,Dark two week nation point him senior none.,hill.com,Sales,9700,yes,yes,desktop,Firefox,2025-03-23T21:41:07,186,"-33.636166,75.091251",French
422701b1-972c-43b5-8426-6bb7b0bdbd64,After board sell decision low.,sullivan.com,Marketing,3930,no,yes,mobile,Opera,2025-01-03T06:25:40,572,"-44.5376665,-89.918311",Chinese
bfc5ef84-63e4-4bc0-ba92-baf2201e9256,Beautiful size ground policy street.,romero-evans.com,HR,2349,yes,no,desktop,Firefox,2025-04-03T12:16:53,536,"77.6536235,-68.522389",German
1acf40de-7f6d-40d6-b50a-b44ce0a4e2a5,Oil fly trouble different.,ruiz-hall.biz,IT,1960,no,yes,mobile,Opera,2025-02-10T00:13:14,374,"56.1489615,-50.755271",French
46e95c2a-a495-4a62-9cbe-1a48ff59a190,Local economy just can.,green-perez.biz,Marketing,9685,yes,no,desktop,Chrome,2025-03-26T05:57:22,130,"62.029446,27.349967",French
32e584d3-065a-430b-8016-82113b4db827,Already buy think choice truth style.,hanson.com,Sales,4783,yes,yes,mobile,Edge,2025-03-31T10:56:08,437,"62.0331145,96.034864",English
067b7390-b139-448b-9c08-338839ff7576,Name follow technology look movie understand.,rhodes-garcia.com,Operations,8676,no,no,desktop,Safari,2025-03-22T21:12:23,441,"-2.274333,-141.422068",English
234c2cb6-aaea-4bf6-b80a-05cdd47e50f8,Face politics film miss religious official.,moreno-giles.com,Operations,3213,no,no,desktop,Chrome,2025-03-07T18:14:10,124,"-40.3679425,98.083210",Spanish
27eb674a-a39f-409a-a772-cd63e70a68c4,Beautiful wall bad similar.,gaines.com,HR,3523,no,no,desktop,Opera,2025-02-07T09:47:48,401,"-6.0410675,-56.392786",French
ac627297-8354-4738-a97b-23fb9e8e31b5,Actually owner amount away seem.,cameron.biz,Sales,3262,yes,no,mobile,Edge,2025-04-03T08:50:06,163,"-35.9428845,13.075538",English
f800164c-286f-47f3-8626-dcd52044d58b,Treatment quickly design exist involve energy use instead.,white-robertson.net,IT,2578,no,yes,mobile,Safari,2025-02-15T21:42:58,533,"84.9980995,38.915036",English
e93ea91a-e1d2-4320-85d2-2489e7d05eee,What economic old others well.,allen-robinson.net,Marketing,8800,no,yes,mobile,Opera,2025-03-08T09:08:08,201,"-2.205270,-64.666790",Chinese
52641b07-2213-4e74-8e2d-ce790b81311d,Partner attack too city.,lawson-jarvis.com,Sales,7454,no,no,mobile,Chrome,2025-02-13T13:00:12,12,"-42.875661,-33.664045",German
b0dc6b4b-b713-4439-a097-08edb2399c7d,Cover happy travel art difficult defense begin.,huffman.com,Sales,4203,yes,no,mobile,Chrome,2025-01-04T00:17:30,419,"-42.294111,1.438933",Japanese
f701cf4e-5423-42a1-82ce-91a2e2acd55b,Environment black bit military light someone.,herman-hall.com,Sales,2618,yes,no,desktop,Opera,2025-03-09T07:47:01,219,"-13.264139,-13.523272",Japanese
b9cda11e-5a26-425a-9b11-06b8b7796b8f,Nation role health cup group none city.,taylor-flowers.net,Operations,9316,no,yes,mobile,Firefox,2025-02-25T23:24:03,550,"0.9277035,-11.143702",English
ca72efc0-d67c-4db3-9b19-e3f71d968c00,Already maintain himself ahead.,wong.com,Finance,8908,no,no,mobile,Opera,2025-02-05T20:13:57,380,"-57.8368115,-19.583881",English
6fb54ffa-405a-4dfd-9a78-d03b2428cb40,Sing life state for.,williams-simon.com,HR,4782,yes,no,desktop,Chrome,2025-03-03T23:19:11,111,"13.997943,-169.989385",French
cb92486b-7c91-4b7a-b161-225ed002514d,Yourself six far area seem maintain nice.,rogers-lee.com,Marketing,6668,no,yes,mobile,Chrome,2025-03-18T21:30:41,239,"-34.1627675,46.617558",Japanese
451745c4-169f-4306-b6bd-b1c6ff63f54c,High play paper paper.,parks-barron.org,IT,9456,yes,yes,mobile,Edge,2025-02-20T07:03:42,558,"-19.867011,-18.077917",German
4db80b64-e922-4134-8176-240998d745a0,Get popular rich us human follow.,hubbard.com,Sales,4728,no,no,desktop,Chrome,2025-02-26T23:02:16,239,"-14.9169635,-152.208047",German
85153307-92ac-4815-978e-b9e6008be6a3,Under wonder real make claim.,warren-wells.biz,HR,6519,yes,no,desktop,Opera,2025-01-08T18:59:12,162,"-77.328648,-87.972535",Spanish
aa326759-fb9e-4cad-960d-faf900eaf76b,Book mention simply night go TV.,mcdaniel.net,Operations,807,yes,no,mobile,Edge,2025-01-19T10:14:43,139,"87.927001,-26.291939",Spanish
3c2a1435-90b1-4f6d-9bfd-b4d7dab35f88,Hour actually fall break draw.,clark.com,IT,4494,no,yes,mobile,Opera,2025-03-24T06:04:49,52,"87.077623,70.200786",French
933a3e5a-c84f-40be-96ef-257d88b4f92a,Somebody without military responsibility social.,jensen-rogers.net,Marketing,9826,yes,no,desktop,Chrome,2025-03-07T13:26:32,248,"-57.247398,171.412718",English
11aba4f0-cbe9-4f29-bf04-34579e948c5d,Put blood rule authority.,griffith-ramirez.com,Marketing,2849,yes,yes,desktop,Safari,2025-02-09T14:23:26,50,"49.874769,76.862869",French
e7ec99cf-00f6-4436-bc33-389b9cae2f4c,Believe most process name step network season.,little.com,Marketing,6422,no,no,desktop,Safari,2025-01-11T16:59:30,565,"-74.165551,-126.271453",Chinese
12909bc7-7224-48a0-a80b-6d5beeae64c0,Affect green game institution.,smith.biz,Finance,4362,no,yes,desktop,Chrome,2025-01-02T07:10:49,396,"6.7764485,-4.900712",German
4c6327c8-a4b3-4d99-8ace-49a98fdc4738,White policy allow adult.,hill.net,Finance,1229,no,yes,desktop,Chrome,2025-03-01T11:01:15,355,"30.1718995,-73.769818",Spanish
a2b64d69-e063-4180-9c98-4c142b984dea,Whom ground training.,johnson.org,Operations,6163,yes,yes,desktop,Chrome,2025-03-28T16:10:11,241,"47.4541395,83.367837",French
6fd77ebe-580f-45ab-812a-e4d85d3072c0,Knowledge least attack.,charles.com,Marketing,9191,no,no,mobile,Opera,2025-01-15T05:05:33,68,"-74.5484085,151.423994",English
4b75572c-706d-4b9a-94d5-1df9d93c54de,Gas organization success response.,bell.com,Sales,9222,no,yes,mobile,Firefox,2025-03-19T22:56:26,230,"-57.093275,174.424995",German
17e6497c-0cf1-479e-a5d1-0da8a1df6530,Purpose well piece Mr be rise.,taylor.biz,IT,692,no,no,mobile,Chrome,2025-02-12T00:26:24,292,"69.7105005,-38.421809",Japanese
35cde8f3-2f11-4559-94e3-43b7c1c1b295,Kid opportunity network exactly speech nation TV.,hawkins.com,Operations,9362,yes,yes,mobile,Chrome,2025-01-28T06:57:25,256,"-42.465292,-54.549299",Japanese
757d9cfa-e3e0-4baf-a586-8dfdb7f32145,Become campaign approach already idea difference.,taylor.com,HR,3294,no,no,mobile,Chrome,2025-01-18T04:29:40,461,"-84.1541775,-77.081966",Japanese
8e7b4380-2a14-4b0c-9634-5c213391913d,Eight imagine college process whole east.,black.com,Marketing,6482,no,yes,mobile,Safari,2025-03-10T12:18:13,524,"-8.7196615,6.481096",Japanese
377e5bf4-2660-4afc-80a4-b60be270c23f,Ready anything half individual hundred conference society.,smith-rodriguez.com,Finance,6147,no,yes,desktop,Edge,2025-03-07T13:10:35,142,"3.032236,-8.048740",Japanese
5aa6b345-d64d-4ad1-87a6-c4e25962449d,View nice hope reason view hundred word.,thompson.org,HR,9013,no,yes,desktop,Firefox,2025-02-28T01:02:58,394,"84.6178625,-98.772214",German
f9158fae-fa0d-4bdb-9ebd-a885034bf9b1,Majority something trouble someone consumer through.,lin.biz,Marketing,8236,yes,no,desktop,Opera,2025-01-16T21:27:22,379,"-46.7704895,31.799200",Japanese
7377067d-efb2-4dd2-90d0-362023e25830,Particular thousand job home might citizen.,anderson-phillips.com,Operations,5330,no,yes,mobile,Chrome,2025-02-16T16:11:56,200,"1.4098475,-139.842808",English
d81741a9-0bc1-4fd1-8d26-16766c729b0a,Town dog too control still game.,schneider.com,Sales,6157,yes,no,mobile,Firefox,2025-03-21T02:33:16,580,"17.369031,9.854258",English
182dbf0c-a453-4309-9657-f6a67d66784a,Conference picture travel with to loss same drive.,stevens.com,Operations,6067,yes,yes,mobile,Chrome,2025-01-14T09:32:08,398,"70.045801,148.288306",German
90e69238-e3b8-4dcc-a99d-49bc23d6807c,Share computer until age environment.,aguilar-pitts.com,Finance,6947,no,yes,desktop,Chrome,2025-03-28T18:57:43,383,"4.595091,-118.476599",Chinese
fa506eaf-07e4-4df5-8597-555ce663cf9e,That another government man.,gibson.com,IT,4903,yes,yes,desktop,Opera,2025-02-08T22:01:29,242,"-50.906614,83.573926",Chinese
66ebb2c1-82c2-4482-b481-ac547c64ddde,Yes senior range though gas mother.,smith.biz,Sales,815,no,no,desktop,Safari,2025-01-12T16:22:11,49,"-47.517871,55.212644",German
1304733f-6d19-4aba-ab3b-fc22beb7ce13,By very position majority these.,johnson.com,IT,3173,yes,no,desktop,Safari,2025-02-20T11:46:21,396,"-58.891194,100.730652",English
2cf6b224-240f-4254-9051-c7a923b91cd1,Push production win standard others fall.,harrington.com,Operations,8661,yes,yes,mobile,Opera,2025-01-06T07:47:31,457,"-45.405572,-110.049684",German
c26c9137-ba49-4279-85d6-2f8efcb82817,Cause push successful stuff establish ten fish time.,daugherty-romero.com,Sales,8946,no,no,mobile,Safari,2025-02-24T14:31:06,439,"8.1486845,-101.749932",German
b96df617-3724-4aef-8e55-3d6db7a7a6cd,Wall official crime million.,house.org,Finance,3497,yes,no,desktop,Opera,2025-03-01T07:33:44,232,"54.5845435,4.172925",Spanish
f6d4feb3-26b6-4518-9ae5-1c90b2a733f1,Agreement everything themselves method really big at.,west.net,Finance,8662,no,no,mobile,Firefox,2025-04-01T14:07:35,181,"-51.3539795,71.302734",German
d44f1f65-276a-4803-a978-0b12c56c2bbe,Forward boy create economy.,bush-lopez.com,IT,4590,yes,no,desktop,Firefox,2025-02-21T10:09:34,80,"80.584058,-23.071114",Japanese
a65b572f-9c70-496b-83c4-a7306b6f3f94,Sport watch meeting practice other.,schaefer.org,Marketing,9328,no,no,mobile,Safari,2025-02-24T06:38:21,474,"15.2179975,-31.046512",English
6609196c-2031-4266-bb5b-ed4eedbf84b1,Us before my newspaper suggest.,tran.com,IT,6793,no,yes,desktop,Safari,2025-03-01T01:30:18,398,"61.2788895,-105.793057",Spanish
470f6207-46a2-4f23-aecf-73c2ac67000b,Town child job buy cut.,cole.com,HR,8531,yes,yes,desktop,Edge,2025-04-03T02:33:04,84,"-10.452258,57.487782",German
9c214dab-01b7-49db-96be-1b7c04a7a74b,Finally challenge night tend type visit memory.,mitchell.com,Finance,4296,yes,yes,mobile,Safari,2025-02-17T02:07:59,550,"-68.246004,-39.692389",French
a72ecbb4-4ad4-4170-ad18-83532a8834cb,Writer table recognize rather blue level food.,turner.com,Sales,3679,no,no,mobile,Opera,2025-03-26T00:55:19,320,"4.3069585,-48.455364",Japanese
48bd16d6-53de-4e66-9850-76b651dfe110,May late growth allow gun fire.,small-morton.com,IT,6431,yes,yes,desktop,Opera,2025-01-14T06:30:18,170,"74.434646,84.157048",French
56161b56-3d5d-4ae4-bfa9-acbb56975069,Soon fly red.,cortez.com,Marketing,9715,yes,no,mobile,Chrome,2025-01-02T16:37:08,256,"-64.8737185,-68.861744",Spanish
1875e5d8-a7fb-42bf-a680-e9d79e61c0ba,Far wrong service.,khan.com,Operations,8152,yes,no,mobile,Edge,2025-03-14T14:58:23,285,"-73.231324,160.446649",Japanese
c0f1ba22-d5d0-4992-9306-19ec14839ff9,Husband model kid relationship which happen.,mathews.com,IT,6002,yes,yes,mobile,Chrome,2025-02-22T02:42:29,108,"-31.0009655,-54.896991",German
fb2984a3-abad-40d7-a664-4fb18ee7fbff,Evidence smile stock figure measure yard best.,poole.com,Sales,2197,yes,no,mobile,Opera,2025-01-21T03:25:19,443,"-86.3170835,-69.476406",Spanish
e2cd5817-7817-4d9a-aa2d-341a64004372,Indicate sort land several.,ward-turner.com,Finance,8543,yes,yes,desktop,Edge,2025-01-03T08:22:29,568,"-21.3704135,-158.692953",French
ab4d2b7e-0c6b-480f-997c-213d015a6d1c,Camera final guy establish week.,walton-nolan.com,Marketing,7423,yes,no,desktop,Edge,2025-01-11T04:59:54,129,"34.0842775,36.670513",German
da3006c6-8521-4dd7-bc9e-1dccf72984d5,Our hospital development certain other water.,tucker.com,Operations,3273,no,yes,mobile,Safari,2025-02-19T09:57:20,325,"-39.053926,39.163370",Japanese
f4d1c5fa-9818-47fd-8c3c-67bc888773c8,Hour class standard finally art movie meet another.,gonzalez.com,Marketing,6926,yes,no,mobile,Opera,2025-04-01T02:15:24,358,"22.1089045,45.069866",Chinese
ee8fcc4a-cf57-4db7-a229-f516f50b7aff,Cold morning culture forward month civil or.,haley.com,Sales,9027,yes,no,mobile,Edge,2025-02-17T04:04:51,563,"21.4935665,-59.598696",German
629948e2-28a4-4dec-b4c1-88ebeb1bfe3b,Mother provide interest require better room maintain method.,krueger.com,HR,2614,no,yes,desktop,Firefox,2025-02-28T20:54:35,191,"-46.684556,171.106482",Spanish
c4d679a3-24c1-47f5-a708-a6a37d3828ec,Wear increase compare red forward.,davis.com,HR,4426,yes,yes,desktop,Edge,2025-03-26T07:46:44,72,"-21.9583335,-30.610557",English
43cc82da-4ef8-46c8-9f05-9f7a5301c80e,Artist answer catch prove best.,dunn.com,IT,8429,no,yes,desktop,Firefox,2025-01-23T07:52:05,536,"-8.8171285,-65.332486",Japanese
4cd9a7aa-5797-4019-a2d4-3d4914b4d637,Director dinner star agreement during now.,holder.net,Finance,9059,no,yes,desktop,Safari,2025-01-18T12:45:47,433,"0.1961775,-22.525894",Chinese
2e78c90f-bb53-4f7b-b5c8-24386c5bd80f,Defense church cell meet you.,deleon.com,Operations,4910,yes,no,desktop,Opera,2025-01-03T19:35:43,80,"15.993939,-103.081330",French
61128b8c-181e-450c-8f0e-317c8ab06b8f,As value law hear design room degree.,thompson.net,Operations,4977,no,no,desktop,Firefox,2025-01-06T11:43:17,338,"59.931602,-174.515892",Japanese
0044ffd0-d156-4595-8a54-b4eda7d093a0,Nice class mention other Mrs police.,oconnor.biz,HR,3419,yes,no,mobile,Safari,2025-03-03T18:48:52,436,"-61.662353,-113.221080",German
4d19705a-fe99-40ed-9224-aa85d3b3b5b6,Work government table your crime here space.,weaver.com,Finance,8762,yes,no,desktop,Chrome,2025-01-12T11:54:43,384,"-57.018242,-75.314934",Japanese
05ec3785-afbb-4a07-9817-052905e38366,Record apply production indicate type yes create.,kim.com,Finance,7708,no,no,desktop,Edge,2025-01-08T10:59:32,350,"69.7214995,60.742879",English
c779a7bd-d1a8-485e-b707-92ff5d755741,Office throw television culture myself tend piece.,buchanan.com,HR,6938,yes,no,desktop,Chrome,2025-01-15T01:42:51,232,"36.344685,-29.351112",Japanese
572b3068-3022-4c55-a94e-52f1af6b62fd,Return race bank short open spring.,jones.com,Marketing,5969,no,no,desktop,Firefox,2025-02-18T21:18:43,308,"-65.3884805,-120.068440",French
cf540230-9790-4f1b-837d-7f3bddde8a30,Whether scientist rest help site energy.,gross.info,Marketing,6372,no,no,mobile,Opera,2025-02-04T00:33:39,17,"-84.8115555,-179.910578",German
ff0111e8-c3c7-4a13-ba42-ea5e68043d64,Former show feel support who through parent.,johnson.net,Sales,2065,no,yes,desktop,Opera,2025-02-21T18:54:30,504,"-52.184845,92.090713",French
9b54a235-c907-4c45-987f-154753d9eec7,Easy mention able wide seek call.,carrillo-stevenson.biz,IT,3750,no,no,mobile,Safari,2025-01-20T08:34:57,372,"47.596222,-150.929036",German
aafc31ea-f526-4dce-b3f0-3cb3eda689e6,Marriage fire group student throughout rule.,robinson-thompson.org,Operations,7892,yes,no,desktop,Opera,2025-03-31T20:50:11,403,"-89.2608825,39.466043",French
cb306274-d096-42b8-8616-6ca05d334545,Purpose skin memory him easy office whole.,johnson.net,Finance,5443,no,yes,mobile,Chrome,2025-03-02T06:44:39,242,"-38.7257435,-52.141097",French
5a3d3760-bc44-427b-8635-e01e32e2869d,When development trip.,taylor.net,Operations,4781,no,no,desktop,Edge,2025-01-14T23:44:45,587,"66.7879055,-82.390599",English
26c2c2ca-15b3-4860-beb8-2a257593c6d5,Hard my area challenge.,brooks.com,Finance,9474,no,yes,mobile,Firefox,2025-03-13T01:10:36,402,"-31.139443,84.678219",Spanish
a077c67d-948b-4fe8-af88-55a5912e7124,Let develop name too mother card.,miller-allen.com,Finance,2971,no,yes,desktop,Firefox,2025-02-20T02:08:20,470,"-28.6260445,31.551785",German
9f48ff7b-7ec0-4208-ae4b-406b5325e975,Maybe animal coach push receive.,roberts-conner.com,HR,2830,yes,no,mobile,Edge,2025-03-02T09:22:15,110,"-89.297569,-112.384021",English
1ad94871-2018-4e0a-9ecf-39f3d08f0210,Enjoy morning smile.,barnett.com,Sales,6627,yes,yes,mobile,Edge,2025-03-11T11:50:47,220,"17.0302805,-160.470208",English
bbb8462e-d19a-4458-93db-cda805f82f94,Bed size perform particular.,shepherd.com,Operations,7198,no,no,mobile,Safari,2025-01-26T22:29:18,554,"85.8635375,-42.291206",Chinese
0d75b485-5142-4bf8-82f2-bb6715fbe356,Identify agreement positive site dog dog.,smith.net,Operations,9794,no,no,mobile,Edge,2025-01-14T00:36:54,403,"76.9702895,-160.445836",German
4a1193ca-cdf8-4a9d-babc-eb51f6272bcb,Civil measure surface bag American material.,mcgrath.com,IT,3501,yes,yes,desktop,Safari,2025-03-11T11:27:40,573,"80.6497185,82.157741",Chinese
5c308150-590a-4caf-b72a-74757397d033,Low few radio fight girl situation.,compton.biz,Marketing,6457,yes,no,desktop,Chrome,2025-02-18T05:58:55,528,"76.590881,35.935797",French
fe6ec9f0-af53-4f04-b07b-94a51ff8b220,Think police popular someone return current win human.,gonzalez.info,HR,695,no,no,mobile,Safari,2025-03-04T16:18:41,345,"43.568151,143.743042",English
d4f13f75-981d-4398-85fd-36f6006639ca,Force everybody them test station together front.,garza.com,Operations,9690,no,yes,mobile,Opera,2025-01-21T22:22:15,388,"89.807337,123.449949",English
a15085cf-497d-42f3-8ccb-202325a8ff45,Subject friend individual change.,jones.com,Operations,2848,yes,no,mobile,Safari,2025-01-21T06:11:01,402,"-36.931605,179.397614",Chinese
8ef94680-7eef-46f1-abbb-e6b7972716c3,Enjoy possible after audience cultural star inside.,johnson.info,IT,9146,no,no,desktop,Firefox,2025-03-17T00:18:36,167,"-46.584468,111.395679",French
3fdb9598-d0e8-4c54-8405-9be9bfa99a81,Anything let moment add.,pitts.org,Marketing,7256,no,yes,desktop,Safari,2025-01-14T10:49:54,501,"23.1180705,-116.495441",French
78fb0fc2-3ec4-41ee-95c2-4aba24909702,History memory produce tax again.,norris.com,Sales,703,no,no,mobile,Firefox,2025-02-22T15:06:25,63,"-86.3236945,88.173818",Spanish
9ae849bb-7b61-42c4-a4a3-1c27668f1fd8,Start when behavior research up.,lin.com,IT,4023,no,yes,mobile,Safari,2025-03-12T08:06:27,251,"53.8128125,6.016391",Spanish
69f94945-11c4-4e39-892c-6b5b5a32b4ad,Detail how knowledge into list such current put.,briggs.info,IT,1979,yes,yes,mobile,Firefox,2025-01-20T00:57:29,457,"-72.827179,-122.852586",Chinese
bcab9ce9-0bd0-4300-8e4f-525a60bfee73,Painting measure message ground green firm.,herring.info,Marketing,9984,yes,yes,desktop,Firefox,2025-02-23T14:57:24,281,"-27.257832,2.105125",English
5b671084-27d1-4073-b17a-df85cef5ca1f,Mission about wife listen.,bishop-watson.com,Operations,1956,yes,yes,mobile,Chrome,2025-01-14T23:43:31,394,"8.4804095,-134.887970",Spanish
aad545fb-fad7-4c26-acea-8485b45f83dd,Meet piece visit project.,lyons.info,Operations,4084,no,no,desktop,Opera,2025-03-03T04:54:21,298,"-25.9868585,-59.280915",Japanese
6482aeb6-73a8-4bb8-88ab-a83fa75e05d8,Responsibility stay foreign board tree other.,soto-torres.info,Finance,3047,yes,no,mobile,Safari,2025-01-06T22:04:19,573,"88.145204,90.848652",Chinese
89622977-0d62-4c27-8b1a-3ded2c9b5e00,Investment bag yard how.,petersen-phillips.com,Operations,8949,no,yes,desktop,Opera,2025-01-07T14:48:07,188,"12.9906965,-162.217704",English
0c3350ba-6d87-45c7-939d-6048e1f57177,Son personal draw foot wind future catch.,williams.net,IT,2925,no,yes,mobile,Firefox,2025-03-19T23:03:42,344,"72.8487295,-166.543624",French
dcd4f8db-40aa-40fd-8b8b-1f9005b681ea,East especially form crime industry move.,dunn.com,HR,682,no,yes,desktop,Firefox,2025-03-15T16:06:04,555,"-56.695990,27.951286",Japanese
7ae70a50-daf4-4831-a7c1-d51983af3adb,Half public claim law month whom break.,wright.com,HR,3809,yes,yes,mobile,Edge,2025-01-01T22:35:09,501,"7.2630025,87.926253",Japanese
bd52fa49-35dc-4108-805a-8650a43f0174,People forward financial soon.,gardner.com,HR,2813,yes,yes,desktop,Chrome,2025-03-15T18:21:59,408,"-88.792050,-149.846237",English
80840b2f-5678-492e-8e74-a9dc49e64a2c,I wear rise TV.,shaw-hartman.net,IT,4153,no,yes,desktop,Edge,2025-04-03T13:48:39,116,"82.5505055,-14.340500",Japanese
17795ff3-36f8-446d-9b43-c65aae3213f2,Admit industry name have left wrong.,knox-shaw.info,Marketing,4443,no,yes,desktop,Firefox,2025-03-22T05:38:39,70,"-87.430263,-91.988719",German
5b243bf1-a837-4b0d-8e8c-d7c9909e5092,Name subject season article scientist although man really.,mcintyre.com,Marketing,9961,no,no,mobile,Edge,2025-02-26T05:22:01,140,"71.4326875,-107.103787",Japanese
4a7f4e3b-4c9e-475e-925a-302113a34e9e,Heavy candidate notice study.,salazar.com,Operations,3278,no,yes,mobile,Safari,2025-02-15T02:28:13,105,"-43.610240,-110.123591",English
4435c0b6-684a-4c76-9954-c1350be35b54,Drive save cost experience traditional.,jackson.net,HR,1796,yes,yes,desktop,Firefox,2025-02-20T20:22:13,108,"-61.6578425,-15.421776",Spanish
344fcdd5-c882-4f28-a538-82a7bda22561,Teacher all much figure everybody understand.,marshall.info,Sales,1137,no,no,mobile,Edge,2025-03-18T23:25:19,416,"-38.1861825,-35.623958",English
6f92cdae-84e5-482e-ab58-c25b42358f37,It enter accept commercial hard.,hudson-smith.org,Marketing,8556,no,no,desktop,Edge,2025-02-04T22:14:39,23,"10.073233,-2.225566",Japanese
db5a8899-20df-4c1f-a920-0efd6e280c44,Alone how race not knowledge career impact.,phillips.com,Operations,3445,no,yes,mobile,Firefox,2025-03-07T16:24:12,30,"41.2844785,-169.783551",Chinese
98f09869-464b-4036-9c2a-7225c01201e6,Address serve behind want.,hayes-arroyo.com,Sales,955,no,no,mobile,Edge,2025-03-29T04:02:09,594,"52.3044855,75.664234",French
12435f11-bc61-4a27-8305-619d1e8ac6ca,Receive beyond story she late sport.,smith-fritz.net,Operations,1365,yes,yes,desktop,Safari,2025-01-07T03:04:19,98,"-37.330075,-168.467117",English
c6ad2108-2d15-48b4-a3a1-0d4bf81b93cd,Themselves its above.,dixon-cole.com,Marketing,3448,no,no,mobile,Edge,2025-01-21T06:01:45,70,"-89.907739,-88.085398",English
30ce5c2b-ba56-4bbd-ac54-a74b4f5e7493,Remember soon expert certainly son easy table.,taylor.org,Finance,4926,yes,yes,desktop,Safari,2025-01-28T20:49:31,18,"-7.261397,169.930167",English
f497667d-3216-46ac-adb2-46a0fd2de77b,Consider thousand other table.,hernandez.com,HR,872,no,yes,desktop,Edge,2025-01-05T05:17:31,474,"34.6502545,133.391792",German
ea2367bb-9b24-4cd5-8eeb-569442a91979,Include attention where actually fight first laugh including.,smith-hunter.biz,Finance,6896,no,yes,desktop,Chrome,2025-02-10T03:53:59,187,"-11.3571755,-20.308507",Japanese
248ff681-9cd6-48dc-a5c7-f1611fd6fcf2,Establish easy they when whatever generation camera.,cruz.com,Finance,5698,yes,no,mobile,Firefox,2025-01-19T01:24:12,122,"-81.7548125,54.214974",English
ab779a2a-100a-45c0-8726-45255a70e736,Agreement phone throughout do interview become.,lee.com,Marketing,9411,yes,yes,desktop,Firefox,2025-02-02T09:07:28,130,"-13.8220605,144.335665",German
e43b333f-6368-4c3b-80e0-ce36ac17b7cd,Far national live.,flores-miller.info,Sales,6505,no,yes,desktop,Chrome,2025-03-22T01:02:25,166,"87.6683345,-14.744260",German
04320f50-95ce-40d8-8e37-b59702ddd9ac,Case thought wear action different Republican make consider.,watson.com,Sales,5471,no,no,desktop,Safari,2025-03-31T12:08:01,584,"-16.3199555,96.495619",English
775c34f3-fc4a-45d9-9cdf-ed903ad8fd37,Sort community box skill off.,mueller.biz,Finance,2869,yes,yes,desktop,Firefox,2025-03-03T09:30:08,398,"78.858167,85.454336",Japanese
58143560-5bf5-4ed0-9c1b-00bb164c8a80,Appear cause door difficult son with against.,white-edwards.net,Finance,5498,yes,no,mobile,Edge,2025-03-03T04:33:56,482,"-17.941260,-73.080174",English
31ba1d5a-10b9-4013-97a5-68f598f1cb61,Boy PM who ago none visit fall.,chung.info,Finance,8112,yes,yes,desktop,Edge,2025-03-11T08:06:36,569,"70.1208815,149.802122",Chinese
3265f2fa-941b-4dda-95ce-2ff848ad02d8,Option control use summer.,bolton.com,IT,4588,yes,no,mobile,Edge,2025-02-06T23:35:57,262,"38.276085,70.890471",German
14e6f744-4e33-413c-8c07-1ded88154920,Wonder great foreign space who car media north.,taylor-rivers.com,Marketing,3339,no,no,desktop,Chrome,2025-01-04T01:54:49,376,"59.5157535,75.231553",Chinese
77843b2f-7ac3-42ea-82c1-1fa2d8ff4af2,Benefit dog maybe listen guess check modern.,hardin-rivera.info,Marketing,7196,no,no,desktop,Firefox,2025-01-18T03:34:40,580,"-44.4414535,-50.353644",English
f076c0ef-aa74-474a-87b9-90d829349aff,Still art minute management red learn book main.,hudson.com,Sales,4678,no,no,mobile,Safari,2025-01-03T11:59:39,272,"79.390799,82.776784",French
8099dcdf-201d-4bfa-a0db-e0ba130271c4,Thing subject agreement song.,salinas.com,IT,5310,no,yes,desktop,Chrome,2025-03-25T00:13:03,48,"81.0628895,-81.696603",German
5f85d364-7460-4cdb-8a26-5cb91ba29b59,Sort job heart.,petty.com,Finance,3349,no,no,mobile,Chrome,2025-03-10T10:27:51,375,"70.122938,-149.419176",Spanish
d94f4d23-9812-4ea7-8735-67afa69654a9,Few wear network.,brown.com,IT,7568,no,yes,mobile,Firefox,2025-03-08T01:14:48,476,"-8.8940775,53.021189",Japanese
b9c6c40b-9c87-4de8-8ef9-855cbdb0e0e7,Region travel any develop ball agreement create.,baker.com,Finance,8281,no,yes,mobile,Opera,2025-03-02T16:18:55,485,"1.716011,19.440102",Chinese
aac17f7b-99e1-4a1e-a95b-7e978f45ee3d,Time above small.,hancock.org,HR,9816,yes,yes,mobile,Opera,2025-04-04T00:48:55,225,"-15.444510,129.258565",Chinese
7f2138b0-393c-4425-a568-7bb785be03b6,Lead officer new join movie expert quite.,christensen.com,Sales,2624,no,yes,desktop,Safari,2025-02-11T11:48:32,426,"62.7055095,-38.254282",Chinese
62c8d90f-e9ae-44f6-a032-8a29e72be9dc,Require effort water theory we.,pena-black.com,Sales,8383,no,yes,desktop,Firefox,2025-01-19T01:15:39,125,"8.850865,15.563052",French
78eace0a-59f3-4e31-a78b-b675a029e9bd,Most many simply member minute method safe.,holmes.com,Finance,7151,no,no,desktop,Firefox,2025-02-25T21:21:22,146,"50.8521205,-62.942855",Japanese
d78c7768-7c61-41cb-bf5b-d7fd2e04e624,Land well total chair least.,perry.com,Finance,8297,no,yes,desktop,Chrome,2025-01-28T12:48:07,592,"51.658987,-81.679015",Chinese
52690c94-0eb0-414d-ae13-ba47dda7822d,Prevent prevent first available story team discussion.,baxter.net,HR,6556,yes,no,mobile,Firefox,2025-02-09T15:29:47,540,"60.4795835,-78.293766",Chinese
784f1748-448b-4af7-bc3a-5d5acb9b54a2,Mean action magazine everybody.,jensen.com,Sales,1135,yes,no,desktop,Firefox,2025-02-17T23:24:28,526,"-40.2331105,50.190112",Chinese
0b5b7ec0-f7ed-4e4e-a1bd-7c8bada27214,Role health send wonder share perhaps car.,guzman.com,Operations,7065,no,no,desktop,Edge,2025-03-01T17:22:18,199,"63.9954825,26.146764",English
ec113085-b86b-4802-9eef-33f6d0596755,Second within decision weight.,wilson.net,Sales,8850,no,yes,desktop,Safari,2025-01-02T23:05:52,218,"-43.442409,-129.785087",German
01d9cadf-8432-418f-ade9-6da2e5dadb80,Operation environmental part call student sense why.,dean.biz,Finance,9649,no,no,desktop,Chrome,2025-03-01T22:12:23,114,"-10.358894,-142.206014",Japanese
93487488-c960-4a36-879d-9e86b6f775ae,Music here street house cold part fear.,perez.com,IT,9199,no,yes,desktop,Chrome,2025-02-22T03:28:29,109,"18.0288345,-61.631165",Chinese
10063a40-4185-4f56-b4e4-e1a34bf21993,Though beyond company bad defense.,torres-mendez.biz,IT,6884,yes,yes,desktop,Opera,2025-01-09T14:41:45,203,"70.3898595,117.754719",German
90f866a3-75b7-41bc-9867-b4cd41d9769b,Short break get tell wall oil.,dyer.com,Operations,2226,no,no,mobile,Firefox,2025-01-26T14:43:43,499,"-82.7196875,-29.706268",French
1e86edcc-7ada-48db-b2e8-e03ea910bc54,Billion series Congress since fight.,floyd-galvan.com,Operations,6143,no,no,mobile,Firefox,2025-01-30T04:08:13,552,"75.113934,98.300635",English
6e205b31-1432-4d5b-9ec5-030db7f44c6e,Not sea ten design conference seven.,rollins-calhoun.info,Finance,803,yes,no,mobile,Opera,2025-02-19T21:24:40,75,"-19.379982,-110.718788",French
7186664b-e382-4165-9226-0965c54100df,Reduce loss official word seat.,davis.com,Operations,3672,yes,yes,mobile,Edge,2025-04-01T23:26:16,471,"-79.1971025,42.491010",Chinese
f6ae07ad-d77b-427b-8a83-37ed3c473bc8,Relationship approach reality wait add expert bring.,guerrero.info,IT,3053,yes,no,desktop,Edge,2025-03-10T06:36:21,314,"31.308797,-171.710644",English
f14ee68a-3b9c-4857-aca1-e4fa8661e9ca,Pick sense no phone structure brother rather.,mills-park.org,IT,3264,no,yes,mobile,Firefox,2025-01-16T15:08:30,205,"-4.3297585,-176.237643",English
ebb8ff69-d77d-4082-9bbd-51912b00a62f,Nation style building party live.,love-brown.net,Sales,966,yes,no,desktop,Edge,2025-03-31T08:43:02,68,"25.004166,109.478137",English
5f2a1cf5-1b3b-43cc-8add-9a5a17842561,North hour carry sing phone.,martin-wilcox.org,Sales,7863,yes,no,desktop,Edge,2025-02-13T16:55:48,330,"-80.6887465,128.810561",French
94a9c789-b2d7-497f-99f8-54b83f3fbfd2,Force stock state executive town.,williams.com,HR,5051,no,yes,desktop,Edge,2025-01-14T22:36:01,238,"3.598200,-169.130772",French
c0c18c85-41a4-418e-b2de-570139e7512c,Commercial next life may ten according.,oliver.com,HR,5394,no,yes,desktop,Firefox,2025-04-03T04:10:42,553,"-69.4184915,155.642024",French
e16470de-b2e4-4244-9788-a3f4a19bfc65,Break east significant year stuff such listen.,gates.com,Finance,1142,no,yes,desktop,Opera,2025-02-05T02:40:38,99,"-65.822624,-2.369769",Spanish
8f4ee2be-3f21-42d6-b042-e6f574c23313,Person of baby officer prove.,dean-farrell.com,IT,9136,no,no,desktop,Firefox,2025-01-12T16:24:54,520,"7.7637975,76.082134",Spanish
727ba650-c458-45b7-bcfe-e885d26fba61,Truth realize husband occur draw.,rasmussen-anderson.com,Operations,7121,yes,yes,desktop,Edge,2025-03-04T16:28:08,404,"2.7354315,81.632376",German
e99a2b0f-2e67-4737-a23d-d8f9bf34c2ab,Case gas condition goal protect.,craig.net,Sales,2749,yes,yes,mobile,Safari,2025-04-03T09:33:11,321,"0.423263,-74.815283",German
379bc2a5-ecb6-45ad-b425-49cdae8d28cf,Act clear about argue rate blue else financial.,arroyo.com,HR,6341,no,yes,mobile,Safari,2025-03-12T13:40:38,448,"-2.5292425,-29.131407",French
3728a984-7277-43dd-92a7-9e781842f2d7,Line discover bag both.,gomez-joseph.com,Finance,815,no,no,mobile,Edge,2025-03-16T00:03:45,568,"-62.036288,-176.333420",Chinese
1f855674-a642-4097-8fcd-23939fdfe3e0,Decision wish wife young who herself air.,velez.com,Finance,3893,no,no,mobile,Edge,2025-01-20T02:40:43,356,"20.9703915,-171.588749",Japanese
ef0258a7-015e-4c1a-b9b6-9b8dde3abe5e,Star under society.,rivera.com,IT,7599,no,yes,desktop,Firefox,2025-02-23T03:29:46,247,"-40.2179515,90.665789",Chinese
b977449a-485f-44ca-99ea-d10445a7ce27,Exist entire thought state carry policy.,roberts.biz,Operations,3157,yes,no,mobile,Edge,2025-04-03T07:57:47,441,"39.0767005,158.854751",German
c712cae1-f7c0-4f56-9c10-ceb28f4e5e14,Family method more attention arm.,torres.net,Finance,7278,yes,no,mobile,Chrome,2025-02-14T06:43:40,325,"18.1245425,7.968150",English
f1b07c6f-3bb5-4b79-8221-024cb0648283,Tv in bar guy the Mrs able.,ramirez.com,Marketing,8135,yes,yes,mobile,Opera,2025-01-13T23:25:53,268,"-45.596929,-31.285658",French
ecdb6ddf-b825-42d2-a3a5-5e0472f8e6b0,Night leader brother left type control generation.,harris-henry.com,Sales,1070,yes,no,mobile,Firefox,2025-02-20T20:37:12,539,"-79.4925375,-128.907830",French
390a07a2-5e61-4eee-b48b-05fd790d9de3,Full perhaps feel occur body.,russell.com,IT,4058,no,no,desktop,Chrome,2025-01-09T06:22:53,584,"42.2756955,169.666786",German
3a608492-42e3-4928-8997-794c44f80a5e,By myself life evidence century try line.,jackson.com,IT,3188,yes,yes,desktop,Firefox,2025-02-04T12:00:32,460,"0.5798135,-24.405906",Japanese
d7a2c790-696e-4f34-8e05-eb58e162b857,Card her movie smile.,scott.com,Finance,4779,no,yes,mobile,Firefox,2025-03-17T22:15:45,265,"17.970215,136.728515",French
80942d5d-e5f8-42fe-9ff2-4d50eac09995,Table tax part interview card nice.,fields-gallegos.com,Marketing,9441,no,no,mobile,Opera,2025-04-01T12:07:26,207,"-9.1673435,-2.743214",Chinese
3224cfab-7403-4609-83c1-fb06d6e9fa5e,Onto space class pull well study.,anderson.com,Operations,5893,yes,yes,desktop,Opera,2025-02-18T20:09:33,215,"12.9593975,137.357268",German
578af91f-ebef-4f7d-a5ff-9e61a3b3f8a9,Reveal building together list.,perry-brennan.org,Sales,4887,yes,no,desktop,Firefox,2025-01-24T01:05:00,343,"-79.786867,-93.316116",French
6665efa8-f3b7-453d-a8bc-450054478d24,Eight language body how Republican production.,rocha.com,IT,6967,no,yes,desktop,Edge,2025-02-10T01:47:22,280,"66.996934,76.996484",English
fa959018-9842-4937-8c31-cba0123b78cd,Free pressure popular face least board.,shaw.com,Sales,4082,no,no,mobile,Safari,2025-03-02T23:15:20,565,"-74.0855095,-168.846306",French
79b86930-e1ee-44b7-8b1e-150e398198c0,Treatment day what rock explain significant report.,leach.net,Marketing,4508,no,yes,mobile,Safari,2025-03-27T13:44:08,283,"45.588919,98.235981",French
d09aa6fa-2e70-4732-8c08-364ca367de9f,Opportunity be pretty place see only difficult.,fletcher.net,HR,3206,yes,no,mobile,Firefox,2025-03-10T19:22:05,101,"14.6050355,-36.801816",Spanish
02eedafb-5c19-495e-bc42-d557349147be,House care machine art.,patel.org,Sales,7884,yes,yes,desktop,Safari,2025-01-04T11:16:34,34,"54.9267945,-67.880605",Japanese
b09ef79f-c0d9-4f3b-863a-7a26f634f5c7,Experience example enjoy face model should yourself different.,mcdowell.info,IT,5320,no,no,desktop,Firefox,2025-03-04T12:27:43,84,"-17.5217495,-141.598497",English
087bfe74-c638-4d02-b60f-155232ddb6a2,Tree size source allow bad send.,valentine.info,Marketing,7902,yes,no,desktop,Chrome,2025-03-30T11:25:40,283,"-24.325307,-39.333269",English
272c6002-4ccd-4315-b0fe-d77b699eae75,Citizen character seek life minute.,mays.info,Finance,7632,no,yes,desktop,Edge,2025-02-23T06:45:09,311,"-68.288643,-69.155369",German
2e2d7677-4cb3-41f7-8e63-4cd78ba90774,Ability white difficult raise loss already individual.,rodriguez-marsh.com,IT,2647,yes,yes,desktop,Opera,2025-03-25T15:47:36,49,"-5.503294,162.320415",German
04bb5de8-33b5-4793-ae7e-8dba0d13ebeb,Pay exactly play loss.,ortega.com,Sales,9752,no,no,mobile,Safari,2025-01-24T11:24:14,142,"65.533363,66.962792",French
05794597-c9bb-4f1a-91d0-b16f9eef1b85,Make attorney result rich.,gilbert-howell.com,IT,9448,no,yes,desktop,Opera,2025-01-11T08:27:39,25,"1.062310,-60.362495",Japanese
9234f3a8-f9be-4a24-8cfb-c07b9d7c4b6a,Value side building author image.,harvey.com,Finance,7490,no,no,mobile,Edge,2025-02-19T08:17:05,76,"-80.877125,101.763655",Japanese
a71c053f-2a2a-424d-9b43-ffaa1d403c6f,Source radio especially bring bag.,snyder.com,Operations,3621,no,yes,desktop,Chrome,2025-02-24T18:11:08,208,"5.1362645,-5.125377",Spanish
b700a075-43b3-432d-9a3b-4a5680eedaed,Lay project improve protect conference manager coach.,garcia.com,Sales,6108,yes,no,desktop,Opera,2025-03-09T01:42:12,517,"25.3770735,-138.057372",English
7945cde6-48ae-4cb3-8a77-ac8aa58fee7b,Rise recognize big specific.,flores-davidson.com,HR,7134,yes,no,mobile,Opera,2025-01-21T21:37:19,342,"79.7175505,-62.110875",Japanese
2bfb3952-a53f-4451-aa35-64d9e6f3eaa8,Find I pattern majority.,nichols.com,Sales,4087,yes,yes,mobile,Edge,2025-01-11T21:52:01,156,"-63.926857,-101.577507",Spanish
26efe82f-e520-4715-bbde-874bda6068af,Drive since others outside kind reveal.,long-rosario.com,Sales,6540,no,yes,mobile,Chrome,2025-03-11T10:39:58,334,"57.4547545,0.286314",Spanish
73e62165-d446-4387-9b75-d674f9c6e442,Wonder long usually.,alvarez-williams.com,Marketing,2072,yes,yes,mobile,Chrome,2025-01-01T04:08:46,237,"89.2300245,138.699865",English
3b4ae501-0042-4be7-a4a0-ab4ebc7dd586,Brother capital dark skin decide fall good.,benton.org,IT,2154,yes,no,desktop,Opera,2025-03-29T01:02:23,406,"24.3547615,139.380975",Chinese
8ba8d0fb-a668-4df3-84ad-6e7f677bb907,Herself bring western provide claim soon.,mcclain.net,HR,2806,no,no,desktop,Edge,2025-03-25T06:10:29,267,"27.078635,59.816732",Japanese
02b89079-ad55-4c19-9ab3-7174e5450c4f,Line call somebody executive.,collins.biz,IT,7238,no,yes,desktop,Safari,2025-02-19T00:05:37,85,"19.3705605,-173.190357",German
eab191e4-4377-4aba-9d71-9c9af57187a4,Health professor with recognize project career American.,richardson-smith.com,Finance,7173,yes,no,mobile,Edge,2025-02-15T17:21:08,479,"-85.5911295,-43.387184",Chinese
4bc007be-3baf-47d5-bbfe-1bfdb0e717d1,Owner leave up soon account.,mccarthy.com,Sales,8364,yes,yes,mobile,Firefox,2025-01-17T07:22:01,385,"-41.4404065,-165.650662",Japanese
854423b8-f787-4362-82f3-01f0704d4c23,Bill money increase great chair.,morgan.biz,IT,9057,yes,no,mobile,Edge,2025-02-09T17:49:20,346,"18.390499,50.366448",Japanese
f6604e9b-3dc1-477a-924c-88f4fc3fdb3a,Clearly heart notice without meet these.,davidson.biz,Operations,8807,no,yes,mobile,Opera,2025-02-14T07:26:21,428,"37.6525835,27.175909",English
28f332cb-2e5a-42f8-9df2-0a0036989079,Entire PM again.,peters.org,Marketing,2370,no,no,desktop,Firefox,2025-03-14T14:28:15,283,"59.1261605,-60.460672",English
c9d63af8-6103-4a25-a5c7-22262a8b43f6,Author rule want almost way each above.,gill-jones.net,IT,1179,no,no,mobile,Safari,2025-03-01T09:19:21,217,"-89.228896,28.164697",English
f44b94dc-f828-48af-9a11-f18464205124,I the worker hold next draw.,ayala-white.com,Finance,4281,yes,yes,desktop,Firefox,2025-03-30T13:13:47,377,"69.162630,60.459539",Chinese
32b1c03e-0f5c-44e1-95c4-3b3415bce0b2,Agreement value south push professor firm.,frazier.info,Marketing,3076,no,yes,mobile,Edge,2025-01-21T21:57:38,515,"70.5341065,67.304330",German
aee09d59-26c6-474a-a0b3-a36f805ae119,Experience cut improve discuss man idea both.,maddox-lynch.com,Sales,3292,yes,no,mobile,Safari,2025-02-09T19:26:06,18,"23.776459,90.339801",English
540008a9-9c2f-4885-900b-4fc87c2d0626,Care research create under individual important direction put.,rios.net,Marketing,3417,yes,yes,desktop,Safari,2025-01-26T14:12:10,429,"-73.0099585,-173.331347",English
62683668-84ae-41d6-ae37-cf9e8412825e,Clear consider dog voice.,hart.net,Marketing,8166,yes,yes,mobile,Chrome,2025-01-16T10:20:06,489,"71.4129745,50.945979",Spanish
eedc870b-ada6-48a1-9b63-3bf0be24bfe0,Economic message from end list network.,bell-malone.org,Sales,925,no,no,mobile,Chrome,2025-03-17T21:22:58,24,"-32.3702875,173.823364",Spanish
3c1f38de-c01c-46b0-a878-47651a4afd56,Power center need wait.,rowland.com,Finance,3558,no,yes,mobile,Edge,2025-01-13T16:17:51,554,"4.582353,77.228244",English
0f00aa71-cedb-4f70-b55f-b2fe161e01a0,About prove partner view.,robinson.com,Finance,1580,no,no,desktop,Opera,2025-01-18T14:17:24,253,"-75.8808845,-137.555495",English
aeb9b2b9-5437-4878-a6d4-70202b45b87a,Field all time address where.,moyer.org,HR,3250,yes,no,mobile,Opera,2025-02-09T09:01:49,498,"10.0276075,72.515478",Japanese
8f34eade-bd19-4c7f-b5cf-4f390b5390c6,Civil news easy site mind to shake.,hughes.info,Sales,7634,yes,no,desktop,Edge,2025-02-04T20:15:37,125,"-5.239304,-170.321203",Spanish
0873df9b-0e42-4770-919e-c47c9a758161,Reflect concern half who year surface experience big.,rodriguez.com,Sales,881,yes,yes,mobile,Edge,2025-03-25T11:05:57,218,"-25.288145,52.468616",English
9022b969-9267-4cbc-a968-df9a37980e92,Personal anyone former expert community seat.,bishop-hernandez.org,IT,4082,yes,no,desktop,Firefox,2025-02-19T03:03:35,203,"88.684126,61.710430",Spanish
80a229c1-bc04-411a-8f23-cd7832f5dc01,View fund ask decision leg.,smith-ortiz.info,Finance,565,yes,no,desktop,Opera,2025-02-28T09:59:46,110,"89.3379805,-35.955276",English
512ace84-d2a2-47e6-842a-8ce6792d102c,Visit up maintain why team natural view.,kline.net,Operations,8184,yes,yes,desktop,Firefox,2025-03-18T15:45:02,439,"46.2227385,-90.896530",English
a7e9bcc9-ffec-4e92-bffa-1194b4597774,Former feel shoulder happy space when water.,clark.biz,Marketing,5441,yes,yes,mobile,Chrome,2025-02-19T06:48:00,304,"-51.9265225,-77.606065",Japanese
3584baa4-0300-483a-a05f-402d58f6b3dc,Other none six door kid who.,shaffer.org,Operations,7072,yes,yes,desktop,Opera,2025-02-19T16:51:06,136,"-69.3556585,66.506463",English
418a0298-e4f4-43e1-9be2-d873d259a71a,That then source serve media.,hernandez.com,IT,5631,no,yes,desktop,Chrome,2025-04-02T23:34:28,390,"44.3048025,16.671438",Japanese
946b3538-27fd-4880-bfe7-dfeaa35040f8,Fish scientist summer growth apply left say.,kline.com,Sales,1888,no,yes,desktop,Safari,2025-02-21T13:54:04,170,"-66.180900,35.423213",French
2c916c25-33cd-498b-8516-d7d70a94a619,Place involve message population often morning.,sanchez.com,HR,6279,yes,no,mobile,Safari,2025-01-08T04:52:00,473,"30.6926825,-68.902135",English
16ae9d8b-573f-4198-84ce-e66850af61fb,Water choice task dark maybe.,ortega-smith.org,Marketing,7581,yes,yes,desktop,Firefox,2025-03-09T07:08:14,380,"-63.7440845,52.401985",German
e881087e-0cfb-4437-a7d5-9d15602570ea,Yeah black career threat person.,casey.com,Operations,4245,no,yes,desktop,Firefox,2025-03-27T18:01:02,101,"-67.494592,113.085155",German
4af40efd-e577-480b-8534-439f2b496665,From best maintain whether.,powell.info,HR,4572,yes,yes,mobile,Chrome,2025-03-28T09:53:14,466,"11.184938,-134.424224",Chinese
49378fcb-3329-477f-88ad-fd4f9d140426,Product crime collection.,andersen.info,Marketing,1657,yes,no,mobile,Safari,2025-01-15T01:08:45,490,"85.9550825,42.054357",French
e79a37ec-5afa-42e7-aad3-e9e0717d8f1d,Lead only blue activity role stuff.,rodriguez.com,Operations,1262,yes,yes,mobile,Firefox,2025-03-23T06:24:26,122,"50.626593,-42.374606",Japanese
036f1ca1-134f-481f-aa15-974a033756b7,Recognize visit score sell.,scott-parker.info,IT,1602,no,yes,desktop,Chrome,2025-01-13T21:13:28,562,"59.4390265,-55.388232",Chinese
a44436cf-d337-4bfa-a4d0-b025961af35c,Else scientist leave north safe serve school common.,becker.org,Finance,2192,no,yes,desktop,Chrome,2025-03-17T02:56:33,315,"74.7507255,-102.637987",German
4dbf4f5f-5989-4693-a9cf-13876f20d72d,Service heavy process and.,young.net,IT,9827,no,no,desktop,Edge,2025-02-09T16:52:11,426,"60.1526745,-143.476129",Spanish
e4353c90-890d-429e-87d4-a2fa5497ac70,Section once subject learn while north.,mcbride.com,Sales,4834,yes,no,desktop,Chrome,2025-02-10T12:30:36,304,"-76.5445155,51.918893",Spanish
a188b4fe-c996-4aa3-986f-8ce209191ad9,Much discover weight participant approach.,gomez-lopez.com,HR,1982,yes,no,mobile,Opera,2025-02-22T08:00:48,431,"-48.1953215,-131.968882",French
ec50e674-d2ad-44d9-9903-81b921f4cb5f,Set room enough particularly.,fry.com,Marketing,1566,no,no,desktop,Edge,2025-03-23T01:28:11,224,"-73.524818,-19.632017",Japanese
16269f98-25d7-4a1d-b6db-9c249ca2991f,Operation support whom.,ramirez-burke.org,Sales,7283,yes,yes,desktop,Edge,2025-03-20T09:11:28,377,"88.9584745,115.341466",German
63a865ff-0790-4652-8849-31c571419fb7,Nor effort until improve.,andrews.com,Marketing,2221,yes,no,desktop,Chrome,2025-01-13T01:32:44,134,"20.093293,-8.886043",Spanish
b3e9da7e-eacf-4070-a755-8924445000ea,Issue wide center break body citizen clearly.,walker-nelson.com,Operations,8884,no,no,mobile,Safari,2025-01-21T11:56:45,133,"87.6162925,-23.780186",Japanese
6ba8fb3b-a451-4ab9-85bf-20afecd4e632,Civil responsibility work college because approach early tough.,warren-jackson.com,Sales,1867,yes,yes,mobile,Safari,2025-01-24T02:36:11,343,"-36.1890095,10.993026",Spanish
22b9bdbb-d7ae-49f2-80f2-6668f7b3d83b,Help experience positive old.,waller-frazier.biz,Operations,7117,yes,no,mobile,Firefox,2025-01-26T22:23:42,35,"-81.6588385,-39.874386",Chinese
f822146f-1930-49a9-8d4e-3400fea1e19b,Item beautiful know industry carry.,craig-walker.com,HR,7009,yes,no,desktop,Safari,2025-01-01T21:21:23,422,"35.430541,58.665274",Japanese
ef0c4e71-1544-4649-b4c5-60ea7b2b02dc,Person baby talk follow.,mejia-sanchez.com,Finance,953,no,no,desktop,Opera,2025-03-01T01:39:27,262,"73.8026795,-68.791246",English
101670e8-cb99-4ebe-a1b0-be3247f77afc,Perhaps them of project major.,jennings.com,IT,4720,no,no,desktop,Opera,2025-01-05T16:05:16,203,"42.1943235,98.203935",Spanish
62b50d02-b66f-433e-8834-5376effb2249,Guy industry wear mouth present remember.,williams.com,HR,1839,no,no,mobile,Firefox,2025-01-25T15:59:29,560,"-21.852955,-144.475547",French
b9f2a143-d2d4-4d89-9fc1-73c4d8891362,Discuss somebody word.,johnson.net,Finance,7505,yes,no,desktop,Safari,2025-01-20T00:32:40,121,"27.5063145,74.936409",French
75b493e7-7c1d-4a84-883c-6bdec7b6918b,Feel moment off think up prepare appear.,brown.net,Marketing,7254,yes,yes,desktop,Opera,2025-02-22T20:47:02,285,"53.240322,-82.993806",Japanese
9bc35b69-a99f-44fd-a421-3fc6283f8f14,Office by tend wife source pretty.,jones.biz,Finance,5645,yes,yes,mobile,Safari,2025-02-10T12:01:22,506,"56.335508,-1.026537",Chinese
dee96d5c-1acd-448c-85df-20acbae0f0ad,Also management find nice determine send society buy.,adams.biz,Finance,971,no,no,mobile,Edge,2025-03-23T20:48:04,303,"3.890671,-154.912559",French
886edbaa-78f6-4d69-9f5d-5f5dc5ae2a9c,Because goal brother support.,cameron-brooks.org,Sales,9261,yes,no,mobile,Safari,2025-04-02T14:28:32,438,"-24.2023935,143.657752",English
42f1d450-32cf-49c8-a456-169539804715,Season Mrs board collection store drive.,powell.com,Operations,2157,no,no,mobile,Chrome,2025-03-09T16:14:07,55,"-32.141161,-91.116497",Japanese
d994bf98-a2f5-417a-a023-0b1bd6652868,End evening husband star alone matter lay administration.,murphy.info,HR,7172,no,yes,mobile,Firefox,2025-03-19T18:52:20,192,"29.0073505,-60.593411",French
872c9056-f626-4c7e-b1e7-1d43824f8b94,Too amount energy crime a.,campos-morales.com,IT,7354,yes,yes,desktop,Firefox,2025-04-04T05:38:53,258,"-76.023083,102.439367",German
55290ff7-4bf3-4594-b569-ebf7643e0a37,Ten suffer step full heart knowledge.,johnson.com,Sales,9101,no,yes,mobile,Opera,2025-02-07T14:38:27,496,"-27.406554,-94.328451",Spanish
dbc0a472-963e-453d-9d86-f34d73bd05b6,Bad scene seem keep although story.,morales.com,IT,3689,yes,yes,desktop,Chrome,2025-03-30T10:09:03,328,"-20.822666,-69.659619",Spanish
8af9bcb5-7282-4bff-bd3b-6902444cc0cf,Look school institution per.,hopkins.net,Finance,9691,yes,yes,mobile,Chrome,2025-03-13T08:51:20,483,"-70.329473,-73.031555",French
7e2b1fe6-cd32-443c-8d72-4e9673f4c293,Rule successful course.,gutierrez.com,HR,7695,yes,yes,desktop,Chrome,2025-01-01T08:42:19,142,"79.4556095,169.858276",Chinese
08d5fe23-89b2-48cd-994c-2c1391cd2f71,Not seem defense early fund.,patrick-evans.com,Sales,3936,yes,no,desktop,Edge,2025-03-04T21:17:59,41,"-6.4999555,138.962040",Spanish
15ab2982-32a7-4247-a531-bb87f8e9d10e,Prevent performance field.,blake.info,Operations,5585,yes,yes,mobile,Chrome,2025-02-16T13:16:04,201,"-2.331085,-99.716626",French
263f73ac-8832-478b-8fa4-abee73c5885c,Effect by firm.,gonzales-stein.com,Sales,3504,no,yes,mobile,Chrome,2025-01-14T06:33:25,507,"-86.672573,15.015233",Japanese
5e3ae0b8-048d-44eb-977f-29736f40c407,Hundred wall with hour.,gutierrez.com,IT,3673,no,yes,desktop,Firefox,2025-04-04T05:26:53,369,"-54.7029875,149.280950",German
b6856760-98ff-4dec-bd95-19e4e41b9a26,Nearly money institution wind one example.,parker.com,HR,4727,yes,no,mobile,Opera,2025-01-04T21:10:47,312,"-31.572626,-44.373288",Japanese
154f5c6c-a793-4f4b-8c8b-4c2bc043f051,Smile value off late forget wish project.,blanchard-gonzalez.com,Finance,9680,no,yes,desktop,Safari,2025-03-08T13:45:44,23,"15.1862895,2.725585",English
e82fb464-590b-473a-9119-241572079906,Set blue later let.,hendrix.com,Finance,5682,yes,no,mobile,Firefox,2025-03-15T06:17:31,227,"51.581194,-32.970281",Spanish
ffb421f3-fc27-45e7-9363-b189b7280e0a,Lay scene garden state gun individual.,wilson.com,Operations,2075,no,yes,desktop,Firefox,2025-01-10T20:03:15,328,"75.854816,-78.369254",Chinese
afbefd27-3cf2-4b74-b3cd-93e419315b59,Lead dream director despite clearly prove.,wilcox-baldwin.info,Operations,1179,no,no,desktop,Firefox,2025-02-18T14:50:47,561,"-38.2450525,58.852537",Spanish
ec34707a-a02b-4b1e-9921-d35f57190a74,Night newspaper will item development.,allen.org,Marketing,3632,yes,yes,mobile,Opera,2025-01-01T22:08:11,428,"-63.175208,-16.256685",Chinese
cebc1bd0-0b84-4e6a-be34-60c703d2b3ed,Bring ever official bring baby degree.,bell.com,Sales,4988,yes,yes,mobile,Edge,2025-01-09T20:19:22,339,"54.667148,-41.245025",Japanese
d1912d34-6eb4-4524-b374-054c8f58471b,American rate may bag my produce year.,sutton-johnson.com,Marketing,5556,yes,yes,mobile,Edge,2025-02-01T08:10:00,584,"-2.401644,-33.488568",English
6c27d7f4-d9af-4453-bbed-5aec4f2e8dd5,Father would result.,johnson.com,IT,3836,yes,yes,desktop,Firefox,2025-03-17T01:51:33,443,"-83.7118925,78.985982",Chinese
5e86f7a6-7982-42ad-8374-352457d15e97,Table father first study same.,norris-rios.biz,Operations,8175,yes,no,desktop,Chrome,2025-01-10T08:04:48,210,"-34.741112,89.834626",Spanish
543f2673-caf3-4baa-9d16-394d4d78fa0f,Often knowledge also difficult music choice.,davidson.com,Operations,988,yes,yes,mobile,Safari,2025-02-07T07:03:44,373,"-57.499050,69.678728",French
49ec7fef-fda3-42f6-9c78-53d2066d2187,Bad possible area skin meeting away.,larson-lee.com,Finance,9336,yes,no,desktop,Firefox,2025-02-24T05:01:06,550,"29.175188,-85.107164",English
49001551-9164-439c-968a-38469ddd060b,Care develop carry shake necessary.,smith-rosario.com,IT,7488,no,no,mobile,Firefox,2025-04-01T13:30:40,489,"30.717329,-76.390827",English
390b4af3-0926-424e-bc29-2482ef439009,Course year pass per administration turn.,gonzales.com,Sales,1553,yes,yes,desktop,Opera,2025-02-11T11:33:41,419,"75.4476335,97.007324",German
9a5b9bc0-975f-45d7-b288-300c123a0bca,Writer thank continue answer.,day.net,Sales,1138,no,no,mobile,Firefox,2025-01-22T21:03:09,240,"-38.279431,152.303542",Chinese
1d0be8d4-b57a-44d9-b74a-f440699ad04d,History daughter nature take right foot perform.,wells-beard.com,Sales,4918,no,yes,mobile,Edge,2025-03-16T04:51:38,179,"64.8711585,-16.851841",Spanish
08701985-2d60-413d-a029-ea8cbc6112f6,Task difficult mean agent rest mouth.,castro.com,Finance,3389,no,yes,desktop,Edge,2025-04-01T22:35:31,381,"55.7483245,-74.971549",Spanish
25d6bc9d-5ff9-44a5-a709-da30086873dc,Same model generation industry.,perry.net,IT,2238,no,yes,mobile,Chrome,2025-02-04T03:30:50,102,"14.9375385,-57.191298",French
260dce3c-62e8-4e54-86d7-40158ad09c71,Authority bring develop floor history shake.,travis.com,Operations,2534,no,no,desktop,Safari,2025-03-06T00:41:16,582,"-87.302500,143.195871",French
f3d27b49-7d98-4f96-b5ab-0f8d3a7b45ec,Prove statement speech.,whitney.biz,HR,4857,yes,yes,mobile,Opera,2025-01-15T05:40:23,227,"-20.6221615,-172.666067",English
664da6c9-fe12-4204-a043-969280dc6e7f,You bar message technology always major forget.,shannon.com,Sales,2922,no,no,mobile,Opera,2025-01-28T13:01:50,451,"-33.968853,-156.213496",Japanese
74a4d7f5-4163-43e2-9a39-4f18dab7af39,It religious western war least thank.,graham.info,Sales,4162,no,no,desktop,Safari,2025-03-20T04:34:51,136,"41.272391,53.438627",German
434d53b6-c38e-4332-8e9e-98517a532e83,Perhaps mention suffer range.,sloan.net,Marketing,6708,yes,yes,desktop,Firefox,2025-03-07T13:57:46,310,"87.9920485,49.629137",French
f4716da6-84dd-43a3-9232-2d00d7fceb39,Everyone catch friend low or.,shelton.com,Operations,8582,yes,no,mobile,Edge,2025-03-26T14:39:07,281,"65.451897,-22.997373",Japanese
bada2480-326f-4118-8391-14695570db2b,Customer staff body teacher hit.,bryant.net,Marketing,6674,no,yes,desktop,Opera,2025-03-27T12:52:17,244,"48.9936885,24.671466",Chinese
ae59cf84-4d93-4227-9fea-455c0c22ab13,Stuff behind whether act.,richards-rowe.com,IT,934,no,no,mobile,Firefox,2025-03-02T19:53:10,273,"-40.4143435,-126.561931",Spanish
6746d760-c9a4-4900-bdeb-6b9e03849f85,Will employee dinner usually foot media.,acosta-barker.biz,Finance,7280,no,no,desktop,Firefox,2025-01-02T02:24:51,33,"-87.9352775,-0.374131",English
2bd6a4ab-282a-455b-a4c9-163a59d1caf8,West many maintain data.,willis-hill.com,Marketing,6565,yes,yes,mobile,Edge,2025-03-01T09:38:14,315,"-18.325084,-110.989209",Japanese
f87f0dfa-6815-4312-94d3-d9b702b5e74d,Enter before officer many let.,davis.com,Operations,3803,no,no,mobile,Opera,2025-01-30T04:40:31,291,"-67.003070,84.396473",French
cdeedd55-ac7b-4c38-9145-7e13e5fca391,Interesting partner notice I treat.,johnson.org,Marketing,8782,yes,yes,desktop,Opera,2025-02-14T00:15:42,298,"19.758040,90.033926",German
c8cfe112-73ca-4c8f-8495-6e000519d83d,Strategy just business experience clearly.,hall-taylor.com,Finance,2471,yes,yes,mobile,Edge,2025-01-17T09:53:33,311,"-79.464590,-138.180348",English
b38dc5ee-529f-4128-a3ee-a71276cab3f7,Anything record site again relate.,stevens-rodriguez.info,Sales,8263,yes,no,mobile,Edge,2025-01-21T17:58:28,277,"28.425864,128.711581",German
a7428a0a-73b6-4630-9611-94312d524ed3,Determine environment role student voice compare.,cox.com,Marketing,6073,no,no,desktop,Opera,2025-02-10T14:24:03,559,"84.6043655,-179.313625",English
a7e0121b-c85c-4695-8c84-ec87094df31c,Such over suggest star south.,davis.com,Marketing,8515,no,no,mobile,Chrome,2025-02-07T06:58:42,510,"-77.064670,15.681457",Chinese
0cd8a96a-23fb-4b5d-9779-a02c49a6ea65,Hotel listen either.,downs.com,Operations,7439,no,yes,mobile,Opera,2025-02-14T22:20:48,485,"61.3353815,175.900827",Japanese
757d6168-3d86-4a23-851a-f8a8d2930c04,Box teach place assume care fight take.,stevens-ball.info,Marketing,6423,no,no,mobile,Firefox,2025-02-03T04:31:52,455,"-16.360630,-54.609064",German
062848bb-dfcc-4f1e-b123-fe83fbb9af14,Yourself small girl free series.,dean.info,Marketing,8096,no,yes,mobile,Chrome,2025-01-16T06:17:54,455,"26.0801645,16.289414",Chinese
37c3aabb-402f-47a0-bb8c-82e8cf17fd9d,Look role defense although knowledge firm scene.,crosby.com,HR,5963,yes,no,mobile,Safari,2025-01-28T00:39:59,562,"40.4424525,-69.385211",English
ddb26af5-a04b-48e8-8851-d70b91353b90,Hit service consumer to environment land college.,joseph.com,Marketing,4221,no,yes,desktop,Opera,2025-03-17T21:14:24,57,"32.442218,131.448582",Japanese
41811cb2-9b6a-42d0-bf11-e059c10679ea,Coach this skin certainly response machine energy increase.,ford-wells.com,Sales,3068,no,no,desktop,Opera,2025-02-16T18:24:32,419,"-6.0928195,120.383176",Spanish
498afe05-96f4-405f-8a97-c00e93bae04e,Place hot grow arrive.,pena.com,HR,6260,no,yes,mobile,Safari,2025-01-06T09:02:32,476,"-15.0369355,-142.359411",Chinese
fc4ee0de-2b85-4e1b-a85e-9179a9f46da4,And unit important child morning interesting condition arm.,fisher.com,Operations,1921,yes,yes,desktop,Edge,2025-03-05T05:22:25,444,"30.5619055,36.637365",English
b1d4958c-0d97-4b49-b3c5-c2282e8be884,Conference level form.,palmer-jackson.com,Sales,1452,yes,yes,mobile,Opera,2025-03-26T15:21:50,245,"-43.6996155,-82.763894",Spanish
e1de33f2-583e-490c-9065-23575637a1cd,Write purpose suggest section.,lewis.com,IT,8108,no,yes,mobile,Edge,2025-04-01T13:28:24,590,"-34.529244,-153.888839",French
6bc15cc6-f12a-4697-8172-ecae563c67ed,Treat organization hand father.,nunez-edwards.com,IT,2348,no,yes,mobile,Firefox,2025-03-24T06:17:29,472,"60.798762,-117.999194",Chinese
95574b75-1c39-4f66-bfed-cf8fecbe5a8e,Put use daughter job.,chapman.com,Sales,3191,no,no,desktop,Edge,2025-02-19T18:42:32,453,"-59.649781,128.581780",German
77313c9d-7f0d-4a40-8f86-7b9a428e4bd0,Perform until only explain choose else theory.,reilly.org,IT,9393,yes,yes,mobile,Opera,2025-02-17T12:12:34,58,"-79.4549545,-15.756915",English
e7d7da55-3545-4c69-8c8c-754fbb3e762f,Material usually choose everybody lose culture.,harmon-robles.com,Marketing,2260,no,no,mobile,Chrome,2025-03-12T17:05:21,316,"88.056303,117.520388",French
04d128c1-3be4-4c30-b33c-58c6f1ad221a,Others of card agreement main.,norton.com,Finance,9990,yes,no,desktop,Edge,2025-03-12T10:54:45,422,"-10.817278,-87.824238",German
e6ddbff5-3f42-412a-b9a8-a90bf1facb45,Stay skill family.,smith.com,Finance,4579,no,no,mobile,Edge,2025-02-04T08:04:55,395,"-62.1788375,-19.229321",English
10df3d85-0a34-4c60-8c2e-18ccbac5bbfb,Movie strong grow.,murphy-marshall.com,IT,3022,yes,no,desktop,Chrome,2025-03-19T22:03:15,588,"-14.923160,43.220282",Japanese
077b1743-d8ec-4f6c-aeb8-5d68872010eb,Reality traditional simply officer score rich case.,wood-campbell.com,Marketing,567,yes,no,mobile,Firefox,2025-02-13T03:45:01,420,"-14.4696845,-46.676841",German
b5c8d814-4d13-42aa-8568-de8029aff5ee,Any after again member situation modern.,williams-chambers.info,Marketing,4878,yes,yes,mobile,Chrome,2025-04-03T01:05:56,580,"8.402407,70.116297",Spanish
b2a42300-9203-4817-a198-5bec54462d40,Onto cell involve task into.,jackson.com,HR,4407,yes,yes,mobile,Edge,2025-01-01T09:58:54,162,"-20.115731,-145.085871",Japanese
f3bfe904-404e-4ec4-9645-7232e5d08b19,Decade floor short officer provide.,cook.org,Finance,2732,no,no,mobile,Edge,2025-01-03T11:50:46,311,"83.5938845,-101.052175",German
0ab79a44-c210-432b-90d6-e21359f4c983,Congress place build consumer court kind western.,garcia-blair.com,HR,793,yes,yes,mobile,Edge,2025-02-05T11:58:05,247,"77.2889535,179.625963",French
222c442e-b27f-4940-90c4-a0c07ccd70ef,Inside paper movie life rest line push industry.,townsend.net,IT,3467,no,yes,desktop,Edge,2025-03-02T23:09:27,118,"-23.421771,-14.095148",English
b459b634-9429-474d-b694-611fce6c8c43,Perhaps receive sit matter church.,moreno-aguilar.info,Marketing,8678,no,no,desktop,Opera,2025-03-18T01:34:47,124,"88.1652605,-35.829193",English
16794aa6-ad6a-484d-849f-52b0b6a94976,Her more push become pass close.,rodriguez.com,Sales,4059,no,yes,desktop,Opera,2025-02-09T13:22:58,240,"74.779911,-124.262647",Japanese
63daa8b9-5579-4a52-a9db-cea04d7910c0,Back commercial wear along physical.,andrews.com,Operations,4668,no,yes,desktop,Chrome,2025-03-04T09:58:34,91,"-4.416675,110.597463",Chinese
ac2517c5-6498-45e1-8c67-db7f362a7583,Law soldier here.,kelly-nunez.com,Finance,8225,yes,no,desktop,Opera,2025-02-19T20:00:28,12,"84.7819175,-39.085478",Chinese
ebd8c7ab-984e-4f3d-a20c-d7cfa4ec82e8,Middle feel experience benefit center whose century.,watson.com,HR,7380,yes,no,desktop,Firefox,2025-03-02T18:09:20,591,"-4.287054,115.571284",English
086de57d-14da-4883-b6b6-012fea3dbaf4,Middle attention whatever sense anything plant career executive.,faulkner-garcia.biz,HR,2436,no,yes,mobile,Firefox,2025-03-05T05:39:50,530,"-40.1788865,149.340932",Spanish
6a8006e8-1c08-4694-b374-d4e395a40a36,Crime action speech there.,lopez-berry.com,Finance,8299,yes,no,mobile,Chrome,2025-02-19T00:50:19,199,"-40.683967,-46.936894",Chinese
7aa1b54e-dde1-4d07-a0c2-2ce5c9eccdee,Serve kitchen call health yourself picture.,ramirez.net,IT,8836,yes,no,desktop,Firefox,2025-04-03T17:47:14,427,"2.4973895,167.641554",English
5521bfd4-cb2c-42d6-ac14-fd24dd500c1b,Word man glass item.,farrell-osborn.biz,HR,9320,no,yes,desktop,Firefox,2025-03-05T11:55:58,360,"-57.8814655,-174.474274",English
77790ca9-7d11-4da8-8eac-46ae4525a9fd,Cut success want sign keep reveal star.,lewis.biz,HR,4284,yes,yes,desktop,Chrome,2025-02-18T22:47:12,492,"-13.9870115,-141.951026",Spanish
08bc090c-9178-4b3c-b791-7cb738581f34,Recent age defense expect visit court.,fisher-miranda.biz,Finance,9065,yes,yes,desktop,Opera,2025-01-28T16:26:10,494,"83.2942535,-71.989478",Spanish
accf0778-be41-4ed3-87bf-5a573a291592,Meeting least senior movie bar house worker.,king.com,Operations,3445,no,yes,mobile,Safari,2025-01-18T21:40:17,592,"-54.963002,166.102395",English
4d12f2a9-48dd-4000-8168-9d2a2eb91862,He analysis value financial dream.,harrington.com,Marketing,8557,no,yes,mobile,Chrome,2025-01-10T15:59:48,137,"81.091861,62.888075",English
17408a1e-c346-4b7b-9c5a-f3cf0308a020,Inside Congress argue everyone event me subject.,griffin.com,IT,2646,no,yes,desktop,Chrome,2025-02-27T11:27:46,536,"-88.4211735,-70.448861",Japanese
45e79c21-b38b-4d7f-8a5e-6628587cc435,Red mother lead foreign.,atkinson-wood.com,Finance,7086,yes,yes,desktop,Chrome,2025-02-04T10:11:42,161,"-0.640320,152.077646",French
3beeb8fc-3a7c-4719-adeb-7745f9b2bf6d,Small blood per science voice design.,hughes-phillips.com,Marketing,8571,no,yes,desktop,Opera,2025-03-28T09:57:00,279,"-54.1125845,10.254363",Chinese
695b0af6-bc5c-491f-84ba-c93efba5cfa4,Born go prove past live discussion assume.,reyes.com,Finance,6671,yes,yes,mobile,Opera,2025-01-03T10:58:06,533,"-4.8557495,163.975896",Chinese
f6f40a0a-908e-41c4-acca-f2886c9ff38a,Student coach find pressure financial.,graham-rios.com,IT,1507,no,yes,desktop,Safari,2025-01-25T11:03:08,497,"39.204439,-120.537656",Spanish
0a08f62a-337a-4063-bbdf-2acc3f7992e7,Management kid account tell throughout environment.,wagner.com,IT,876,no,no,desktop,Safari,2025-04-03T14:36:21,545,"67.4208475,52.052193",English
e81211b7-bbbb-44b6-9631-653e96a47efd,Wear win receive main think radio money.,zamora.biz,Operations,4732,yes,no,desktop,Safari,2025-01-19T12:51:24,405,"56.047908,-76.982926",English
f2a2daec-7805-44e7-b548-f16ccfcb4232,Beyond miss subject during.,burns.info,Marketing,1810,yes,no,mobile,Edge,2025-04-02T07:26:19,340,"-47.2027225,19.554549",Japanese
612e085a-85c2-4eb5-82a6-4561355ca7d1,Catch actually you realize list realize.,smith-kennedy.com,IT,860,no,no,mobile,Opera,2025-01-26T08:16:29,390,"59.228585,-142.219290",French
df9d0430-5e8c-4e24-a5b0-57386f4aba68,Often serious hard son.,sullivan-webster.com,Sales,1292,yes,no,mobile,Chrome,2025-02-25T09:25:28,81,"37.1211805,63.706787",Spanish
0e808eae-de29-4651-91c0-9b061b3534ee,Explain condition support land town heavy outside.,duffy.com,HR,9912,no,no,mobile,Firefox,2025-01-07T19:36:59,157,"-5.776561,141.540552",German
e989b8d0-1fd1-4ea9-a7d1-b4844c29a0f9,Story firm race hold.,jenkins.com,HR,9817,no,yes,mobile,Chrome,2025-03-16T18:17:29,202,"43.698124,-61.123052",Spanish
e2b2fe9f-0a64-4a50-adff-25ec9f8b3785,Cover treat sometimes.,martin.com,Operations,7107,no,yes,desktop,Firefox,2025-02-22T00:04:55,36,"-63.5605325,-111.846283",Chinese
a26ec4df-4b6c-4d3f-bc6d-e00e2718c171,All because moment once.,farmer.biz,Marketing,5525,no,no,desktop,Opera,2025-01-27T12:45:05,88,"88.048666,-162.687392",Chinese
79053dde-5079-48df-bc6c-b12ea87a8239,Attorney player thus expect able.,brown.com,IT,1878,no,no,desktop,Safari,2025-01-16T00:08:24,208,"48.1091885,-53.873214",German
47ffb1bb-ee11-49cf-972f-354b04934bd0,Citizen certain anything.,murray.com,IT,9525,no,no,mobile,Edge,2025-02-25T22:35:21,597,"-6.2763015,-69.962010",English
3505ecad-f889-4136-9745-6399fe8b0218,Stock technology share glass right.,michael.com,Sales,2284,yes,no,desktop,Safari,2025-01-23T09:20:28,335,"33.023283,50.005051",French
549a6bfa-d6cd-4d23-80a1-4cf181754bc0,Mrs red young very mission.,pierce-matthews.com,Marketing,6525,yes,no,desktop,Safari,2025-01-13T04:39:08,417,"-27.6939645,-177.226774",German
12dfd994-0d1d-458c-8a00-8be0ea89b61e,Operation contain around develop but subject growth.,griffith.com,Operations,9166,no,no,mobile,Safari,2025-02-11T06:17:29,421,"18.2970265,-47.590283",French
9659ec2c-d16b-4d0b-afbb-88f2a10e44da,Ask husband town everything.,gonzalez.biz,Finance,4681,yes,yes,mobile,Chrome,2025-01-16T02:40:46,123,"20.465031,-86.275347",German
0174a420-ae27-44ef-a5ac-57da7501f76c,Beautiful maybe effort sister Mrs himself new.,lawrence-herrera.com,Marketing,3301,yes,yes,desktop,Firefox,2025-01-30T05:08:53,216,"-48.3720955,36.496313",French
3003add8-2cc3-4b31-9760-bf76b01ef98f,Small far foot near human employee agree.,solis-dudley.info,Sales,7270,no,no,desktop,Safari,2025-03-18T19:47:22,486,"-45.5959725,-163.918683",Japanese
415a4b59-aba4-40e2-94e1-9dc99568aaaf,Too already four really anyone worry four take.,smith-lynn.org,Finance,2869,yes,no,mobile,Safari,2025-03-18T19:59:38,213,"-81.120660,-164.769523",Chinese
af073e13-2779-43df-84b4-d954494518f5,Of always peace also surface day stay.,bell.biz,Sales,7434,no,yes,desktop,Firefox,2025-02-17T11:31:39,389,"-24.3693555,-24.611383",French
02a4e289-01b0-41dd-8d42-8bf207cfc895,Miss participant clear carry boy board wife my.,rowe.com,Operations,2607,yes,no,mobile,Edge,2025-03-27T06:38:09,317,"47.039373,132.195840",English
cdddd8ac-fc2d-4ba7-93cf-eb3db94e263c,Would easy involve yourself series.,armstrong.com,Operations,4695,yes,no,desktop,Edge,2025-01-22T07:37:07,480,"89.364373,73.454042",French
ff863032-8584-471b-911a-b2f994f9bce7,General conference east lose.,hampton.com,IT,7323,no,yes,mobile,Firefox,2025-01-29T12:07:40,557,"-25.285900,-132.831073",French
fdc8807d-625f-4fe8-b010-5d733e079cf6,Professor wear son language rather these fill.,hines.net,HR,5976,no,yes,mobile,Chrome,2025-01-13T13:56:31,408,"24.376209,-97.405133",Japanese
78bc1272-59b2-4fcd-9733-ef9ec2d3fc2f,Sometimes simple know resource only glass serious.,jones.biz,HR,2375,yes,no,desktop,Edge,2025-03-06T23:44:03,543,"-23.026761,-132.576037",Japanese
a75b59e6-bfb0-4ec8-8769-e82f6a68e434,Within animal born.,anderson.com,HR,3305,no,no,desktop,Opera,2025-02-26T05:25:12,432,"-87.8548085,-145.011149",Chinese
18f1ddfa-68a2-4ceb-90ab-60592ab2494f,Media west bank statement foreign I result general.,bryant.com,IT,9493,no,yes,mobile,Firefox,2025-04-03T12:35:15,441,"8.3837025,-27.108532",Chinese
df553ecc-3418-4575-82ae-1d40397b4257,Opportunity behind miss television family fall.,bryant.info,Operations,6537,no,yes,desktop,Opera,2025-03-19T13:32:06,309,"-65.2124545,-97.833885",French
0ef51da4-7211-416d-9172-93fdcfaa9192,Second bad how.,velasquez-rivera.com,Sales,1091,yes,no,desktop,Opera,2025-03-29T14:24:26,181,"53.467134,71.028458",Japanese
ebdcc2e7-3cb4-47ce-9b50-d7ff6e759259,Politics source more each on environment wrong.,thompson.net,HR,1946,no,no,mobile,Edge,2025-02-08T12:47:33,238,"-42.8367505,51.640557",English
e08c6558-838d-4e4e-98d7-dc76677dc49f,Inside fish time many rather author.,williams.com,HR,4082,yes,yes,desktop,Edge,2025-02-04T01:29:50,448,"-8.982648,10.226487",German
819ceaf2-eb90-4002-8e47-e555f44057f8,Build question than either gas.,peters-lopez.biz,IT,558,no,yes,desktop,Safari,2025-01-28T17:43:43,126,"19.4450145,-68.359304",French
125de89b-51c0-46d8-8984-5199f91a041f,Remember church available land hold thought.,york.com,IT,5888,no,no,mobile,Safari,2025-03-27T00:20:09,367,"-20.8286935,142.413131",Spanish
ecbe0980-4f51-4a4e-9c3b-e31bc88b442d,Read yeah position challenge.,curry-carroll.com,Operations,3917,yes,yes,mobile,Firefox,2025-03-21T09:10:09,23,"-37.064353,21.799462",German
2087b4b2-f144-4657-abdd-37c45ccd250c,Give customer check discussion put feeling.,garcia-thompson.com,Marketing,2014,yes,yes,desktop,Firefox,2025-03-14T12:20:03,14,"75.0594285,6.475618",Japanese
ebb7d318-dc04-44a0-bf86-ed9c02f92a2d,Bank maintain where painting market one indicate four.,summers.com,HR,1239,no,no,mobile,Opera,2025-01-24T23:50:19,245,"-60.6603785,70.816595",Japanese
7724558f-f3a3-4852-af62-dd0247915b76,Place manager citizen challenge.,anderson-obrien.com,HR,1734,yes,yes,desktop,Opera,2025-02-10T17:43:51,527,"-16.698063,84.569702",Spanish
ab6ecbdd-6165-4fc2-accf-3bacca954ce0,Citizen top part create lay.,powers.com,Marketing,2605,yes,yes,mobile,Firefox,2025-03-15T20:25:05,553,"87.4135225,-56.685514",Japanese
8809baa1-a3fb-46d5-835d-0dab0641ba1e,Writer option kid receive state better.,torres-young.com,Marketing,8505,yes,no,desktop,Chrome,2025-03-07T09:42:21,100,"-47.3774325,108.474797",French
54b4d108-82f7-43cc-abcc-faf05b0258f6,Four near by world manage rule dream certainly.,gordon-henderson.com,Sales,7687,yes,yes,mobile,Opera,2025-03-07T17:25:24,115,"-32.983690,-59.800803",Japanese
88d60d8f-5499-4aab-9b91-599597dc0129,Including security lay outside full.,simpson.biz,IT,5085,no,no,mobile,Opera,2025-02-27T11:50:00,370,"48.0716875,-166.125184",Chinese
a9f9e047-4142-48b0-afed-e5daa5c68e9a,Care none activity picture station record.,allen-henry.info,Marketing,9200,no,no,mobile,Safari,2025-01-14T14:49:55,404,"-88.1720145,20.115187",Japanese
f13771a9-0500-4e99-880c-a9aaedbbb589,Instead letter front dark light statement reason want.,rojas.com,Operations,9165,no,yes,mobile,Firefox,2025-02-03T15:21:02,120,"-75.829655,0.948929",Japanese
c7cdfe42-08c6-403e-8a6d-0cd0981eb278,Cell cup suggest situation clear.,duran-smith.com,Marketing,2087,yes,yes,mobile,Opera,2025-03-28T05:42:28,451,"-1.4305305,-74.261313",French
347088a0-97cd-467d-8d5c-5050f80e634d,Glass early grow tend nation actually.,martin.org,IT,9822,yes,no,desktop,Opera,2025-02-19T06:35:11,376,"7.9093875,176.297782",Japanese
ec442796-c85c-4f81-9496-a48aa046e1d8,Million let court itself.,lopez.net,Finance,5862,yes,no,mobile,Edge,2025-02-08T17:06:25,306,"43.609482,-7.251483",Chinese
0a7986a2-bafb-453b-8563-adf0c988687b,Religious head car clear into majority.,luna.com,HR,9869,no,no,desktop,Firefox,2025-04-01T13:39:23,449,"88.2643795,-174.866345",Japanese
0c7043b4-031d-4356-9f5f-85e0a2a5d3a2,Manage father central least meet camera.,may-jones.biz,IT,4531,no,yes,mobile,Firefox,2025-01-27T13:33:55,362,"8.1838745,-96.947746",Japanese
f6e668ae-dfff-4eb9-8ece-f5f2c32f70c0,These bar guy wrong research.,hess.org,Sales,8553,yes,no,mobile,Opera,2025-02-06T00:36:18,125,"-13.2741055,158.459197",English
ab316ee3-a8a7-41f7-87e4-231a557443d8,Who mind worker matter.,munoz.com,Finance,9617,no,yes,desktop,Chrome,2025-02-25T15:34:51,150,"-27.2011065,-40.748712",English
9bf88dc3-ec32-4f51-9552-653026b99169,Professional half I fine get end.,lester-summers.com,Operations,9107,no,no,mobile,Edge,2025-01-24T10:27:39,382,"-12.1288345,76.742868",Japanese
679dcdbb-5480-44a2-a509-fc2d26eccdb2,Southern study reality boy.,flores-white.com,Sales,7207,no,yes,desktop,Chrome,2025-02-28T21:00:34,60,"20.941891,-14.165383",French
d80b5439-488f-45ff-aec6-c9b1b8ba0f7d,Simply hair up explain assume lose or.,aguilar-ballard.com,Finance,7165,yes,yes,mobile,Edge,2025-02-11T18:55:10,533,"78.5358885,73.599560",Spanish
535ccf8d-a215-403b-a043-2872bfc1e99d,Decide maintain realize account PM be almost.,parker.com,Sales,9710,yes,no,mobile,Edge,2025-02-18T14:51:24,450,"57.6114115,141.502876",English
f9488110-2cd7-4128-9b80-1933da65135a,News education down knowledge election imagine business price.,simmons-lindsey.biz,Sales,8037,yes,no,mobile,Firefox,2025-01-24T02:16:12,45,"7.141844,-116.375445",French
047c4204-6fad-4e5e-9d67-95d8c2d172f0,Economy main everyone parent far.,mullins-lloyd.com,Marketing,9000,no,no,mobile,Opera,2025-02-15T00:48:52,200,"37.521155,51.378153",Japanese
491307b1-2925-4397-86f5-88bc6e513143,Bring consumer guy article open.,schwartz-hart.com,Sales,8878,no,no,mobile,Chrome,2025-01-16T23:48:35,41,"12.9061855,52.658728",German
cdb1873c-2bde-44e2-b768-b53b75624f61,Save rock address worker.,frazier.info,Marketing,9248,yes,no,desktop,Edge,2025-03-08T01:54:03,202,"69.5015355,95.981663",Spanish
3e1984d9-3fcb-410d-9f62-ed4c13dec871,Research mouth local staff car traditional.,williams.com,Sales,2475,yes,no,mobile,Opera,2025-02-16T20:50:37,365,"-16.1392165,113.346766",Spanish
eac76d5c-218b-4399-bc81-3019064a3e65,Personal upon training sign.,warner-taylor.net,IT,3932,no,yes,mobile,Chrome,2025-02-23T16:38:18,427,"58.5587795,-135.643511",Japanese
8cfc1fb5-dd7d-4692-b831-ff29f4fe294b,Find central relationship science home return write wish.,jones.info,Finance,7385,no,yes,desktop,Edge,2025-02-21T09:09:00,269,"78.9378655,-103.329621",English
8de5efd4-45bd-4453-b3e4-509655ba7b44,Hand carry theory will reality once.,alexander.org,Marketing,2710,yes,yes,desktop,Safari,2025-04-01T04:51:24,123,"-30.7972825,-97.859151",German
10dbffa5-1542-4710-a830-0d35e98e5b5d,Same fire thought seem.,williams.com,IT,2341,yes,yes,desktop,Opera,2025-02-17T16:13:00,318,"-48.050229,-28.557504",English
b7123703-61a9-48ed-9482-a4d08a8e55dc,Common go dream building animal bed son.,parks.net,Finance,9162,no,no,mobile,Firefox,2025-02-27T22:02:42,496,"48.844985,-95.409320",Japanese
0a995f0a-8314-4aff-81e4-3ea3b386c2ac,Big stage say him.,larson-smith.info,Operations,9681,yes,yes,desktop,Opera,2025-03-20T20:39:26,407,"-61.691203,159.154571",French
9e5cdba7-a009-41d4-a8b9-2ea1119043af,Style across up.,craig.com,Operations,718,yes,no,desktop,Chrome,2025-01-27T12:39:52,327,"74.8398325,36.929111",Spanish
a4dc6291-a4a3-49aa-bce8-ee05e4e6e197,List name television yes industry.,savage-delgado.biz,Sales,1178,no,yes,mobile,Chrome,2025-01-13T21:01:05,486,"71.8779455,88.827436",French
97f1dd51-e9b8-42bc-9143-3b67c9627592,South coach between right condition peace.,young.net,Finance,848,no,no,desktop,Safari,2025-02-22T15:55:09,416,"-8.499693,-145.625855",Spanish
5b2a8f53-cb74-4c0a-84ef-145fd91d705f,Up fine model his green morning.,davis.org,Marketing,3840,no,no,mobile,Opera,2025-01-03T06:53:56,246,"12.506576,-168.778032",French
d065af9c-0c46-4e91-9dc5-9a6f264a52af,Music Congress determine lay.,jensen.net,IT,7858,no,yes,desktop,Firefox,2025-03-29T19:55:48,523,"-12.0254015,64.307757",Spanish
23da8bde-3775-4c89-ab3c-903d02e133e5,Sometimes local total letter film participant.,thompson-campbell.com,Finance,946,yes,yes,mobile,Safari,2025-02-09T09:10:31,75,"-6.3151585,146.617417",French
56d50660-394d-4590-ac8c-68f6a1a444ba,Provide machine guess American security.,hill.com,HR,6315,no,no,desktop,Edge,2025-03-23T03:33:32,110,"48.0267535,-74.842409",German
d8e2e01e-555a-4715-a969-1c554b26981c,Short movie pattern poor measure month public seat.,torres.info,IT,7021,yes,no,mobile,Firefox,2025-01-05T02:32:11,404,"5.5481405,-25.505573",Chinese
061bd712-7d88-4710-9ccc-e16f889a204c,Sense structure up across.,oneill.biz,Sales,3865,yes,no,mobile,Opera,2025-03-14T07:00:46,505,"-59.3305615,-25.548149",Japanese
9da4e1eb-27c8-47d3-8503-6e1d093b1a03,Find everybody side later return already road.,gregory.com,Finance,2835,yes,no,mobile,Safari,2025-02-03T06:48:52,347,"4.7055095,76.627894",Spanish
131d776b-35e3-4a2f-8591-14fc1bdf4df8,Worry marriage nice not.,wallace.com,IT,4318,yes,yes,mobile,Chrome,2025-01-30T02:43:30,554,"19.4380955,65.522403",Spanish
e73678ba-d355-47a3-902b-8c316319ca69,Grow arm daughter computer.,higgins-hoffman.com,Marketing,9711,yes,yes,desktop,Firefox,2025-03-07T05:51:11,596,"-81.9372765,-99.442166",Spanish
370f37c7-8714-4745-a799-79d6b2c74d27,Music particularly law southern language provide there.,graham.info,HR,5359,yes,yes,desktop,Chrome,2025-01-17T17:11:05,110,"-28.340358,41.064858",German
5218fcf6-1c31-4246-a2e9-2a4de2ee698b,Hit probably main.,garrison.com,Finance,8273,yes,yes,desktop,Safari,2025-01-10T10:14:45,439,"-72.8918565,11.397174",English
b6636df2-c970-4bd1-a53a-114242af1918,Catch wife seat west first.,buckley-solomon.com,Finance,9876,yes,yes,desktop,Opera,2025-03-30T17:45:00,555,"69.6479265,144.674413",German
abc9378e-4871-4896-a860-4ca2119f341b,Oil answer force everybody.,hoffman-wallace.com,HR,7604,no,no,desktop,Opera,2025-02-28T17:22:55,342,"-61.509792,-120.326531",French
91f07084-7738-4c08-b5f5-78f91fc0399d,Arm cut whose up detail the.,mcguire-nelson.com,IT,1324,yes,yes,desktop,Firefox,2025-02-25T01:24:55,549,"-77.610336,121.293508",French
6d04cf67-c0ed-4e82-b3eb-cbe5ee6281ce,Probably team firm national yard hotel.,peterson.info,Marketing,5456,yes,no,desktop,Chrome,2025-02-16T13:50:41,381,"-87.778068,-119.118464",Chinese
bc18807f-61d3-4dcd-b583-8275dc8436ca,Discussion western from join.,ramos.net,Operations,6966,yes,no,desktop,Edge,2025-01-08T03:45:00,175,"22.144578,84.070331",Spanish
b22fa944-3ccd-477d-8fd3-3b5c7a684382,Nothing economic discover main get need type.,gates-johnson.com,IT,2895,no,no,desktop,Edge,2025-02-28T15:36:46,14,"4.173293,-36.720482",German
1717447f-5c8e-42a9-ab4a-c9bbc3351c1b,Why if scientist evening deal item spend.,george-alvarez.net,HR,1172,no,yes,mobile,Edge,2025-03-10T02:24:54,57,"1.8977475,-28.764517",Spanish
f398007d-2568-417f-be5c-8bf710462703,Result rich threat ground specific learn.,adams-maxwell.com,HR,5447,yes,no,desktop,Opera,2025-02-06T07:32:55,230,"75.7076825,-36.135364",Japanese
6c048376-080a-4701-8afc-b6e50d40fcda,Base front government receive thank rather.,welch.com,IT,3295,yes,yes,desktop,Edge,2025-02-09T21:58:02,577,"30.7623665,161.970519",English
ad583953-2f24-42d4-8b85-a2e5e19771d7,Firm happen run show knowledge.,stevens.biz,Operations,1530,no,yes,mobile,Chrome,2025-02-08T11:44:35,447,"-84.853315,115.975982",Spanish
5f92c9ff-199f-4988-9d0d-ded2454fbf02,Reveal section parent paper director.,dudley.org,HR,547,no,no,mobile,Edge,2025-01-15T05:56:24,556,"27.115830,118.417034",Japanese
a2f2df85-3cdf-4f88-b7e4-0396e72cd9cc,Democrat woman world customer ten section dog herself.,white-olson.com,HR,4127,yes,no,desktop,Firefox,2025-03-09T06:04:26,534,"-53.618228,-64.175538",Spanish
ce9e7bf8-595f-4d5b-9360-38774098f571,Control scene out gas hold.,fowler.com,HR,4541,yes,no,desktop,Firefox,2025-01-02T13:13:34,52,"89.1901025,11.475170",Chinese
b555106e-6b2e-44ed-929f-f7f4d13fba07,Anyone crime movement forward kind either maintain.,harper.com,Finance,8983,no,yes,desktop,Safari,2025-03-16T23:24:00,269,"-11.030768,176.950808",Chinese
fa82d526-bb61-4f0b-9aba-ade4b34dba3c,Back member west send.,smith.info,HR,1547,no,no,mobile,Edge,2025-02-16T23:19:00,381,"59.676653,-144.715162",German
92958295-2630-487b-9a66-02e2f6fb33b5,School value defense so knowledge.,walters.org,Operations,1505,no,no,mobile,Safari,2025-02-17T06:15:30,472,"10.1639615,-166.409708",German
9cd4b957-e543-4a98-986d-e0cf5d3f98c2,Morning way cultural five ready look impact arrive.,andrade-sparks.com,Operations,6773,no,yes,mobile,Firefox,2025-02-21T16:59:16,68,"-6.498695,-1.967779",German
48927d80-5ca1-4654-a127-4a10c3b57286,Pull people stuff professor.,oliver.info,Finance,3348,no,no,desktop,Edge,2025-03-29T03:11:51,284,"36.449943,-52.524078",Chinese
d453734d-3382-4eb4-91ad-a90badcf8d18,Lawyer final thank mother how public really.,graham.com,Marketing,9983,no,no,mobile,Chrome,2025-03-10T21:32:16,544,"-46.2694195,-160.799763",French
2fff8db3-dcb8-44af-9fef-937be4a481c8,Fight draw he onto.,whitehead.org,Operations,9538,no,yes,desktop,Safari,2025-01-08T18:58:03,505,"23.869755,-99.404486",Japanese
03447b81-b59a-44b6-b591-0f68e1625ac5,Brother happy medical force.,rush.org,Sales,9172,no,no,mobile,Chrome,2025-03-09T22:30:15,235,"73.775618,-103.949505",German
80df3562-a594-4cf5-8b90-b7dbbfbff624,Read white these citizen.,sheppard.biz,HR,1190,no,no,mobile,Edge,2025-03-12T20:37:11,497,"-40.095324,-54.996296",French
135542d0-9ebf-4a65-a258-de830f03f1b5,Chance tax option financial.,benson.com,Sales,5199,no,yes,mobile,Chrome,2025-03-18T18:16:58,250,"89.8415865,-91.554008",English
507c618c-c804-4be7-86ce-1813ecc7656a,Free throw president plant or include then.,brooks-gregory.net,Operations,5881,yes,no,mobile,Edge,2025-01-01T09:32:48,294,"-53.951239,-141.976884",Chinese
ec7b46da-24b4-495b-802d-0be8539f6758,Baby each set again popular.,martin-andrews.biz,Sales,8420,no,no,desktop,Opera,2025-01-05T02:29:32,413,"-24.251216,87.061657",English
e4da3cb6-bcce-4eac-91b6-a06f58b91a8e,Meet suddenly believe lead final.,barber-hurst.com,Marketing,8059,no,no,mobile,Firefox,2025-02-03T18:08:33,255,"0.865259,85.694643",German
56b33912-fea4-4d23-b4de-68c9a909eb59,History perhaps far chair civil company person.,andrade-murray.com,HR,5100,no,no,mobile,Edge,2025-02-10T17:16:05,405,"4.9011465,56.562926",German
d17fb4e4-f1a3-4a69-80ce-0518e59e7100,Buy party effect involve among.,snyder-gonzales.org,HR,4403,no,no,desktop,Chrome,2025-01-16T18:31:18,92,"26.6217155,58.533636",Chinese
438fa697-3c49-4dfa-b3c0-d166e87b76c6,Dinner hair professor for thing big explain.,bates.com,HR,1365,no,yes,mobile,Edge,2025-03-10T23:17:06,523,"-82.9712355,-129.665663",German
b4fc54e5-5cc1-42bb-9351-0006b550f0d6,Either new will design tax traditional.,cunningham.com,HR,5663,yes,yes,desktop,Opera,2025-03-09T04:57:25,515,"-77.7445065,-83.237445",Japanese
ba9fb4f2-8f3d-4b79-96b6-d64a9770c7b1,Practice should door sign citizen.,grant.com,Sales,6233,yes,yes,desktop,Opera,2025-02-11T15:33:23,93,"17.727265,-91.293649",Chinese
9036f3b1-ecd8-40c1-bb62-468a449f9eab,Age teacher customer opportunity.,butler.biz,Marketing,6936,no,yes,desktop,Chrome,2025-03-13T13:40:03,124,"-53.174466,-0.719808",English
3abc5db1-5c9a-494c-8453-d20dbef19f6b,Use glass radio early rather blue.,woods-robbins.info,HR,7621,no,yes,desktop,Edge,2025-03-31T17:18:49,247,"-71.524368,126.449145",English
3d94f3e7-239c-4cb9-a59c-067e2275785c,Share report lose whose total.,jacobs.com,Operations,1822,yes,no,mobile,Chrome,2025-03-12T06:24:38,281,"14.3451555,136.629216",Japanese
af4edaca-1906-421f-8432-99deb40ccfc6,Talk successful mind mother factor him.,miller.com,IT,4944,yes,no,mobile,Chrome,2025-03-28T12:00:14,299,"30.106479,128.429819",English
ada2ac5b-30d6-48fd-909f-f24e1b0452ae,Professional animal mean.,ewing.com,HR,3318,yes,no,mobile,Firefox,2025-01-12T19:45:59,425,"55.2412685,83.264010",Chinese
4e3ff658-44f8-4084-9ffb-b5b0233f2a70,Able rock benefit.,moreno-rowe.com,Sales,8683,yes,no,desktop,Chrome,2025-01-22T16:03:15,568,"59.867792,-5.492588",German
272ba5fd-eafb-4cfb-99ea-fef5361a8b34,Industry then prevent probably relate.,jones.org,IT,9233,yes,yes,desktop,Safari,2025-03-16T02:08:01,89,"48.9287915,-176.546123",Chinese
3f9d08c1-a388-4376-b65f-22beb76b05c3,Place cup discuss sometimes simply rock.,smith.com,Finance,506,yes,yes,desktop,Firefox,2025-03-15T21:39:51,536,"43.394556,148.711557",Chinese
d45c8a88-6489-4eb9-9768-21f385593f41,Hotel others dark sister movie prove consider language.,crawford-newton.com,Finance,5520,no,no,mobile,Firefox,2025-03-22T14:22:54,581,"-32.3974095,-36.611054",French
50811ba7-36e2-45e9-be18-7b8b369c4c6c,Stop boy recently whole.,baker.org,Marketing,9321,no,yes,mobile,Safari,2025-02-11T13:12:26,515,"7.5816835,-60.335391",English
6418968a-2369-4684-b993-335bf0874415,Interesting kid its PM chair lot buy.,fitzgerald-baxter.net,IT,6270,no,yes,mobile,Opera,2025-03-16T11:35:00,542,"8.2233445,26.731202",Chinese
da4811ef-9ffe-4619-8865-486728ff0597,Figure wonder bit kitchen.,escobar.biz,HR,2577,yes,yes,mobile,Firefox,2025-03-12T19:45:27,433,"69.6718575,140.103016",Spanish
c0347db2-2b83-40ee-8360-457da8c2146f,Manage these subject dog condition similar type.,dixon.com,IT,2193,yes,no,mobile,Chrome,2025-01-06T19:25:29,145,"-21.6033065,9.495250",English
1b23e1d0-6a09-4bf7-97dd-c67423a28fdb,Business us then subject see series artist.,martin.com,Sales,8778,no,no,desktop,Edge,2025-01-09T02:30:19,575,"86.1045325,145.569646",Japanese
1786e354-3b17-43b8-a919-a671e9b77cfc,Energy table edge reason build that matter body.,hicks.info,Sales,7785,yes,yes,desktop,Chrome,2025-03-15T02:16:40,268,"34.5244775,-163.079198",Japanese
0fe3e23e-1cdf-4956-a824-79b186d8ba12,Anyone of fight.,carpenter-lopez.org,Marketing,838,no,yes,desktop,Edge,2025-03-07T01:41:49,383,"-8.9246665,-1.225921",French
02a56d86-d6a8-4d3c-97b3-aa573c5ff5ed,Technology television card until better ground.,mccormick.info,Sales,3533,no,no,desktop,Safari,2025-03-20T08:45:27,600,"54.9503555,-3.297382",Spanish
6c0a9dd4-0e2c-40fb-a154-e050c2a106dc,Reduce day trial.,hardy-green.com,Finance,4099,no,yes,mobile,Firefox,2025-01-15T21:30:28,579,"-14.118401,20.906783",French
48273f6c-11e6-407c-a010-468c8ae9e7a0,Career official game important out fine decision.,meyer-phillips.com,IT,9070,no,yes,mobile,Firefox,2025-02-05T09:57:22,480,"-48.767087,-122.073472",Japanese
2927a59a-f152-4f47-9172-a09cd25e12ab,Explain behavior agreement statement new maintain.,edwards.com,Finance,4076,yes,no,desktop,Firefox,2025-01-22T06:13:49,73,"26.363348,173.547918",English
248123cd-c84e-47d2-a09c-232b2ab4638c,Sit us throw back because traditional.,kelley.com,Marketing,4000,no,no,desktop,Chrome,2025-02-03T03:23:21,311,"36.7245375,87.047317",French
da14e0a3-366c-4fe0-a283-b7e6fc1200db,Walk several join too thing wall.,armstrong.biz,HR,2473,no,yes,desktop,Edge,2025-02-27T17:49:33,280,"24.4698325,-62.902737",Spanish
1f8f7d7b-cca0-4263-b22d-65a9826290eb,Success series book affect yet.,allen.info,Sales,7628,yes,no,desktop,Chrome,2025-01-16T08:45:54,375,"40.4963035,-110.243871",Japanese
0abd0c2e-1840-442e-b6bf-240d399aa29c,Likely ever change sound its.,hartman.org,Operations,7200,yes,yes,desktop,Firefox,2025-04-03T19:47:23,115,"-28.5678415,-26.355238",French
16136429-9995-4323-9411-d23e9891fce8,Left deep of into share boy tax.,hernandez.info,Operations,2678,yes,yes,mobile,Chrome,2025-04-01T18:48:23,30,"20.7383275,81.313230",French
764e04c0-e7be-48ed-8456-b117fade02f5,Feel friend market.,collins.com,IT,6097,no,no,desktop,Edge,2025-02-18T01:55:52,391,"-82.900728,30.007885",German
544621d5-bc52-4533-a80a-ca325dd814cf,Identify pay trip bank.,snow.com,IT,1299,yes,no,desktop,Firefox,2025-03-15T17:30:26,37,"0.7061685,38.271002",Chinese
7de9ca7b-ac6d-4479-a642-b9bd81984a87,Together brother unit foreign.,allen.com,Sales,6501,yes,yes,desktop,Edge,2025-02-27T14:18:00,108,"-43.0006215,27.418460",French
d32385a8-a5c7-4420-8098-695df2829635,Exactly time water institution now stage bag.,garner.net,Operations,7178,no,yes,mobile,Opera,2025-04-02T14:19:55,580,"52.902964,67.691822",French
d882bb4d-a946-43ac-b8b0-faf7dcf6c233,Rather early each board else research painting.,chandler.com,Sales,5190,no,yes,desktop,Edge,2025-02-04T00:39:04,360,"-4.3050685,-14.877716",French
907c5b82-1893-44f6-98ea-6f2718937031,Front very mind reality meet.,hernandez-ramirez.biz,Operations,4519,no,no,mobile,Chrome,2025-02-13T19:33:36,555,"15.852588,109.840905",Chinese
0f3f6255-e2fe-4c20-951d-fe07d60ef79b,Lay fund sport generation fall.,baxter.com,Sales,1843,no,no,mobile,Opera,2025-01-15T09:44:20,310,"-10.5595325,59.053538",French
13f214cf-a1b8-45da-84af-53fe319ad4ca,Officer simply wall allow.,jensen-robinson.com,Operations,1691,no,yes,desktop,Safari,2025-03-05T22:48:50,484,"-26.0869905,-141.541484",German
bfbc2d37-e43d-47ef-9307-c04a840f0038,Coach social prove about.,harris.com,Marketing,5381,no,yes,mobile,Firefox,2025-03-14T02:47:02,486,"8.8583625,88.595296",Japanese
a3b7c48e-dec6-4256-9d9c-0866705127e5,Across central mouth reality.,cox-payne.org,Operations,5225,no,no,mobile,Chrome,2025-03-05T18:15:54,491,"-63.411540,-50.930057",German
42ba0c4e-6410-410d-a2eb-a5a81b2a4476,Century nature hard throw per first off type.,ayala.net,IT,4610,no,no,mobile,Chrome,2025-02-01T02:30:50,237,"-59.954930,41.071086",English
ec5403b5-f6f8-4545-be8b-301fa6d2dd67,Heart line specific too network.,hess.com,HR,3061,no,no,desktop,Edge,2025-02-10T22:06:59,114,"16.9694485,130.172464",Japanese
bbb4ce80-5a97-4927-8f55-a8b955ccabd4,Or style approach buy sure.,schneider.com,Operations,4975,yes,no,mobile,Safari,2025-03-06T21:39:36,235,"-74.2355585,106.533024",Japanese
255c1423-2631-4e13-9888-1b4b87f843d8,Those race hope.,davis.com,Marketing,8291,yes,yes,mobile,Edge,2025-02-08T05:38:34,493,"-15.9485585,124.427659",Spanish
0b0aac29-60c1-41e7-9da0-94d763325792,Exist air fall check.,smith.info,HR,1777,no,yes,mobile,Opera,2025-02-26T12:05:38,556,"41.749715,87.471042",Japanese
54577121-740a-4d1d-97b9-cae436af56ea,Fight professional culture discover public.,hernandez-wall.info,Operations,2091,yes,no,mobile,Opera,2025-01-04T01:33:44,498,"-19.363399,-28.055321",German
1b02784b-96d7-49fa-8dba-3d29c5682c63,Top forget spring government factor wall give.,hurley.com,Operations,5306,yes,no,desktop,Firefox,2025-03-03T10:01:35,265,"-56.234029,21.739802",Spanish
abced62c-2a38-4fd8-85e4-b507b3455581,Hand bank bank suddenly wife hot.,smith-baker.org,Marketing,7506,no,yes,mobile,Firefox,2025-02-17T17:56:58,112,"-35.3304265,84.882003",Spanish
08002719-fa9d-4ca4-9dab-a75858fdf142,There inside commercial news under vote food author.,owens.com,Sales,6382,yes,yes,desktop,Safari,2025-01-16T23:40:14,328,"-39.408756,21.307701",German
2e2704fa-9eab-4f07-b0ce-b9d0ce3e5df8,List toward spring.,harris.com,IT,7809,yes,yes,mobile,Opera,2025-02-13T10:48:18,408,"49.014610,68.653799",Spanish
76c5c181-2b9e-41e0-b79b-8257bf66f422,Could serious simple.,hall.net,Marketing,7129,yes,no,mobile,Opera,2025-03-24T19:24:41,283,"42.196808,-94.455322",English
1426b509-1b15-4d38-86c8-3d84da51236b,Talk identify experience nature actually less important.,stephens.biz,IT,2678,no,yes,desktop,Opera,2025-01-04T03:16:56,73,"-43.6718675,50.080010",Japanese
9c7b5804-be06-4785-a34c-61f9a115d871,Let plant performance since.,davis.com,Finance,9868,no,no,mobile,Edge,2025-04-02T20:54:41,581,"-32.6902575,60.201429",German
8c7bf78d-2ffc-4623-a349-6fdd2d3634a6,Through someone line growth card when note.,wilson.com,Operations,1404,no,yes,desktop,Opera,2025-03-08T01:44:56,565,"10.9239765,64.910100",Chinese
fc82e7e5-2887-46df-b3c7-3223453a4628,Manager gas information.,smith.info,IT,5664,yes,no,mobile,Opera,2025-03-11T07:29:04,489,"39.8099795,-176.032214",English
fb70754a-eb0f-46fb-8732-b3473e291016,Owner government unit financial.,simon.info,HR,2667,yes,yes,desktop,Opera,2025-02-05T04:16:49,148,"83.2883455,175.716732",French
eba78e59-9e13-47ec-824a-89c8fabfb19b,Southern may both likely assume forget.,byrd-may.com,HR,3538,yes,no,mobile,Chrome,2025-01-22T06:46:49,159,"-77.9600435,-87.591652",Japanese
fcb6b725-2f11-4888-9ce9-a8ab3f4225dd,Growth upon night if.,goodwin.com,IT,3691,no,yes,mobile,Chrome,2025-01-03T11:46:46,312,"-26.9862535,144.298248",Spanish
dc959d90-0d4c-4ae0-b096-4db2cb4cb3de,Rule turn economy field represent send.,roberts.com,IT,6753,yes,yes,mobile,Safari,2025-02-27T04:21:33,124,"-70.7327305,172.870766",Chinese
748c4e71-84c3-4ae3-8ae1-8ec4c3368fcc,Itself lead fear performance laugh.,sanchez.org,IT,8833,no,yes,mobile,Safari,2025-01-07T09:17:37,554,"-38.697859,-158.423909",Spanish
1bcfd448-2cd1-480e-bad0-7885096e6ba8,College fight little down attorney wonder main.,knox.com,Sales,3823,no,no,mobile,Safari,2025-02-02T20:41:16,559,"-66.631349,-156.666883",Spanish
eef6a378-b2e6-4edc-b1bc-c5b373fda024,Analysis protect tonight friend opportunity back we not.,greene.net,Sales,1290,yes,no,desktop,Chrome,2025-02-04T15:42:03,109,"85.266540,-74.829584",French
bac72997-9674-44ec-9b62-b0a6373b7e9e,Hour field friend street.,savage.org,Operations,2100,no,yes,mobile,Opera,2025-02-06T02:59:18,29,"82.995693,99.449780",Chinese
9639aead-c8df-45b1-96cc-75e41b19af26,Behavior during generation to student resource similar.,saunders-wolf.com,Finance,4400,no,no,mobile,Safari,2025-02-19T00:09:13,25,"-20.960990,-93.230608",English
35f0cc07-4b2b-4389-bdec-031e34bd345f,Half image here service near.,rangel.org,Operations,1075,yes,yes,desktop,Opera,2025-03-02T08:06:42,273,"54.476310,42.733935",Spanish
a8b6e735-343c-4801-9804-5139ab180c81,Too project TV hair about take.,hamilton.com,HR,2388,yes,no,mobile,Opera,2025-03-25T21:51:32,72,"-60.8754335,34.142450",Spanish
769bdc08-69b9-49f1-acc8-e25e9f5e16d3,Home determine surface control sport long.,heath.com,HR,7689,no,no,mobile,Safari,2025-03-29T15:03:53,189,"-79.6073975,94.752850",English
81857b82-6ac1-4491-b619-05135080a9ec,Too black ability brother agree.,stevenson-harris.com,Operations,3728,yes,yes,mobile,Edge,2025-03-31T06:16:18,461,"14.1466305,25.748687",French
3f0bdbcf-e8cf-4423-9432-4ed33b2d982e,Begin push put smile control.,grant.com,HR,2020,no,yes,mobile,Opera,2025-02-25T12:15:49,190,"-83.9483385,78.418603",German
c52589b0-e122-4e1a-89dd-0b6b72004ebc,Director affect including debate.,ortiz-obrien.biz,Sales,701,no,yes,desktop,Chrome,2025-01-15T20:14:21,209,"-22.734099,159.117666",English
3289c178-ec38-416e-a25f-d7d164df8c2b,National trip wish dog well soon.,smith.net,HR,858,no,yes,desktop,Firefox,2025-03-21T13:10:24,274,"9.2798495,-105.481246",Chinese
c2cd4aed-402d-4afa-9cc0-c66bde52c647,Resource series blue economic real.,edwards.com,Finance,1441,yes,yes,mobile,Chrome,2025-02-22T12:51:04,230,"28.0928855,-88.926288",Spanish
8bf24ef6-3ccb-40ee-8b48-ea96d7a456f6,Future hot consider responsibility agency effect.,king.com,IT,4593,no,yes,mobile,Firefox,2025-03-12T11:52:06,298,"57.0592255,-179.538202",Chinese
ead667cf-476d-4c9d-a5ff-d5e999674412,Understand smile matter fill support.,wright.com,Sales,2434,yes,no,desktop,Edge,2025-01-17T15:25:53,522,"-57.3521765,-71.425701",French
c07d60de-744a-4ef1-b085-8e4d2a3ffc3b,Why continue he family.,martinez.com,IT,8944,yes,yes,mobile,Edge,2025-02-02T16:31:13,408,"42.1267075,26.737153",English
1bd2fc59-f743-425d-ba8d-5a7517e85d6c,Box present little left.,harris-peterson.com,Finance,3764,no,no,desktop,Chrome,2025-03-30T20:20:45,354,"-85.690844,-96.528284",Spanish
f43b67b9-737a-4764-9ac8-c9247ae69a3a,Ahead with customer behavior purpose move.,barr.biz,Finance,5881,no,no,mobile,Edge,2025-01-28T13:33:45,273,"3.686482,39.829779",Spanish
51a20d98-5d92-45c3-bafd-8597e1f2a7bc,Go answer I people especially others skill.,rodriguez.com,Finance,7391,no,yes,mobile,Chrome,2025-01-12T15:04:31,322,"-16.998002,-169.942410",French
e5d9b08f-8bf0-4e1b-90c8-206a1f64e21c,Water bed budget pass pressure bill across see.,weeks-davis.com,Operations,3031,yes,yes,desktop,Opera,2025-03-28T18:49:47,580,"-38.919626,55.038165",Chinese
8029c0a3-ccaf-4fd8-afa2-1f5c2bbdea9b,Mother nor same force big.,williams.com,Finance,5809,yes,yes,mobile,Firefox,2025-01-11T21:30:45,330,"-32.1043575,-12.997296",Japanese
348d80a5-4242-4e7b-ab68-2aa68a56899b,Such leave best action.,vasquez.com,Sales,9199,yes,no,mobile,Edge,2025-03-09T17:00:16,291,"-7.538752,-165.514339",Spanish
9280ace8-f095-4831-88d2-39820ecfdb10,Identify big share between.,frazier-walker.com,IT,6530,no,yes,mobile,Edge,2025-01-02T11:55:32,332,"-69.688475,118.791176",German
d9e3358c-e823-4e98-bf41-1edba65da71d,Black remain then fast spring fight.,brown.org,Finance,4083,yes,yes,desktop,Firefox,2025-03-04T20:06:26,333,"88.3562575,98.749884",German
a5019f80-b667-4760-8561-dcb5cb21a7a7,Alone once resource national.,mckee.org,Marketing,5774,yes,yes,mobile,Edge,2025-03-28T05:24:29,513,"47.673361,46.257305",German
1ad136a2-9eed-4d0d-a18a-6f3e9e409ef4,Yourself song pretty pressure idea news.,contreras.com,Finance,2985,yes,yes,desktop,Edge,2025-03-18T17:58:18,228,"-78.898457,-42.933856",French
c9fbf353-c0cf-49eb-a728-5f8a0788875c,Chance ahead listen pick myself during but yard.,martin.org,Finance,3415,yes,no,desktop,Edge,2025-02-02T03:35:29,340,"10.680614,68.148005",French
cb2a3102-624a-4e8c-832a-525a625b6fe8,Thing head scene born.,douglas.biz,Marketing,600,yes,no,desktop,Firefox,2025-01-22T03:50:17,309,"55.307668,-62.398420",French
f2065659-998e-4ad6-9abb-ef127ee25d76,Language trade recognize ground.,stewart.info,Finance,5458,yes,no,mobile,Chrome,2025-03-03T13:22:32,590,"79.5965335,-168.914726",English
2be8c504-33ec-4c5b-8373-44b8e22c6f34,Together picture expect drug.,peterson.com,Finance,8544,no,no,mobile,Safari,2025-03-24T20:39:23,569,"44.429284,50.367745",English
164914fa-ae98-4dd6-8a01-c4d06a40758b,Employee close artist office chair down wear.,williams.com,Sales,6301,no,yes,mobile,Opera,2025-01-25T02:55:56,469,"-49.5833865,74.365438",French
830c79a2-028c-46a8-a6b9-260775f0791c,Record once pay indeed another.,osborne.com,Finance,6566,no,no,mobile,Firefox,2025-03-12T01:57:02,557,"-69.363914,-106.236052",French
594ed770-ff99-49d4-8d9a-e036a226bf23,Kind music real because audience.,bernard.info,Sales,7834,yes,no,mobile,Edge,2025-02-14T07:17:46,263,"50.935615,178.467608",Japanese
14e34fcd-63a6-4c2e-bea6-f15983cc676c,Way this hundred.,jackson.com,Finance,4343,yes,no,desktop,Chrome,2025-03-15T16:54:04,208,"9.098636,-18.277221",English
efb28c34-31ba-4ed8-89de-b369c698cfd9,Involve themselves level who behind say.,davies.com,Sales,2655,no,yes,desktop,Edge,2025-02-01T13:49:50,81,"73.0518485,110.531974",French
ce0c031f-c417-4f17-a161-a06d026d9182,Parent big risk position.,powell.com,Operations,2662,no,no,desktop,Chrome,2025-03-25T08:40:38,509,"3.3689155,-10.683540",German
55bcea5e-1432-427c-8182-56d27926e1fa,Themselves visit follow side traditional.,walker.com,Sales,6080,yes,no,desktop,Edge,2025-02-08T15:26:56,254,"13.574152,-105.756985",Japanese
2ddca403-1932-45ac-bfac-dc6483cc2467,Third though bar would computer natural area.,thomas.com,Finance,7450,yes,yes,mobile,Opera,2025-01-09T05:58:31,72,"83.707468,79.259140",Japanese
6dff18da-b51f-472b-97d3-4eb43a28ebfa,Despite maybe compare adult organization worker.,pratt.com,Operations,6747,no,no,mobile,Safari,2025-01-03T15:14:17,497,"83.104167,121.777688",Spanish
aeb00971-b82e-4db1-9a3f-65d8e7781abd,Animal hair one establish trade chair.,martin.com,HR,3978,no,yes,desktop,Safari,2025-03-17T05:21:23,420,"-11.655469,-81.317438",Spanish
83588920-2479-41a2-a74e-2511f709fd0d,Necessary PM national history participant two work.,webb-barr.biz,Finance,1060,yes,yes,desktop,Firefox,2025-02-16T16:34:46,592,"1.5945005,21.698259",German
c64c9017-44b2-49d7-95a8-d819bc835323,Everything hundred member serious parent particular chance.,ramos-simmons.com,Finance,1095,no,yes,mobile,Opera,2025-01-24T12:03:14,569,"-75.216202,-89.603948",German
a6dfd153-f1cb-4f15-94f3-74452720e3a7,Institution able local simple pull section picture.,perez.com,HR,8672,yes,no,mobile,Firefox,2025-02-27T06:18:19,597,"-29.492054,169.960277",French
1a5cfc3c-4bfa-499e-bc7a-8941dbb8e687,Heart adult speech program either.,donovan-bauer.net,Finance,4704,no,yes,desktop,Chrome,2025-02-05T01:05:49,109,"-76.5400005,-169.654737",German
7e4520bc-9228-42f2-a791-4004a8216a64,Onto tend discussion necessary significant.,wilson.biz,Operations,2811,yes,no,mobile,Edge,2025-03-04T05:53:24,126,"67.0422505,153.673426",French
71cc3c6b-6d32-450a-a8fa-8883c163aba7,Subject trip doctor accept author every water.,johnson-rodriguez.org,HR,6306,yes,no,mobile,Safari,2025-02-12T05:53:08,29,"-35.9649105,-152.493447",Spanish
2867c066-d99b-48aa-888b-fa5a490fc858,Despite letter whatever pick blood base.,gonzalez-williams.net,Marketing,1552,no,yes,mobile,Safari,2025-03-29T03:40:34,456,"-57.810344,58.557190",English
bde78744-0720-4c89-ad37-13937926ac35,Cold game open method.,haynes.info,Finance,3218,no,yes,desktop,Firefox,2025-02-01T23:35:08,523,"-52.6021695,13.541532",Chinese
28bd26be-8b9c-4279-ad5e-3e1e382023b7,Up base Mrs live.,crosby.biz,Sales,7318,yes,yes,mobile,Opera,2025-02-14T10:16:12,195,"66.4181905,12.911979",Chinese
c260344f-4d0d-427e-900a-66928876b8d1,Authority scene something.,reed.com,HR,2693,no,yes,desktop,Firefox,2025-02-18T22:15:10,150,"55.9530155,139.648596",Japanese
745e8a69-7e2d-4b7c-b408-3faee159d4f3,Quite news score end expect.,nicholson-chapman.biz,Finance,3776,no,no,mobile,Chrome,2025-02-13T19:05:33,156,"62.1268525,75.957397",English
16bd96d8-602f-439d-97a9-8fcb492935df,Other water play least charge thought.,brown.com,Sales,8737,yes,yes,mobile,Safari,2025-02-13T13:48:07,518,"86.476583,18.031601",Spanish
ab48528d-9a68-490f-aef8-3318c937ec33,Picture among quickly suddenly red near.,king.info,Sales,680,no,no,mobile,Firefox,2025-01-31T23:27:11,153,"-72.131062,-149.504134",Spanish
105b5a9b-159b-4681-b792-fb69a5fe82a7,Message nation gas physical.,morris.info,Sales,6583,yes,yes,desktop,Edge,2025-02-21T15:07:54,107,"-54.2873895,150.254062",French
dff04004-a59d-4af6-9827-fd74ca59fa87,Debate debate always can up goal popular.,hendricks.biz,Marketing,8186,yes,no,mobile,Edge,2025-02-07T15:20:52,209,"-13.860280,40.563871",Spanish
c825ffc9-de0e-4cda-9f91-cbc86600ea78,Hope current manage fill community spring.,burns.com,Sales,3633,yes,yes,mobile,Edge,2025-01-03T04:01:52,399,"49.4205625,-11.744367",Chinese
3b6e1045-db1d-4c0a-a02f-64f51a6533f5,Treatment close give court whom eye.,brown.com,HR,4267,yes,no,mobile,Safari,2025-03-02T10:47:01,312,"-77.667091,-42.630733",English
be473cf1-8c7b-4c3e-87d2-c33ee846b22e,Power interview suggest.,donovan.net,IT,2927,yes,yes,mobile,Firefox,2025-03-26T03:18:33,531,"18.4158665,-114.978573",Chinese
ea014e1c-b1a2-42aa-bee6-cca9a4140fe8,Five board push toward college.,stewart-baker.net,Marketing,2483,yes,no,desktop,Edge,2025-02-09T15:14:52,408,"30.5445995,-47.552547",English
23eeffc4-a9ad-451c-bfa1-fc46aae66bb9,Want reflect relate.,white.com,Operations,2609,no,no,mobile,Firefox,2025-02-15T02:18:52,354,"-39.2735675,-83.438239",German
22e39ee8-b124-4216-8296-8b2d67230691,Mind physical deep best bit window soon.,craig.net,HR,5926,no,no,mobile,Chrome,2025-01-06T10:28:17,300,"15.131604,101.015285",French
a402c51e-aeb1-40fb-8620-b17caedd0c52,Work federal body city own family mother wife.,estrada.com,Operations,9842,no,yes,mobile,Safari,2025-03-03T21:56:53,44,"-80.7641835,45.527765",French
8b84d587-a90c-485e-99a4-6d2cc63627b7,Provide must career billion.,lindsey-dixon.com,Marketing,6598,no,no,mobile,Opera,2025-03-06T21:22:26,564,"27.5458355,-34.192889",German
455906df-21e5-4cf2-9717-8868a45893b0,Source hand consumer design else.,brown-griffin.com,IT,4652,no,no,mobile,Opera,2025-02-21T12:33:15,600,"79.4474305,33.543189",German
90068d00-e471-422c-872b-b1004977a258,Group drive fish indeed.,burton.com,IT,7415,yes,no,desktop,Firefox,2025-01-14T02:14:54,47,"3.168724,-72.042759",French
5de6cfb9-133f-407e-9153-05dc4620b4d5,Also wall ball outside.,brooks.org,Finance,4554,no,no,mobile,Edge,2025-03-04T19:48:52,392,"56.7830735,10.409754",German
56ab7134-3220-4667-bb84-b1e3390fb5c6,Mr writer range action cell thousand between.,english.com,Sales,9231,no,no,desktop,Chrome,2025-01-16T13:17:28,343,"76.392937,-10.181895",French
f63c8bf5-a4f6-4fa9-9a2f-39632171d2d4,Life set high answer social reflect executive bar.,hamilton.org,HR,6540,yes,no,desktop,Chrome,2025-03-28T21:34:20,219,"82.657768,-114.684931",English
69715695-42f5-4782-be38-1c585b5aefdb,Business mouth pay both marriage establish.,sims.com,Sales,2344,no,no,mobile,Edge,2025-02-03T06:29:56,23,"-88.1553995,95.922321",Japanese
91717f8e-3eee-4344-9766-26bdc22f85f9,Various simply stop.,lane-wells.com,Sales,9186,yes,no,desktop,Opera,2025-01-07T08:06:45,451,"-80.8790375,10.173969",German
186dc068-40d2-472e-8d6b-2f6de80f2604,Whom statement discuss.,cohen-reed.com,Finance,3938,no,no,mobile,Chrome,2025-03-21T10:37:44,173,"-71.7135305,-165.289506",Spanish
3745de89-306e-4a68-b925-36e9e2f8cd36,Process city their enough statement.,frazier.com,HR,6366,no,no,mobile,Edge,2025-02-19T05:31:30,201,"29.546539,-17.624919",German
be3d32cc-47f9-4434-b5ff-cf58a9eced49,Social behind hundred environment.,rodriguez.com,HR,6431,no,no,desktop,Firefox,2025-02-04T23:03:37,181,"-65.8580625,42.021588",Chinese
ec2e43cd-e2bb-4874-9e3d-56c978b3dc42,Just worry consider sell term.,gonzalez-lam.info,Operations,3325,yes,no,desktop,Firefox,2025-01-24T03:17:02,375,"49.4213585,156.351681",Chinese
d939b2f5-9df8-480a-8c9a-61c001e702a1,Book wrong all station process.,malone.com,Finance,8725,yes,no,mobile,Safari,2025-02-17T19:11:51,588,"55.2872055,82.379807",French
ffe40718-3fb1-432d-90c7-2e3ad4417c2e,Born next pretty fish wear knowledge.,ross.com,IT,4992,no,no,mobile,Opera,2025-01-01T02:23:42,80,"75.709554,-52.446579",English
4ddc44ec-8fd8-4e72-8020-7888bf5fe8f4,Population prove second.,acevedo.org,Marketing,8290,no,yes,desktop,Safari,2025-03-12T06:48:32,295,"-10.4567205,22.298067",German
2362aa13-608d-4630-b711-19c0bf599c31,Speech history close so certainly.,hunt.info,Marketing,8137,yes,no,mobile,Opera,2025-04-02T11:49:10,336,"57.669385,73.943410",English
2c19205c-2784-464c-8235-8c9dbf89a687,From item tax.,castillo-mccarthy.com,Finance,5647,no,yes,mobile,Edge,2025-03-30T23:01:17,348,"62.890747,-67.451419",Japanese
d8408dd0-399c-4b4f-b566-2e1703e072d3,New natural tough expert now.,sanford.com,Finance,2480,yes,yes,desktop,Chrome,2025-03-20T08:25:28,488,"-42.422154,-172.844584",Spanish
5c00e85c-2829-475e-af66-1361696cc232,Key reach hospital throughout.,murphy-buckley.com,Operations,9749,yes,no,desktop,Safari,2025-01-02T13:29:22,226,"63.4823815,-138.407907",English
4b6ee8aa-463f-4c92-869b-4b21a9f319e9,Dog choice quite kitchen.,arnold.org,Sales,9605,yes,no,mobile,Safari,2025-01-04T19:25:00,343,"86.181935,172.472761",Japanese
246106c8-186e-43fd-b6e7-56458c61a91c,Whom along at now responsibility participant face.,nicholson.com,IT,1913,no,yes,desktop,Chrome,2025-01-08T10:46:38,488,"34.682204,-90.247881",Chinese
b6029dfe-c3e3-4225-a04a-7cb0b6470c4d,Process finish though similar perhaps discuss others.,miller.com,IT,1809,yes,yes,mobile,Opera,2025-02-15T20:44:51,89,"-84.555879,133.722819",Chinese
9c79fef7-6697-4ad4-9adb-dcfa6b4b5f83,Item then someone set foreign relate discuss.,petty.com,HR,3421,yes,no,desktop,Opera,2025-03-06T04:04:31,277,"-36.0517445,-112.347023",French
e75d6946-69e7-413f-b51a-289535d66a12,Town reduce available popular trial different.,wright-morrison.net,HR,3991,no,yes,desktop,Edge,2025-01-13T23:06:28,156,"-54.7607845,-8.507394",English
87ebf7e8-1324-4da6-8442-e5fd43a8dccc,Away high red develop region knowledge.,buchanan.com,Operations,1427,yes,no,mobile,Firefox,2025-02-03T15:42:30,295,"76.711745,15.476561",Chinese
e0b5257e-b5ac-4968-93cf-c2b3ffea4665,Send wait enjoy follow third story official.,holloway-murphy.info,Sales,1923,yes,no,mobile,Firefox,2025-01-20T15:09:02,526,"-55.922614,88.238556",English
b0ee782b-d4db-49a5-839a-21853985a161,Agree sound whether card wish.,moore-johns.net,Sales,7313,no,yes,mobile,Edge,2025-03-25T02:16:13,94,"80.618410,34.336700",Spanish
51f07099-2309-43ac-bbab-ef9d19f66018,Report daughter doctor building former most law.,williams-owen.info,Operations,6538,no,yes,mobile,Safari,2025-03-07T05:33:48,216,"42.9337705,46.503609",Spanish
7e2ce066-e3ea-4bc2-bf52-ec53004404d8,Camera discuss subject leader course difficult meet.,klein.net,Finance,928,yes,yes,mobile,Opera,2025-02-07T12:42:48,39,"6.649104,102.713289",German
d5296ea1-b10d-4b62-991b-dfa2271b3b27,Hotel far company southern above control class.,brown-stewart.com,Finance,6057,yes,no,mobile,Opera,2025-01-06T00:41:26,207,"11.345355,147.038056",Japanese
547ac632-0265-44f2-8962-0970d184d98c,Dinner end on organization development.,ho.info,HR,2674,yes,no,desktop,Edge,2025-01-22T15:58:50,161,"54.909706,-22.359669",Chinese
3431248f-ae28-423b-9ec2-8910fff81ac2,Image office picture nation.,hernandez.org,Sales,6184,no,no,mobile,Safari,2025-01-06T19:35:18,470,"-30.1029265,106.368434",French
f3d014f1-8429-4a18-8b87-f70a5f2a0786,Culture effort single break say.,noble-scott.com,Sales,7739,yes,yes,desktop,Safari,2025-02-07T18:28:29,144,"-52.3126735,147.581065",Spanish
330f5e44-01f9-43b0-898a-371992f4a1d5,Happy out compare summer front.,kennedy.org,Operations,8788,no,no,mobile,Edge,2025-02-28T17:35:50,594,"18.878860,-138.921666",English
8743abac-6bfb-4d07-ba85-f9966b7c5e9a,Body far adult.,serrano-campbell.net,IT,4450,yes,no,desktop,Opera,2025-02-28T07:52:05,537,"34.3645625,-37.758325",French
386b6f18-0c6c-434e-9a8e-164c10aef0cf,Sign feeling contain time feeling never central.,moss.biz,HR,2219,no,no,mobile,Firefox,2025-04-01T02:36:27,543,"4.6777975,86.388307",German
e993f5cd-ddef-4e90-8ec2-49a38b1f1593,One your surface although.,campbell.com,Finance,3365,yes,no,desktop,Edge,2025-02-14T22:16:56,141,"23.620976,-114.470032",English
a08f8e4d-183d-4b2b-ab3b-4ab992695624,Like position of today when.,pierce.info,HR,7553,yes,yes,desktop,Edge,2025-03-20T22:03:46,21,"-71.2316455,131.477442",Chinese
335b51b1-c396-433f-a721-9433a9b15007,Also relate matter nation adult senior.,watson.com,Sales,8941,no,no,mobile,Firefox,2025-01-29T14:51:05,284,"-44.1794165,163.678730",English
23e1df99-ef57-42e5-bae9-da56fe6b23b0,Not environment very.,hurst.com,Marketing,9819,no,no,desktop,Edge,2025-02-08T10:45:36,32,"-83.9583615,-55.740685",Spanish
b92f0913-0ed0-4376-9ccb-6c8572dc05a5,Guy study school determine system wish.,morales.com,Sales,9325,no,no,desktop,Chrome,2025-02-05T10:04:27,404,"22.3607685,56.274699",Chinese
cdbdc965-9e0f-4c2d-bc43-0dc4b754a52b,Able bar it break artist.,martin.com,Sales,752,yes,yes,desktop,Firefox,2025-03-22T08:16:21,57,"-54.628837,-147.230373",Spanish
c6f42cdb-d71d-4e1e-a177-496da7c8a549,Do story reveal agency break exactly.,williams.com,Marketing,782,yes,yes,mobile,Chrome,2025-03-03T17:37:44,476,"85.8923035,-160.071157",French
c63407e3-bd69-448a-8c2c-d745b8d18043,Time the far much Mr only.,strickland-diaz.com,Finance,6124,yes,no,mobile,Safari,2025-03-03T12:18:46,240,"52.997290,-158.717921",Spanish
af3ef4ce-225b-41e6-83a8-747b8bffca9f,Nature section message recognize guess meeting.,stevens.com,Marketing,8893,yes,no,desktop,Firefox,2025-03-14T05:59:49,89,"-52.713956,-34.455795",Japanese
e020d01e-8110-4183-af07-0b54ec90b181,Congress camera interesting.,park-smith.net,Finance,8585,yes,yes,desktop,Edge,2025-02-24T22:05:10,342,"-72.478900,-62.933678",French
694d8243-6464-4e31-a227-01ec53a1b912,Defense last art bill.,kim-jackson.com,Marketing,3971,yes,no,mobile,Opera,2025-02-09T08:15:08,181,"82.8169775,178.996092",English
329a17ab-70c2-406d-a62b-3525fb2fe16b,Already authority step keep style visit.,bailey-williams.net,Sales,5171,yes,no,desktop,Opera,2025-01-31T18:14:44,287,"-47.1308175,81.385277",Japanese
05193f5d-66c3-4072-8d6b-5bc432afd9ac,When seem serious how no.,stein.com,IT,9361,no,yes,desktop,Firefox,2025-03-26T02:18:50,60,"11.430601,-116.223499",German
2a7c1f87-6da5-4554-8b9f-c89713c33fe2,Over consider why fall page begin.,clark.com,Sales,958,no,yes,desktop,Safari,2025-01-17T00:32:50,288,"-29.2186665,59.906743",English
6d9c8ea5-dd23-40ce-84fb-0282716652b3,Become teacher visit without ahead level.,patrick.com,Marketing,2653,yes,no,desktop,Chrome,2025-01-27T23:49:39,542,"-32.964516,-100.626699",French
b18ed208-96f0-4b4d-807e-084eb862c1a8,Whom another another scientist relate phone.,morales.com,IT,5548,yes,no,mobile,Opera,2025-02-20T00:36:10,286,"27.3995255,-126.524196",Japanese
c39cafd5-28ae-411d-8def-35b1604abc98,Major night series admit.,myers-king.biz,HR,7194,no,yes,desktop,Chrome,2025-03-02T05:38:25,582,"-2.536067,-34.627420",French
a4f1b40d-3389-417f-bfc4-d94a8485d258,City black lead others.,elliott.com,Operations,9790,no,no,mobile,Edge,2025-01-24T20:19:25,99,"18.7182135,57.792872",French
10220fec-5147-4058-ad43-ee0d9bd31a03,Lot edge economic produce special meeting.,villarreal.com,Operations,1410,no,no,mobile,Firefox,2025-01-15T11:36:33,177,"-25.7091135,58.096003",French
8805b28f-cd17-44da-9344-caf795b4805e,Fast focus get air happen compare.,gamble.com,Sales,3825,yes,yes,desktop,Opera,2025-02-14T19:02:52,481,"42.285135,29.179850",German
9a49e6ff-3ce5-4c11-9559-376f6b9c471d,Back book agent often.,burton-garrett.net,Marketing,7606,yes,yes,desktop,Firefox,2025-02-01T13:01:32,218,"18.8411585,-30.969935",Spanish
c77a29d6-5e7b-4874-aad8-8eadeb4423d4,Language spring consumer bed family.,fletcher.net,Operations,4515,no,yes,mobile,Chrome,2025-03-07T03:39:55,166,"-4.505552,147.041651",Spanish
fcf2189e-6169-4b3b-9ab1-96b4efb5bd85,Make hit game as sister.,murphy.net,HR,921,yes,no,desktop,Firefox,2025-02-07T16:24:54,69,"-8.3147915,107.335849",Spanish
dc5702a9-a97a-4d51-b550-0570774e63c3,Institution hope there none.,ross-parker.net,Finance,6075,yes,no,mobile,Chrome,2025-01-01T15:43:27,106,"60.460026,-169.912410",Spanish
c8d1f4ac-536b-4879-8da8-65ef562b4e73,Car picture rate tell much.,smith-foster.com,Operations,1015,no,no,desktop,Chrome,2025-02-16T03:25:07,73,"85.2148805,-112.141953",Japanese
169aa4d8-dc52-4444-923e-527f7b4e0517,Marriage show treat expect.,dominguez.com,Finance,3925,yes,yes,desktop,Edge,2025-02-15T04:24:55,39,"13.207093,99.433083",French
65e286a2-c3ea-4486-8cf1-4740936c8dd2,Foreign area edge past seat sound make.,hicks.com,Operations,8175,yes,yes,desktop,Chrome,2025-03-24T23:44:35,198,"-60.1222555,-139.723262",French
e8ef27e2-498f-455a-a9e8-bacc8aa81afd,Third house name audience story talk.,miller.com,Finance,6539,yes,yes,desktop,Opera,2025-01-02T16:45:30,110,"-77.9491885,81.482297",Spanish
cbdf37e8-f4a1-4398-a384-527422fdfa53,Tonight company resource organization.,stuart.info,HR,9339,no,no,desktop,Opera,2025-03-18T21:10:34,139,"-82.1849445,167.030302",German
fcd2708c-043e-42f2-8859-c9dade450497,Industry wait economy.,smith.com,Operations,9382,no,no,desktop,Edge,2025-03-14T05:18:17,76,"-69.1205635,133.835425",French
cc80513e-89c1-417f-8f7b-40d2e7e4de59,As police memory.,kennedy.com,HR,7916,yes,yes,mobile,Chrome,2025-03-06T12:14:34,154,"-47.9588475,-103.958453",Chinese
9f92a934-7a09-4882-86d1-a090171498b1,Its short black likely.,lawson.info,Operations,7728,yes,no,mobile,Firefox,2025-01-05T18:50:17,70,"-63.1247515,99.692396",Japanese
f6321406-a3bb-4546-aed9-3e481c10222f,American exactly party hospital.,martin.com,Marketing,5446,no,no,desktop,Firefox,2025-02-18T23:50:32,343,"-62.1496235,-9.017238",English
607db717-1321-45fd-b46d-099aeaa3e169,Themselves benefit popular have let.,parker.com,HR,5489,no,yes,mobile,Firefox,2025-02-15T11:21:18,591,"-36.746862,76.578025",French
f33aad18-f052-4a0b-a602-fdf504b90d38,Hit establish everything however notice near.,roth.com,IT,6412,yes,no,desktop,Opera,2025-02-27T16:13:54,573,"-62.3043595,0.724847",Chinese
b3195b80-0410-4044-bceb-66a6c511b643,Field song share successful easy act matter deal.,trujillo.com,Operations,6412,yes,no,mobile,Opera,2025-02-09T21:22:22,199,"-50.657753,162.274732",German
27677ca9-a69e-441d-9e24-e46b53a33d2a,Early others finally similar.,sullivan.org,Operations,2327,no,no,desktop,Safari,2025-03-11T18:52:42,78,"-50.896166,32.454114",Japanese
49b4d5b0-f378-4d24-839b-d0ba3f7ac275,Cover region simple she edge energy.,doyle-lester.com,HR,7953,no,yes,mobile,Opera,2025-02-28T19:14:52,20,"-34.3651765,-59.593701",Spanish
b10032d9-a6d5-4c7d-9fe1-690fa0cbd574,Benefit second some myself and resource require.,campbell-simpson.com,Operations,8024,yes,yes,mobile,Chrome,2025-02-02T09:38:59,396,"0.6303815,-90.133198",Spanish
cc99eeab-45b1-4327-b073-cbf8b7cfaa83,Affect financial long result final.,serrano.com,Sales,706,no,no,desktop,Chrome,2025-03-02T21:30:02,230,"-47.319647,5.377386",French
d1823729-d422-42fd-a115-95f4021c2168,Science there success claim that star approach.,leonard-reed.info,HR,2103,no,yes,desktop,Chrome,2025-03-09T22:49:22,316,"-86.1782525,32.804781",English
f1519a05-f437-4e8d-8ade-b99adbc6fdc6,Discuss modern mention list to name forget.,williams.com,HR,1649,no,no,desktop,Opera,2025-03-03T15:56:05,146,"-31.273536,160.472580",Japanese
ae62db28-3689-4e04-876a-80324fd4bce0,Make rule support final else hand bill.,johnson.com,Sales,2620,no,no,mobile,Firefox,2025-03-27T18:35:27,461,"50.1307775,-129.056920",German
90d0c39d-7be3-4e98-9239-832f23ca4110,Management no north old happen watch.,shea.net,Finance,8404,no,yes,desktop,Safari,2025-01-31T08:58:29,369,"-21.515282,7.339694",Spanish
58a7c268-8016-442d-b013-bcc0548968bd,Professional maybe growth any high service month.,palmer-carey.info,Sales,3805,yes,no,desktop,Edge,2025-01-31T10:45:44,304,"62.662377,-123.341931",French
10d4b894-3029-487c-9c18-a5c8456495e6,Follow clearly what stuff sure.,campbell.com,Sales,6749,no,no,mobile,Opera,2025-02-18T11:18:14,541,"73.494327,116.454605",Japanese
bed30a0b-2a36-4814-b08f-90bd2a30c6dd,Issue social safe white give western wall.,wagner.org,Sales,5937,yes,yes,desktop,Safari,2025-01-09T05:56:33,81,"29.4507265,164.612622",Chinese
139b856c-ec04-485e-b5dd-1c432b5424bf,Show six under style down fund free.,webb.com,IT,2825,no,no,mobile,Chrome,2025-03-13T10:47:07,503,"-35.5338075,164.096027",French
d2278d4a-d008-468e-a85e-4160d1c3498d,Call represent hot listen short bring safe.,frederick.com,Finance,969,yes,no,desktop,Opera,2025-04-01T15:18:28,127,"38.441814,87.293852",German
ec93d8f2-8a21-42f5-a901-674d08627855,Life test about research.,glass-taylor.com,HR,4789,yes,yes,desktop,Chrome,2025-03-03T06:08:52,144,"70.155635,-141.671777",French
9c276e49-a8a4-403c-847f-c7fb91931d5c,In cut list live knowledge foreign key house.,richards-alvarez.biz,IT,3663,no,no,mobile,Edge,2025-03-10T11:11:21,197,"-37.4144405,-48.335240",French
2497d810-3f52-4545-b239-dfbfb2792247,Material wear anything first trade.,dawson.com,IT,8066,yes,yes,mobile,Chrome,2025-02-21T10:11:47,239,"-18.7384835,35.570476",German
61de485e-a0e9-44c6-91d9-f798db1e8fb7,Ability game especially community because civil think.,fletcher.net,Operations,1578,no,no,mobile,Chrome,2025-02-16T20:43:08,189,"11.5542625,-165.686365",French
0583aa65-bee7-4c56-a552-49e78f06ec01,Agency show return whose eight detail free something.,jones.org,IT,1222,yes,no,desktop,Firefox,2025-01-10T19:08:15,541,"-70.9037395,-157.340910",Japanese
bfc638b6-19ad-4518-b0c1-43866e30c709,Wind what certainly statement cost.,brooks.com,Finance,4130,yes,no,desktop,Firefox,2025-03-21T07:37:04,10,"-57.8498335,-21.938235",Japanese
3880820d-2e5a-48fb-a9b0-7164a2ab4621,Pattern speech foreign condition task TV financial.,mcguire.net,Operations,2028,no,no,mobile,Safari,2025-02-10T23:07:14,150,"36.2605135,-10.989360",German
5d06f858-f885-4df2-b133-e7f17caafa9f,Forget east almost official certain.,castaneda.com,HR,5507,yes,yes,desktop,Firefox,2025-03-06T21:09:02,599,"49.4840045,104.594400",English
b08f46b9-ad06-4cb6-aa35-3f545aa4cf92,Because series owner across whom soldier assume position.,wagner.com,Finance,9114,no,no,mobile,Edge,2025-01-04T07:48:44,336,"36.497871,-82.751484",Spanish
3518ac21-7a93-406f-b6ff-e8fcc201966d,Remember police become by staff final.,burgess-bailey.com,IT,9409,no,no,desktop,Safari,2025-02-28T16:57:54,452,"20.258386,-20.388266",Japanese
0f101a36-6699-49ba-b53b-05a5cda9b5d8,Need among clearly finish season.,stevenson-williams.net,Operations,8911,no,no,mobile,Opera,2025-02-05T21:52:36,251,"68.549022,-37.940509",French
0b347a43-19c5-42f0-8a80-e24dd7ca205b,Necessary easy case operation notice.,swanson.com,HR,3473,no,yes,mobile,Edge,2025-01-28T22:17:47,423,"-41.1282335,100.994786",Spanish
ab23c7f5-b319-4006-92d0-36822711641d,Both reason threat author TV face.,jones.org,HR,8350,no,no,desktop,Edge,2025-01-17T07:36:37,86,"-85.616621,-35.209477",German
2c280cc4-607c-4a52-8369-f17fc9bf5a69,Describe nothing new couple note send spend.,davila-martinez.com,Operations,2171,no,yes,desktop,Edge,2025-01-20T11:10:31,324,"-68.143514,-110.569967",German
5db6f9f5-78e8-4691-a5bf-25f755f8116a,Other ground science interest plant effect.,hopkins-hernandez.net,Operations,6671,no,yes,mobile,Safari,2025-03-06T11:53:01,477,"-47.790062,11.889495",English
5c4f66b9-b034-4c24-9747-d4fe45cd5a63,Usually down later yes picture.,wagner-jackson.info,IT,992,yes,yes,desktop,Firefox,2025-01-10T14:05:37,284,"-12.9293575,136.605894",German
e0045d29-7fe2-415f-8b1b-6560b26cc40a,Success person figure available perform study just I.,diaz.com,Sales,5003,no,yes,desktop,Chrome,2025-02-06T03:50:18,542,"-39.384540,73.171104",Spanish
48404ef2-93b1-478b-b1e9-84e777b2b431,Might anything official news recognize organization.,preston.com,Sales,3634,yes,no,desktop,Firefox,2025-03-12T09:16:30,591,"-67.090812,9.143601",French
437d55cd-2359-4ca7-8619-c94c98b0c71b,Apply dark film happen concern executive pattern.,montgomery.com,Operations,6629,yes,no,desktop,Firefox,2025-03-22T08:49:54,284,"7.381226,105.676616",Japanese
8b223dd0-d347-4710-b608-32868a5b4851,Admit glass ready crime memory Congress.,garcia-meyers.com,Operations,8964,no,yes,mobile,Edge,2025-02-11T23:18:17,211,"87.6345415,114.115148",Spanish
b171f8be-7144-4b9b-b67b-9726aac7062d,Catch financial service trade open soldier town imagine.,fleming.info,Sales,4587,yes,yes,mobile,Chrome,2025-02-05T12:14:00,86,"-54.224646,-84.078852",Japanese
cf01edfa-adee-44c2-aa84-e463050b685b,Again really knowledge for resource.,rivera.com,Marketing,6178,yes,no,mobile,Opera,2025-01-01T18:04:55,573,"77.670006,2.659525",Spanish
d52b75cb-6bae-47e3-ab58-96ee737c4168,Foreign quality animal real career least activity.,woodard.biz,HR,1192,no,no,desktop,Firefox,2025-01-04T03:58:34,57,"17.7511425,174.298229",Spanish
2583779c-0459-40ee-bc8a-09b34e614b20,Though analysis resource remember.,lopez-green.com,IT,8461,yes,yes,mobile,Safari,2025-01-30T13:09:43,59,"85.9532695,-134.074110",English
e62161f4-7444-427a-9770-924633cad0b6,Total other sea data.,foster-parsons.net,Operations,5262,yes,yes,mobile,Firefox,2025-01-22T22:46:34,36,"4.411349,36.116253",Spanish
1dde0e1f-9323-43e9-8dd9-dbf0a8336e24,Movie everything idea authority.,thomas.net,Marketing,2350,yes,yes,mobile,Opera,2025-01-07T23:24:38,412,"-85.1144855,89.626013",Spanish
f3a3f9a8-a030-416c-93e9-c1c08974c5d1,Subject health yard election onto go.,juarez-hernandez.net,Sales,2973,no,no,mobile,Safari,2025-01-25T14:50:30,25,"-37.1276505,5.816087",German
e8ffd74b-9598-4055-8bc1-b4261e627dc6,Series wall able travel.,tucker-kemp.com,HR,7600,no,yes,desktop,Safari,2025-03-22T04:52:26,67,"85.0134225,155.796832",Spanish
7d4a12bb-496e-4fbb-8af3-7564c7590920,Better total morning beautiful wait.,mejia.info,Marketing,3093,yes,yes,desktop,Edge,2025-01-05T15:41:03,95,"60.382796,-1.305793",German
9644ad9d-8132-477a-858e-c3639578af11,After move only fund.,maxwell.biz,Operations,2319,yes,yes,mobile,Opera,2025-03-28T13:09:47,392,"-40.142304,95.706061",Spanish
34ae2fd8-3c88-45f8-aa18-166fc6761f7c,List federal song he event.,perry.net,HR,529,yes,no,desktop,Edge,2025-01-04T15:47:34,451,"-6.972547,55.359800",German
206f6795-8bea-4522-86cd-f5d61ef4289b,Leg she position just beat admit list.,allen.com,Operations,7866,no,no,mobile,Firefox,2025-01-10T05:33:03,333,"8.295869,-14.364204",Spanish
a012a4ee-5288-4180-96c9-08b4c5a10ae1,From better return question back mention often.,johnson.com,HR,1006,no,yes,mobile,Safari,2025-02-14T02:06:19,564,"56.790583,80.517258",French
45f9d6a8-b9bc-4a73-a7ee-193abf3abe08,Congress son year onto hair possible describe.,contreras.net,Operations,2856,yes,yes,desktop,Safari,2025-02-05T08:09:34,27,"-77.7761795,70.224309",Japanese
871d9ebc-708c-4231-8eb0-928b2f3bcb2b,Big painting receive list real history building.,wood.net,IT,7324,yes,no,mobile,Safari,2025-01-18T12:24:23,338,"84.885919,-75.613244",Japanese
4bb335da-fba8-41af-87df-a26205196290,Visit sell reality course fact daughter year east.,bennett.com,Operations,8314,yes,yes,desktop,Chrome,2025-02-24T08:03:55,596,"-89.1102135,-33.877401",Spanish
0d2ceda1-4e9b-4c0c-a4af-b4fa9e38cdaa,Onto senior middle score so point.,pittman.com,Sales,6502,yes,no,desktop,Chrome,2025-01-23T16:58:38,176,"7.3718075,136.215115",Chinese
30fe7e5f-d592-40d7-9ed0-c8de6cadbf59,Fill fight right yeah stuff.,cain.org,IT,7753,yes,yes,mobile,Edge,2025-03-22T13:06:48,193,"-47.6673455,152.074903",Chinese
26ed9da3-5647-4371-84c7-47bc60f48555,Glass follow until thousand subject current never.,myers.com,Operations,8071,no,yes,desktop,Edge,2025-01-27T22:50:46,34,"69.294221,-133.438555",German
5e609fbf-6942-47ed-92b4-553f52c1c562,Run build seek recognize fact particular herself.,perez-weaver.com,Sales,8178,yes,yes,mobile,Firefox,2025-01-25T08:15:15,388,"-68.999841,-150.879127",Japanese
8ccde150-cf01-4ba9-83c8-8926588b28fc,Food trade professional pull eight.,horton.info,HR,9501,yes,yes,desktop,Safari,2025-02-14T17:30:09,518,"20.0164385,-74.052568",Spanish
53513b7b-d8f5-49f6-aa52-1d22b7eb0dbf,Article hospital wear show reduce pressure level.,nelson.com,Sales,5721,yes,yes,mobile,Opera,2025-01-25T09:42:15,31,"-25.6215775,-87.542272",German
028e1699-3242-45f7-8a7a-32558e9e2e97,Product former coach.,solis.com,IT,2944,no,no,desktop,Opera,2025-01-13T10:54:41,290,"64.869021,25.740177",Chinese
486dab7a-0638-4231-9189-eee4f544bf20,Us above make attack two various.,bowman-barber.net,Marketing,3237,no,yes,desktop,Opera,2025-02-21T20:58:01,211,"-6.362371,-145.945949",German
5e741d90-a166-48cd-8a7a-b800752cf682,Fight few world impact.,hardy.com,IT,6810,yes,yes,mobile,Safari,2025-02-28T20:33:49,239,"-0.049664,176.054081",Japanese
ce5a8737-66b2-4665-a0ed-1dc4427ea0c8,Successful rise before capital could.,owens-becker.com,IT,5641,yes,no,mobile,Chrome,2025-02-02T04:45:03,272,"36.743418,-135.043292",Japanese
9e7889bc-7fc3-4e71-9a37-28da310695a5,Continue hold draw score get ahead area.,jones.com,Sales,6116,yes,no,desktop,Safari,2025-01-23T09:10:15,336,"38.6069425,25.142960",Chinese
b47fef3d-8b86-42b7-a986-50d20c024b3b,Money their present unit.,galvan.net,HR,5690,no,no,desktop,Opera,2025-01-22T18:51:43,340,"-68.780825,41.166356",Spanish
f0e980b3-8d19-47dd-b8e3-85093ac34485,Level area discuss would news rather far for.,morris.net,Marketing,8572,yes,yes,desktop,Safari,2025-03-10T14:24:57,154,"-72.0031925,77.838256",French
6755b5ee-1e8f-4de1-b1af-a08b42502c3a,Great boy beyond cell produce record.,robinson.org,IT,2546,yes,no,mobile,Chrome,2025-01-05T10:07:23,393,"-75.6915855,84.344742",French
776fefd4-0475-42e0-923c-c7be6eb4d141,Support customer him present choice respond budget.,david-cantu.com,IT,2628,no,yes,desktop,Opera,2025-02-12T10:11:48,419,"62.881657,105.989791",German
60129266-34e4-4d53-bea2-b674ff80fa28,North like surface would her.,jackson.biz,IT,1406,no,yes,mobile,Chrome,2025-02-28T00:42:03,518,"-12.9764785,-87.194164",Spanish
fb93eae5-9281-419b-9387-b28313bf0c5b,Century report order man somebody role hand structure.,norman-watkins.info,IT,5607,yes,no,desktop,Opera,2025-01-14T04:26:29,51,"53.7193415,68.473061",English
c1281604-d3c4-46e3-bf65-65698fef3681,Investment training boy determine.,rodriguez-powell.com,Marketing,849,yes,no,mobile,Firefox,2025-01-21T17:09:25,466,"-86.4568415,-3.947803",Chinese
07f01b96-4984-4293-bd5a-863db7e08e09,Responsibility leave sing.,gomez-mcdaniel.info,Operations,1946,no,no,desktop,Firefox,2025-03-19T11:58:44,396,"62.049372,161.661006",Chinese
18995d33-8ad3-4267-94ab-7bbc8c600fea,Firm too home far possible write.,burch.info,Finance,7128,no,yes,mobile,Chrome,2025-01-29T09:17:07,547,"-56.6618285,65.450366",Japanese
5f33687a-18c0-44a6-b757-e1622a34f54e,Around five small deal these increase.,hawkins.com,Operations,3782,no,yes,mobile,Chrome,2025-02-13T17:38:51,257,"71.8831565,2.228160",Spanish
5ab5df40-5fd7-4c92-a059-a9094c915555,Relate possible its five soldier offer.,foster.info,Operations,8919,yes,yes,mobile,Firefox,2025-01-19T00:53:59,334,"22.627594,5.692918",German
e9f14ea7-51ca-4b42-93e3-88c1376933bf,If throw protect sense soon family throughout pull.,herring.net,Sales,3496,yes,yes,desktop,Firefox,2025-01-08T00:56:51,337,"26.5549665,20.089004",German
907e3443-75a2-4325-a433-8035cc6ff52b,Maybe image nearly off style control.,ramos.info,Operations,9651,yes,yes,mobile,Firefox,2025-01-10T08:24:41,263,"66.741973,-44.735606",Spanish
a1ffcc35-6893-4a61-8b3e-8a71cac02c12,About rather rate theory couple.,smith.com,Finance,3950,no,no,desktop,Firefox,2025-02-16T12:41:17,346,"-79.989377,-134.681689",English
a75f8ef3-7f99-49c4-bafa-82c8b205e6cc,Door tax letter national my economic.,wilson-adams.com,Sales,2459,yes,yes,desktop,Firefox,2025-01-09T16:28:30,386,"-27.433335,56.603036",Chinese
a3b75c8e-8dc7-4fad-8d86-840e0f88efa0,Cell instead style per safe professional.,bradley-lopez.com,HR,8206,yes,no,desktop,Firefox,2025-02-20T23:00:21,396,"-44.820433,43.757657",Chinese
2e54b0c3-be9f-4cc8-a11e-0c0dbe85c942,Near ability feeling focus yard issue street.,nichols-sutton.com,IT,7689,no,no,desktop,Opera,2025-03-05T03:51:30,200,"28.779241,-167.514527",Spanish
44359ef8-324b-448a-a7e8-70c83945f3a4,Stock any summer run race picture.,bailey.info,Marketing,5201,no,yes,mobile,Chrome,2025-03-24T10:12:00,386,"32.0046235,-64.041326",Japanese
3c701703-dc53-4776-b252-bdd31cef7bc2,Matter time attention police item without end pretty.,duncan.org,Operations,2243,no,no,desktop,Opera,2025-03-10T20:32:13,76,"81.5038275,-133.369732",Spanish
93cce4e3-a9d9-4369-bd2c-026dd8a8e342,Heavy animal live whether type although.,thomas-castillo.biz,HR,6389,no,no,desktop,Opera,2025-01-08T02:57:26,499,"-0.6850475,-100.790715",Spanish
79f6597c-87f7-4a8a-9d97-627cc1faa54f,Operation cultural billion mention do may.,bell.com,Sales,8272,yes,no,desktop,Edge,2025-01-20T13:30:18,489,"38.807782,-84.305150",Japanese
3586c6c2-8d57-4f97-8c90-39b9c457a485,Room his serious few.,weaver-may.com,Operations,8313,yes,no,mobile,Chrome,2025-03-24T00:23:41,513,"1.372761,-74.819690",French
169038fd-4c21-4ce8-8513-ad00ec1b5b89,Clearly one imagine form letter behavior doctor.,johnston-hughes.info,Finance,8842,no,yes,desktop,Edge,2025-02-28T17:29:03,60,"35.910168,132.729448",Japanese
72c1138d-3a76-40ed-a12d-1abfb542aa44,Size audience might strong authority enough yeah.,knox.com,Marketing,9110,no,yes,mobile,Chrome,2025-01-24T05:39:15,262,"-79.4613755,123.308564",English
3a9feefa-5beb-48e9-88ad-f42a57d8bafc,Represent fall phone give both design.,moon-sullivan.com,IT,6663,no,yes,mobile,Chrome,2025-03-17T08:08:36,223,"-62.3864005,-43.199666",Chinese
9ecf29b0-74d9-4f95-9dc1-98dbeaddfbf9,Care hit notice main adult.,obrien.net,IT,1233,no,yes,mobile,Opera,2025-03-03T06:34:52,424,"24.495216,78.431950",English
812885ca-4f41-43ef-b155-f6c6c75c2ff3,Wear guess carry left.,tate.info,Operations,8370,yes,no,mobile,Edge,2025-03-31T02:47:50,341,"-5.4586805,-87.466738",English
62a1d020-9dd1-459a-9800-8fc4db9c575c,Education continue commercial skin list strategy pass.,tran.com,Finance,7470,yes,yes,desktop,Chrome,2025-01-05T03:23:51,320,"-88.9945755,152.127980",French
d04eceaa-eef6-433b-a8d0-3caba2b351a3,Administration challenge particularly try.,tran.com,HR,3399,yes,no,desktop,Firefox,2025-03-25T07:36:45,232,"-80.238857,15.088306",Japanese
6aa1baef-89b5-4e15-9e42-270bb9ef1448,Tell case value political image eight son.,wagner.org,Finance,6812,yes,yes,mobile,Edge,2025-01-27T21:58:30,433,"7.3725765,70.790642",Japanese
1cecc49e-7ea5-4abc-87bb-99067f57822a,Why pressure use including.,johnson.com,IT,7275,no,no,desktop,Edge,2025-03-30T09:39:53,265,"-86.190481,141.754155",Spanish
b4074a86-f9fb-4c8f-ac9f-8c2d437e9c68,Weight must chair pull choose world executive.,morris.com,HR,9830,no,yes,desktop,Chrome,2025-03-16T19:56:12,344,"-58.853158,51.614833",English
251edd50-87b6-4e9e-a677-5d82f6c8d7cd,Red trip what civil.,armstrong.com,Sales,1600,yes,no,desktop,Edge,2025-02-04T11:49:17,409,"47.700197,27.871147",German
cefdc147-a9a2-403b-abf4-7e6dd2f8d5ed,Budget woman team all.,humphrey.com,IT,3710,no,yes,mobile,Edge,2025-03-03T12:31:34,20,"-28.3984815,-70.832214",French
a1b46759-d9d4-4607-9627-f4a0c5fa8738,Trade course country church thank.,cannon.com,IT,7464,no,yes,desktop,Safari,2025-01-25T01:33:50,39,"-86.795535,110.035761",German
e4918fe4-1d58-4d98-9db1-e5c23b08cba6,Much modern east raise a health himself your.,baker.com,Finance,2305,yes,no,desktop,Firefox,2025-03-25T18:15:10,296,"-64.268369,82.165486",Spanish
6eceb79d-72c3-4457-b4a0-d09c841464cc,Fly us draw take day.,owens.com,Finance,3963,no,yes,desktop,Safari,2025-02-08T16:57:00,575,"-40.044336,-40.564904",Chinese
18734a48-83a8-463e-8813-b31a488c026e,Industry dog force.,johnson.info,Sales,2087,yes,yes,desktop,Firefox,2025-02-10T09:08:33,72,"-11.9542125,103.485791",Japanese
e3642172-255f-41e2-b5c9-e13b5d794d36,Suffer employee step ago policy voice surface ask.,rodriguez.com,Operations,9115,yes,no,mobile,Safari,2025-01-01T21:54:18,96,"76.6957335,-58.016940",Spanish
2a5e426f-c17c-4fda-b7bc-b914445fa21d,Action contain report.,edwards.biz,HR,9979,yes,no,desktop,Opera,2025-02-21T04:13:24,426,"66.1755675,155.454808",German
55151571-9ad2-48dd-be2c-d6bbd6dadf9c,Never camera both reason.,taylor.com,Finance,6717,no,yes,desktop,Edge,2025-02-24T12:43:33,531,"-18.2186715,1.640810",Spanish
a535a828-971a-4a54-a7f0-f8646b93c4ca,Pattern performance remain lot draw under minute.,robinson-kennedy.com,HR,1862,yes,yes,desktop,Safari,2025-03-23T03:28:57,209,"-21.060812,-25.826102",Chinese
5ad138d2-9d84-48e8-8d00-e74a9203ddeb,Music drug hotel scientist college whole.,barajas.com,HR,4636,yes,yes,mobile,Firefox,2025-03-18T02:37:25,151,"53.766550,-73.164398",Spanish
24c60f98-14a2-446d-ba32-02252fcf091a,Perhaps require believe make staff one green back.,miller.biz,HR,7605,no,no,desktop,Safari,2025-03-31T10:21:11,333,"-53.496819,46.152615",Japanese
4070bf8d-a498-41eb-95bc-95539ba60497,Its carry certainly best.,frederick.com,Operations,4848,no,yes,desktop,Firefox,2025-03-18T11:00:37,347,"53.006911,12.290959",English
e072bef5-0bfa-4ed8-899a-d5b65d703bef,Everything conference seek spring many.,henderson.biz,IT,2096,no,no,mobile,Opera,2025-03-26T14:23:44,94,"58.668202,-121.267781",Spanish
85ae25ba-2c52-4fea-b29a-44d847da51f0,Total professor world follow give.,williams-pearson.com,Sales,5730,yes,yes,desktop,Firefox,2025-01-24T03:51:27,434,"61.577903,99.562627",Spanish
a3a1450f-9466-4929-9842-e1c34da38bbf,Perhaps pretty eat heavy necessary government without address.,terry.biz,Sales,9547,yes,no,mobile,Safari,2025-01-26T03:35:55,53,"-51.4474355,-4.655364",Chinese
cb9e89b0-9538-4136-beb5-4c1362a97ef0,North act hour degree stock than physical.,smith.info,HR,4117,yes,no,desktop,Chrome,2025-03-05T13:31:49,48,"-47.8381415,150.026993",Japanese
07e9187c-cabd-420a-9c3d-2af885f8acc7,Whose several training difficult various church decide.,alvarado.biz,Marketing,647,no,no,mobile,Firefox,2025-02-09T00:24:49,270,"6.422844,-5.578286",Spanish
0e31bfb8-334d-4dbe-a75d-e154e1962ce9,Story story cold civil let.,johnson-contreras.com,Sales,877,no,no,mobile,Chrome,2025-03-22T21:28:06,350,"-68.1114045,-173.224320",Spanish
edcdbbad-09ba-4887-a717-35f56a091a78,My focus read cost upon rock finish.,holt-rivas.com,Sales,5631,yes,no,mobile,Chrome,2025-02-25T22:49:32,86,"-15.360033,149.488174",French
b7965f33-7ae8-4173-a226-686ae4b84de1,Little senior pass half.,garcia.org,HR,1874,no,no,desktop,Firefox,2025-02-15T12:38:53,314,"85.407199,-74.795997",English
9cf57f5e-cf79-411e-97ec-2b6bf27577d6,Idea threat card decade.,scott.com,HR,7962,yes,no,desktop,Safari,2025-01-31T21:24:39,597,"11.3917015,8.860219",German
1a9a07e6-7d60-4edd-83f3-98a4550a602f,Card officer maintain artist anyone her chair minute.,campbell-myers.com,Sales,3371,no,yes,mobile,Opera,2025-03-03T07:59:12,559,"85.6518695,81.899257",English
4a3330d3-3c96-45a2-9d9f-7dbe47a5eabc,Alone indicate decision everything some.,meyers-blevins.biz,Marketing,5059,no,yes,desktop,Chrome,2025-01-08T17:51:37,60,"-44.931807,-112.381858",German
08481998-947f-44a5-b6e4-9da392a6a3a8,Can person yeah good.,garcia.com,Operations,7873,yes,yes,mobile,Safari,2025-02-07T12:55:26,331,"48.417555,103.429138",French
081e2a9c-f397-4921-8ffd-5862e85a0b8c,Onto call analysis toward.,lopez-brown.org,Operations,1642,yes,yes,desktop,Edge,2025-03-25T18:56:53,564,"74.7704935,151.560305",Japanese
e392dd18-25d2-4e95-9deb-ce8720d01807,Here benefit result live sort inside middle arrive.,pugh.biz,Sales,7844,no,yes,desktop,Safari,2025-03-25T00:44:15,591,"55.351248,124.406941",Japanese
4d6c5a86-f34f-44f0-b42e-e9955b9bf23e,Near painting manage American.,carr-morse.com,IT,2218,no,yes,mobile,Edge,2025-02-15T14:44:24,447,"-7.137790,169.053176",French
4bb988f5-8d85-4942-9fe9-e1b000710ed0,Color focus final focus.,gibson.com,Finance,3372,yes,no,mobile,Safari,2025-02-24T21:34:10,147,"-71.1989125,39.947682",English
b7d5261e-2231-4c80-86fc-a8f26ef1a81c,Best provide easy wrong number.,smith-richardson.com,Marketing,5399,no,no,mobile,Chrome,2025-03-28T16:18:52,183,"-52.6962525,6.989729",Japanese
6e98add9-1094-4013-ba34-2e751e8458d3,Treat accept floor young anyone color.,manning.biz,Sales,3350,no,no,desktop,Chrome,2025-03-29T21:01:49,581,"21.4163355,116.540897",Chinese
bb64101d-3e06-4ac2-9051-87cbb709277d,Affect building add born career.,powers.com,IT,8995,yes,no,mobile,Edge,2025-02-26T01:53:32,158,"48.295814,-3.300133",Chinese
d54f1eb2-d9f4-4c40-9c4f-fe76e7e86abb,Check entire our whose.,hill-shields.org,HR,5659,yes,no,desktop,Safari,2025-03-22T11:12:51,172,"-27.265177,-86.565690",Chinese
57d63d80-8fcf-4e3e-aaff-1e21d575092e,Republican ever should activity walk someone.,ball.info,Sales,9517,yes,no,mobile,Edge,2025-03-22T13:29:56,470,"-9.403671,122.313568",Chinese
fce30228-5921-42e8-8922-1127a73d7bc8,Worker maintain remember property movement character test son.,gonzalez.com,Sales,5922,yes,no,mobile,Chrome,2025-01-03T08:17:38,28,"-72.5232725,109.507766",Chinese
7bc5a50c-abe0-4684-968b-466d8c0332bb,Reality first leader might near purpose some shake.,knight.info,Marketing,5703,yes,yes,desktop,Safari,2025-02-17T08:00:16,184,"-47.174802,-138.862011",English
e980f407-0d83-4e9c-8778-b3b09048dc71,Under participant discussion despite debate.,robinson-woodward.com,IT,1107,yes,no,desktop,Safari,2025-01-18T13:50:16,187,"35.4060665,-44.379392",French
041d906c-ad68-4412-bec4-7392b425ef14,Foreign drug require base.,johnson.biz,HR,2804,no,yes,mobile,Chrome,2025-03-30T09:20:32,46,"-7.7300115,-102.276126",Chinese
ca71a7f9-92a4-4be9-9a26-daa4ce10e8b3,Outside building type way that size.,hernandez-williams.org,HR,9174,no,yes,desktop,Safari,2025-03-06T12:20:56,590,"-50.4186615,122.478705",German
f9bf8b87-2a89-40d8-a416-8a0d2af25a33,Office open create control lead.,smith-burgess.com,Operations,6207,yes,no,desktop,Edge,2025-02-08T09:37:56,508,"-5.551367,71.488783",English
7edb8195-bba3-4743-8b71-f78caaa02cea,One person draw moment information service opportunity.,morales.com,HR,3169,yes,yes,desktop,Opera,2025-02-13T10:36:04,326,"36.547419,114.789958",French
c1856022-dd95-42f6-9672-37700b0ed286,Use security without suddenly where month.,jarvis-dickson.info,Marketing,5656,yes,yes,desktop,Chrome,2025-02-18T01:23:01,182,"25.1735055,12.407665",English
562d3dff-e26c-4dba-8f3f-c4f747b20a51,Nor reach my floor early fish seem.,moreno.com,IT,2047,yes,yes,desktop,Chrome,2025-03-27T05:34:09,182,"43.379695,0.639328",German
fb68359d-7700-4d22-8fcf-1d8c4c069aa5,Physical would so through draw outside.,olson.com,HR,9370,no,yes,desktop,Safari,2025-01-14T18:22:55,586,"31.243086,172.478887",Chinese
79e43f00-b3c6-4bb5-a27b-56807b870629,Itself send wonder although team.,grant-thompson.net,Marketing,1827,no,yes,mobile,Edge,2025-02-11T15:09:32,214,"73.4649225,-19.334187",Spanish
a1c1c45a-2fdc-4f35-96ca-f4216f609367,Along something fast movie continue.,vazquez.info,Operations,3770,yes,no,mobile,Chrome,2025-01-10T10:47:08,30,"-21.879065,-28.062012",French
edc03630-fe68-4634-9f2f-9f777985d97a,Teach character performance nothing player three.,nash.net,Sales,9167,yes,yes,mobile,Edge,2025-02-05T03:29:16,365,"70.5300065,75.911912",English
4effd25c-828b-42fd-9b1a-727316a550c3,Name human group however already.,russo.org,Sales,3078,yes,no,mobile,Chrome,2025-02-10T20:44:48,316,"-62.727151,94.404042",German
4ef00393-b767-4f47-8e21-39d0084200b2,Stand top view beyond young practice high.,robinson-hall.biz,Finance,2968,yes,yes,desktop,Edge,2025-02-26T22:08:54,489,"-64.998277,168.800263",English
ca693219-5667-4551-8c8a-a923086f69bd,Federal but company participant treat story where.,thompson.net,HR,3607,yes,yes,mobile,Firefox,2025-03-25T13:12:46,469,"51.3832235,-43.810505",Spanish
d4b63a17-1101-461e-b8e3-a33934bd7857,Vote hair section surface key often.,leblanc-tapia.biz,Sales,4907,yes,yes,mobile,Safari,2025-02-16T02:54:03,266,"-5.2625375,-167.281683",Spanish
b26177e6-afb0-4632-ab26-15a214d9d6ef,Role risk several well know.,levine-stewart.com,HR,4500,yes,yes,desktop,Chrome,2025-01-10T23:01:03,497,"-66.934763,-66.520415",Chinese
e2b55a10-5195-40b1-acc1-657452fde9d7,Author money large too.,andrews.com,Sales,5126,yes,no,mobile,Safari,2025-01-24T20:18:02,372,"-11.9885655,132.934198",French
1d2af57d-2652-4549-bdc3-099e8484d03d,Probably ball wear design director suggest pressure what.,archer.com,Sales,6576,no,no,mobile,Edge,2025-01-09T21:29:36,150,"58.272801,85.489126",Chinese
cc1959d0-033f-4b85-bcf1-786e48727e1e,Improve buy whatever strategy political.,walker.com,Operations,4360,yes,yes,desktop,Firefox,2025-02-23T11:46:18,158,"-55.759350,-86.911476",Chinese
4281d173-ed9f-470a-a628-b43ece0343bc,Share thus method.,padilla.com,Marketing,3919,yes,yes,mobile,Edge,2025-01-16T22:08:56,252,"49.8265515,-129.380907",French
591ab325-552e-4e48-a634-f81489abcfa2,Term majority far debate everyone.,cooley-murillo.com,Sales,4192,no,yes,mobile,Firefox,2025-02-14T03:38:56,122,"-26.7639425,43.521498",Chinese
40cf886e-f453-447b-a205-b36919a9d32e,Cold itself cover material whatever song can.,cannon.com,Finance,3059,yes,no,desktop,Safari,2025-02-03T03:14:38,386,"-23.444447,-133.163888",French
a8139cf5-73e0-4783-a29b-ce49e68f77b8,Station strategy international everybody industry.,maxwell-moore.com,Sales,3490,yes,no,desktop,Opera,2025-03-21T20:13:51,221,"37.274339,-9.495393",Chinese
7ac1235a-67d0-4570-9144-4da51c25f115,Between member determine home whose respond.,spence-pierce.com,Sales,6405,no,yes,mobile,Opera,2025-03-06T12:49:16,451,"-47.281710,-104.693709",Spanish
31c7a740-cedd-4d78-b25b-2517bc0cf3f7,General any until.,anderson.com,Finance,3372,yes,yes,mobile,Chrome,2025-03-14T13:27:57,581,"-51.356870,-10.181168",English
2f1abeb9-323b-4a07-b538-472aaa336de4,Such yet him type Democrat.,patterson.info,Finance,2249,no,no,desktop,Firefox,2025-03-05T03:26:02,160,"-14.576739,-82.961724",Chinese
0579153f-a991-4ee6-8dc3-8ed4372c32a2,Say story each husband little growth score.,ford.com,Finance,9642,yes,no,mobile,Chrome,2025-01-28T12:16:46,466,"-58.963459,123.917402",English
9975bb2e-8fdd-47a7-b465-79a6880d9b52,Fight serve put we again community international.,anderson.com,Finance,6442,yes,no,desktop,Chrome,2025-04-01T08:12:19,22,"-73.643177,70.671094",English
c4ebe392-6688-4ce9-bbfe-24d5ead1ec40,Machine often coach short.,foster-diaz.com,Sales,3068,yes,no,desktop,Chrome,2025-02-14T13:05:23,246,"35.063243,-16.515341",German
4728fe72-111a-4ee7-a3c3-f267ff854774,Meet car every assume.,johnson-gordon.org,HR,6890,yes,no,desktop,Safari,2025-03-10T00:34:13,424,"69.803144,168.600268",French
c7a41179-f193-4894-9edb-e125ebbb6078,Decide offer during dog black.,weaver-mays.net,Sales,5458,yes,yes,desktop,Safari,2025-02-20T20:17:55,105,"4.9205025,87.178342",German
f18370d5-5e44-4551-b205-fdfbc78693ac,Trip together more economic.,reese-smith.com,Operations,6246,yes,yes,desktop,Firefox,2025-02-17T18:50:33,599,"35.0944905,-132.856369",Chinese
1d7f64b1-e3df-4a11-98bb-f91dd1000f9e,News ahead matter industry traditional.,olson.com,Operations,9700,no,no,desktop,Safari,2025-03-12T13:03:06,382,"39.8130485,-98.429197",Spanish
a799b940-52b1-4a68-95dc-e7be572f94d2,Strong indeed place assume.,baird.com,Finance,9583,yes,yes,desktop,Chrome,2025-03-20T10:12:50,533,"-87.709312,106.995667",French
ba4b2019-f476-4097-908a-09814e889e02,Green three business event.,may-zavala.info,HR,3593,no,no,mobile,Safari,2025-02-11T09:43:56,427,"23.4167935,57.185251",French
53cc5dfb-8a91-4a15-af24-763b12c105dc,Society purpose several.,durham-griffin.com,IT,7353,no,yes,mobile,Firefox,2025-01-04T04:07:02,407,"-38.5355575,93.241938",English
3697bdaa-f510-426d-b3d8-743d97e71585,Identify war specific truth clear.,davis-adams.com,Sales,5177,no,no,desktop,Firefox,2025-03-24T15:54:40,551,"-18.0074325,-75.724438",Spanish
152d3635-d716-40f0-9383-91ba8d60a5c4,Either happen address against.,patton.com,HR,8689,no,no,mobile,Chrome,2025-03-27T11:18:50,262,"68.0061425,5.098803",Spanish
9f13d61a-1ef2-4e7c-ad9d-2c615dab9194,Much me laugh see page.,gonzales-reyes.com,Operations,2665,no,yes,mobile,Opera,2025-02-23T12:12:07,543,"-78.240280,-26.419826",German
60615710-3cba-4a0f-9a72-176d31f2c8d8,Since wide article window organization when.,johnson.com,HR,538,yes,no,desktop,Edge,2025-01-08T02:57:13,431,"-64.2588315,143.454944",English
a4a585b4-e3b1-43af-9e74-13aaf6db58e7,Relate be expert politics.,austin-moreno.biz,Finance,1166,yes,no,mobile,Firefox,2025-02-21T20:58:44,207,"18.590654,-63.249863",Japanese
b7592fc9-e30e-4937-9dbb-d5d3ef8ec81a,Quickly until result activity page.,mason-day.biz,Operations,5368,no,no,desktop,Firefox,2025-02-22T11:28:59,460,"-89.2691825,-166.093850",Chinese
d158148e-a899-425f-8466-494b6271a06e,Mrs think beautiful action.,cox.info,Sales,7942,yes,yes,mobile,Edge,2025-04-01T18:23:18,597,"49.9027185,-28.928221",Spanish
5aeb043c-73fc-49cd-b8ff-344329b2efff,North do add those necessary.,anderson.net,Sales,2084,yes,no,mobile,Opera,2025-03-30T10:09:37,348,"-89.133315,169.864384",Japanese
0f9f1b5b-020b-44bf-aa4d-7a0dff75e975,That western skill century view.,navarro.net,Finance,4358,yes,no,mobile,Opera,2025-03-16T14:31:51,412,"-53.9314425,-177.586199",Chinese
4d070e11-039b-45c7-985d-23a7c2e5d47b,Western fish art foot.,leach.biz,Sales,3193,yes,yes,mobile,Safari,2025-02-02T15:11:43,594,"-12.6295155,99.345694",Chinese
f527d670-19aa-4381-bfa4-781171f78c9a,Audience finally girl majority anyone nice really.,cox.com,Operations,4356,yes,no,mobile,Edge,2025-03-28T17:49:43,212,"-10.3371005,-104.141499",Japanese
94322029-30f9-427a-a238-8646230e42f3,Clear father something carry stock.,parker.org,IT,4291,no,no,desktop,Edge,2025-03-06T22:55:39,113,"44.2795895,131.281387",Chinese
0e23443c-6c3a-4c5d-972a-01f934c7cb11,Because week law boy half.,estrada-burke.com,Sales,8184,yes,no,desktop,Chrome,2025-03-16T00:47:53,64,"57.357370,5.599704",French
a25e97a9-a17d-497d-bb5f-de7f0f9ccd9d,Serve word different get important.,fitzpatrick.com,HR,6796,no,no,mobile,Firefox,2025-03-28T04:22:47,378,"-51.561018,-76.622765",French
f51beb40-f805-48bb-b88b-59f2d78bcd81,Seven high fact western avoid very successful.,montoya-patton.com,Operations,4591,yes,no,mobile,Edge,2025-01-07T05:32:02,81,"-35.259769,115.681609",Chinese
7c566dfa-c247-459f-b4e7-acef1bdce972,Bar language hospital kitchen building.,davis-wood.net,Operations,913,yes,yes,mobile,Chrome,2025-03-04T04:55:03,575,"51.124908,-65.409933",English
479b3e75-2ac3-4cda-8a53-e9dd820caa26,Run husband leave cold before require interest.,chavez.net,Sales,1314,no,no,desktop,Chrome,2025-03-20T22:15:10,289,"-89.9284835,117.974346",English
efa52523-7a07-4d28-b48e-934767b1a116,Us project sometimes participant hundred.,sullivan.com,Sales,7861,no,no,mobile,Firefox,2025-02-21T15:55:03,330,"17.053293,-105.178311",Japanese
ace53dd9-1b0a-478c-9a54-7dc176d82300,Couple describe consumer become couple itself know.,gonzalez.com,IT,520,yes,yes,mobile,Chrome,2025-03-07T02:27:47,573,"-73.2524395,101.685305",German
efa5d92f-7d07-4b63-b369-69b10d5ce3de,Happy yourself speak piece lawyer than similar.,miller.org,Operations,1763,yes,no,mobile,Edge,2025-03-02T17:43:10,598,"33.559505,126.561653",French
1fe44e2d-eece-4711-90b3-d4439e70f540,Few bank sell outside hold.,stewart-young.net,Operations,8491,yes,yes,desktop,Firefox,2025-03-25T03:53:47,211,"29.971538,-47.221000",English
7bfff8de-947a-4b3d-946a-03f671145c4a,Dog above American.,reed.com,IT,9122,no,yes,mobile,Chrome,2025-03-29T18:25:19,438,"84.3468085,-138.659975",German
bad785b7-f40f-4428-827a-23f4856662e9,Environmental customer Congress sure.,gilbert-fernandez.biz,IT,2761,no,yes,mobile,Edge,2025-01-08T06:33:15,175,"40.366399,1.485084",Spanish
750ed9d0-cab3-49dd-9d9a-794959eff920,Present machine century stuff maybe wind.,douglas-harris.com,HR,9584,no,yes,desktop,Chrome,2025-03-03T00:09:29,120,"-74.984058,-145.725647",German
35ac8d67-c3b8-48fc-8a60-3173e7458044,Education old never politics.,castro-petersen.net,Marketing,9802,yes,yes,mobile,Edge,2025-01-11T16:24:28,231,"-69.177587,-19.132876",French
6a35b149-2c87-4295-9d8d-5551dc35eb5a,Identify positive Mr special.,contreras-carlson.com,Finance,8297,no,no,desktop,Edge,2025-01-19T17:13:33,424,"-79.444383,178.549927",English
2b35dd86-ecb0-404f-9448-010c20e187a7,Threat clear home risk very book yes.,molina.com,IT,3390,yes,yes,mobile,Safari,2025-03-17T19:04:48,52,"-61.454842,163.985408",Japanese
fa194155-afce-4ac3-9a66-438aa5496709,Seem trip admit charge.,porter-gillespie.com,Sales,1081,no,yes,desktop,Opera,2025-02-02T03:38:39,433,"14.721522,-34.195428",Japanese
889f1b13-10e9-4a7b-a0b2-57e4e9acf752,Drug decade strategy discuss.,gilbert.com,IT,6155,no,yes,desktop,Opera,2025-03-03T01:03:34,482,"73.137427,-125.171239",German
477f2da1-e071-4090-9b64-5a2b0eaebf22,Job east mouth cultural page serious lawyer office.,jones.info,Marketing,6359,yes,yes,desktop,Firefox,2025-03-02T09:05:59,203,"33.5264325,-78.287769",Japanese
488647a9-aa61-4795-a7d2-71a577683a98,Wonder everyone main attention yourself.,goodwin-spencer.com,HR,2526,yes,yes,desktop,Firefox,2025-02-21T21:34:18,558,"-60.0153225,-14.689393",German
13e3a99e-75c8-496f-ac23-d997b5c5760e,Soon generation expect area commercial response visit respond.,barron.info,Sales,8756,no,yes,desktop,Chrome,2025-02-17T14:17:40,488,"-6.204725,-47.277159",French
3b5cbb6f-9d45-4a7a-9cc5-9c1f60cb1c16,Lay resource wall analysis.,wright.net,IT,666,no,yes,desktop,Edge,2025-01-25T05:11:40,565,"47.1794195,-85.699587",Chinese
42aadd98-fc7c-4440-adb2-4d4afb585c00,Power course performance member season traditional.,taylor-edwards.com,HR,7866,yes,no,mobile,Firefox,2025-01-01T11:41:30,65,"-85.772774,-98.529377",Spanish
4967ae4d-523c-4a53-9efb-94ae16e1ff8a,Wait paper bank report the.,parker.com,Operations,1919,no,no,mobile,Firefox,2025-01-03T23:08:42,72,"-14.643085,-162.254880",French
51f90283-5db1-4b00-846b-c0f6f4f6a8ec,Hear season other fight.,lewis-hester.com,Finance,5416,no,no,mobile,Firefox,2025-03-09T11:23:04,549,"-83.7840935,97.298771",Spanish
e6558988-6fcb-48bd-b00b-d1b70ab6f111,Design thank four result model product.,gaines.net,Marketing,6579,yes,yes,desktop,Chrome,2025-03-19T17:53:44,365,"29.1799155,-67.698311",Chinese
6e013942-bad3-40f1-bb63-2f6fba3c4f2c,Feeling owner choose wide dinner successful main.,ruiz.com,HR,8022,no,yes,mobile,Firefox,2025-03-23T10:05:37,345,"-7.6435695,-84.483657",French
f1bdb96c-dfdc-486d-b59a-bd5fabc4c45e,Act and fine back war particular.,bowen.com,Operations,3801,yes,no,desktop,Edge,2025-03-26T09:31:50,152,"-7.818804,-52.625220",Japanese
8054f740-aa58-43ca-be3b-816d452a8873,Environment everything trip evidence line inside young.,kelly.com,HR,3551,yes,yes,desktop,Firefox,2025-01-05T19:22:20,232,"-45.013563,124.440858",Chinese
9e610833-2edd-45be-b86e-cea02295b017,Agency fast worry realize grow home.,blair.biz,IT,6752,no,no,mobile,Safari,2025-02-27T16:22:52,391,"-70.088401,68.985517",English
78b9ae21-15b3-456a-a4d9-f426debb948d,Team reality send mission.,salinas.com,Marketing,806,yes,yes,mobile,Opera,2025-04-01T10:53:37,242,"50.252904,44.281630",Chinese
cf8a7ce6-4085-4a10-8b79-18f20afe8c8d,Read stand star grow receive control.,chavez-cox.info,Finance,5093,yes,yes,mobile,Safari,2025-01-02T01:32:16,581,"88.4770455,-10.940323",English
68fcd669-e287-438b-8ffb-e9c668ca0cde,Ok lose tax house from most team onto.,smith.com,Marketing,3966,no,no,desktop,Firefox,2025-01-24T17:16:06,541,"-88.834081,-130.829594",English
573c065c-f7c9-45f6-9bdc-a4087a6d8581,Defense with word red.,mendez.com,IT,4206,no,no,desktop,Safari,2025-01-15T19:31:14,103,"-58.3995575,139.161566",French
15ae63c8-ebf1-4aec-a56e-5f41a0c3b2ad,Beyond choice rather hard fact.,morrison-gardner.com,IT,8697,no,no,desktop,Opera,2025-01-28T00:07:42,239,"48.7142055,-4.734824",French
c7cbfa31-c382-4f60-a61c-1385c271f0c7,Similar body board.,garcia.com,Finance,6975,no,no,mobile,Firefox,2025-01-06T10:42:01,165,"10.7359165,167.575181",Spanish
bfce1666-55f1-401d-99c7-d5d3298ef3dd,Get civil every thought amount in than.,mann.com,Sales,8123,yes,yes,desktop,Opera,2025-01-26T02:00:24,319,"51.5266055,-142.102615",Japanese
bac6cf2e-7816-48a1-ba79-3e595e7eb4d8,Star free decision specific moment provide.,mendoza.com,Operations,8517,yes,yes,mobile,Safari,2025-03-18T10:39:08,239,"-27.3690165,62.740187",German
391a47a7-3eba-4e14-83a7-a126d6a3c9f5,Entire common Mr very.,andrews.com,Marketing,9018,yes,no,mobile,Safari,2025-01-31T11:01:24,101,"30.9589555,156.231332",English
7704a62c-e9ba-4135-8f05-e37c0341fc2d,Hand next high material.,smith.com,Sales,8379,yes,no,mobile,Chrome,2025-01-25T05:57:11,317,"74.2495545,-177.766125",English
664d7144-a2e0-4e74-949b-14982e891b31,While around under scene go.,fitzpatrick-peterson.com,Marketing,3695,no,yes,mobile,Chrome,2025-01-04T00:23:50,468,"-59.920812,-88.685977",Spanish
18454401-9a47-4b76-ad42-469548a9e0da,Newspaper practice way talk image structure.,garcia-lynn.com,Marketing,2816,yes,yes,desktop,Edge,2025-01-17T18:08:43,420,"-46.339657,112.452654",Spanish
14bd6061-3d98-44f4-aea5-6efe3440411d,Race perhaps parent body mention management eight.,day.com,Marketing,5407,yes,yes,desktop,Edge,2025-03-27T09:24:03,564,"1.920429,170.341292",Japanese
136224b8-feb2-4811-9651-a49fe13069bb,Economic black nearly institution way seat.,maddox.com,Marketing,7519,yes,yes,desktop,Safari,2025-03-31T20:38:14,110,"-6.854413,-46.680378",English
7e018cd5-5359-459a-bc35-f5fabc8c8ee6,Mean site gun.,larson.com,IT,9322,yes,yes,mobile,Safari,2025-01-06T01:47:37,79,"39.8587665,99.402860",Spanish
0ef1529f-5037-4df4-a5f9-e7c37e4f93d0,Officer same not suggest reveal become.,stevenson.com,Marketing,6523,no,no,desktop,Opera,2025-01-06T07:53:37,32,"-66.3631445,-167.202085",German
86bcaf0b-0f20-4779-9a44-0e2e18778544,Late by where event know probably.,elliott-ward.com,HR,8640,no,no,mobile,Safari,2025-03-18T21:30:52,184,"81.8939995,-119.361137",Spanish
8e9a0986-fe8c-4fee-a1eb-fef8c418ac9f,Billion notice son when political view I whether.,robinson.com,Marketing,9533,no,yes,desktop,Safari,2025-02-12T03:49:28,78,"23.5373565,44.991691",Japanese
d64a5752-d3c7-4536-8945-b4d9e2a69647,Wife citizen often somebody.,martinez.com,Operations,7272,yes,no,desktop,Opera,2025-01-08T09:42:00,331,"-2.0458625,-136.685749",Japanese
67991f17-e677-4444-9966-e9262a9156b2,A suggest team American green writer machine.,butler-rivas.com,Sales,8208,no,yes,mobile,Edge,2025-02-03T13:41:10,219,"-10.5919175,144.463327",French
246b12b5-068b-498b-9b16-b9fbb585c21d,Age cut whom sense collection position final any.,weeks.net,Finance,9861,no,no,mobile,Edge,2025-03-21T02:36:45,133,"23.7238795,140.621626",Japanese
3c33b99b-17f8-426e-9474-c2910db10661,Risk present especially network.,lewis-barnes.com,HR,3890,no,no,desktop,Safari,2025-02-25T22:43:38,51,"46.815595,172.682398",English
70bdc90e-7aae-418c-8678-7c3c862e3cc2,Time change land report address test suggest might.,rollins.org,Sales,7430,yes,yes,desktop,Safari,2025-01-12T23:58:28,315,"89.139504,75.842351",English
06374523-d4cc-4e4e-982e-8f37975e3645,Yeah watch evening.,mann.com,HR,9404,yes,yes,desktop,Chrome,2025-01-04T05:07:49,114,"38.138303,-112.886510",English
1be7be85-3250-4822-911d-a0f91b02f37b,Which two anything garden more.,riley-morgan.com,IT,9839,yes,yes,desktop,Opera,2025-01-02T00:46:08,554,"33.5499605,-139.237508",Japanese
c228625b-2302-4429-8c4b-39e1f27e8746,Dinner step property may it real them.,shaffer.com,IT,8566,yes,no,desktop,Chrome,2025-01-31T19:24:55,88,"-59.8075885,71.137308",Spanish
1b76bfc2-2cff-4f79-8cd7-1fae2bdc0ec4,Mrs analysis happen number main.,gaines.com,Sales,5711,no,no,mobile,Firefox,2025-02-13T00:00:45,156,"-35.9982355,151.168900",Japanese
348e6099-6ea9-46e5-86fc-7348858ceba9,Let information guy.,patterson.com,Operations,2597,no,yes,desktop,Safari,2025-03-28T04:26:27,409,"-37.454268,58.653951",Spanish
63d098fd-e660-4d95-b9c0-2a990e283768,Paper friend politics personal possible design.,white.com,Marketing,5490,yes,yes,desktop,Firefox,2025-04-03T17:09:49,507,"-37.0152085,-57.775756",German
69da6fcc-38a9-4c30-bff1-1fb7eeaa98e6,Same professor wait including try their deal.,tyler.net,Finance,4300,no,yes,desktop,Chrome,2025-01-28T10:00:01,29,"15.0615885,-162.164890",German
2ebef528-bb28-44fc-abce-4d712cc9eb2f,Themselves beautiful guy ever quality yourself deal.,green.com,Finance,6487,yes,no,mobile,Firefox,2025-02-10T08:13:18,137,"-44.6092145,-24.690719",French
85b31917-dffb-4cc2-9ed0-8f505d690316,Write blood wall forward another.,nielsen.info,Marketing,6930,yes,no,mobile,Edge,2025-04-03T19:24:28,231,"58.461174,151.077620",Spanish
04ecc243-6c30-4722-b7ed-d4b4b981dc83,Everyone piece religious bed mission worry.,beasley.com,Finance,778,yes,yes,mobile,Opera,2025-03-04T00:43:38,556,"86.405727,172.885611",Japanese
89fbc202-22c4-497e-92ba-4b19689c2028,Last most deal better interest protect student.,meadows-alvarado.com,Operations,7983,yes,no,desktop,Chrome,2025-01-30T14:49:12,283,"4.401967,172.489889",French
00f65889-48ec-42a8-b320-83f684689af8,Peace contain interesting away about chair.,mitchell.org,Finance,9244,yes,no,mobile,Chrome,2025-01-14T04:51:39,60,"-59.644649,-83.058931",Spanish
69c6139c-b4b6-4955-8a0b-0af6dc33c1a8,Response tend floor sea.,ryan.com,Sales,7517,no,no,mobile,Chrome,2025-01-19T08:20:37,97,"87.038983,18.089988",English
4f4eed32-2e2e-43bf-ab25-a1c99c6002b9,Establish all method receive consumer structure.,campbell.com,Finance,2597,no,no,desktop,Safari,2025-01-16T00:52:11,382,"-82.643375,135.417033",Spanish
6a8062ef-e8f4-4560-b73e-4f8015a9a319,After us agent support true food.,bell.com,Finance,2199,yes,yes,desktop,Edge,2025-02-27T16:01:57,365,"13.473294,-165.414859",English
8b243a04-20b8-4187-8afb-1cb062417318,Develop although traditional type at break class school.,flynn.com,Marketing,805,yes,yes,mobile,Safari,2025-01-24T16:55:21,429,"-72.3092825,-33.273766",English
44dc6d63-4bf2-4114-9202-2e531fd8f669,Thousand star effect meet billion out.,robles.com,Operations,1102,yes,yes,mobile,Opera,2025-03-06T11:20:18,482,"22.2421915,-84.510967",English
231ee19b-fc1e-40d4-8c24-b181df19abb4,Up mean rather walk reveal executive chair.,livingston.com,Operations,2342,yes,no,desktop,Chrome,2025-01-23T21:42:10,491,"-1.8825215,171.418462",Japanese
105b258b-786a-40bb-8f75-9025cfdcdce0,Cause make hope he.,reynolds.net,Finance,5296,no,no,mobile,Safari,2025-03-18T21:38:32,440,"-32.916270,-92.488444",Japanese
bcf0a77f-9c34-4087-aa52-f01786e97366,Fight low statement it within type.,duffy.info,Marketing,6459,no,yes,desktop,Safari,2025-02-22T23:12:12,378,"-88.907103,79.451228",English
4c3cdc67-6a36-48d3-b67f-e73ddb84ea49,Public his expect issue into the.,hart.info,HR,7972,no,no,mobile,Chrome,2025-02-01T07:52:09,408,"0.041940,97.154561",Japanese
31765814-3d70-4664-8edf-46c8b59a8ab1,Television feeling next action quite personal fly.,andrews.com,Operations,6026,yes,no,desktop,Safari,2025-01-03T15:04:30,127,"79.039634,94.733258",French
6583a0ad-679d-4a77-b64f-ee882b63bed6,Change yourself politics appear.,hernandez.com,Sales,3565,yes,yes,desktop,Chrome,2025-01-27T00:13:52,67,"78.181984,-17.068511",German
8e8c5104-b2a9-42da-ab8d-5d3cf3ed03e8,Body main sort relationship energy present thousand.,booker.com,Sales,945,yes,yes,mobile,Firefox,2025-02-04T21:46:49,586,"-73.9829425,52.275240",Chinese
74a0dbc3-5f7d-43df-b380-198389356467,Series anyone affect notice.,long-walker.com,Marketing,5474,no,yes,desktop,Firefox,2025-03-02T02:13:30,435,"-81.221736,-54.429296",English
a6d660ee-0f1e-4e0f-ba72-9e791352d4ca,Move indeed son full leave give enter story.,ross-reese.com,HR,4782,yes,no,mobile,Safari,2025-03-02T14:35:56,469,"39.0284735,93.247573",Spanish
b7e493b5-c341-4142-b554-7c472220f4b6,Enter Mr process model all economic.,beck.info,HR,7826,no,yes,mobile,Edge,2025-04-01T06:18:57,82,"-23.3720255,41.511640",Spanish
80e15606-383e-4ef7-9858-9ed637b9adf2,Nothing than out notice.,mcintyre-taylor.info,HR,5180,yes,no,mobile,Chrome,2025-02-13T16:29:47,451,"-32.7757755,-173.173617",Spanish
6efa0179-07ee-407b-ae7b-272e086ecce2,Hear collection quite their drive.,gonzalez-james.biz,Sales,2036,yes,no,mobile,Opera,2025-03-18T16:28:23,30,"-43.633849,176.456632",French
034b6e10-7aeb-4cce-8a6e-4c1e4dbb1746,Family pick computer would image.,evans-peterson.com,Marketing,1853,no,yes,desktop,Opera,2025-02-14T02:50:20,205,"-59.262098,-68.915849",Japanese
08684ce2-9464-43b6-b488-580f166cef43,Air evidence president southern treatment social.,moore.biz,IT,3652,yes,no,desktop,Safari,2025-01-14T05:26:45,152,"44.349262,-103.481158",English
23c3ad74-255d-48fc-8c37-3a670cff2222,Likely artist few teach care ok.,young-garza.org,Marketing,5110,no,yes,mobile,Safari,2025-02-23T01:57:58,470,"-44.209867,130.243372",German
f2d9bf56-e736-4224-8916-d8472ed046ff,Past understand whose back.,andrews.net,IT,3274,no,no,desktop,Safari,2025-01-19T07:41:06,150,"74.682741,57.843214",English
8925cea2-2970-4a2d-9819-16da1c75695d,Best move land.,barnes.com,Operations,4808,yes,yes,mobile,Chrome,2025-03-12T13:13:22,542,"58.9113825,-141.842952",Spanish
91a2bd27-4790-48f9-941e-d1072c813c15,Any against head low.,strickland.com,Operations,8723,yes,yes,mobile,Firefox,2025-01-25T21:15:46,483,"70.1692065,143.285052",English
07b7b0c0-51b6-4a2d-beee-69c1925f0bfb,Sell line fire cut.,trujillo.com,Sales,5052,yes,no,mobile,Opera,2025-03-01T15:36:32,380,"19.389173,92.393925",French
daacde7a-e0f5-42c0-bf5e-0eba2ff04eb6,Low strong everyone.,warren.com,IT,7158,no,no,mobile,Chrome,2025-01-16T12:50:35,599,"70.495711,-127.266340",German
fc4ccb86-3ab5-4efc-a37d-3abd32aa1def,Explain sister level test career stop describe.,brown-cantrell.com,Operations,2407,no,no,mobile,Safari,2025-04-02T08:55:58,347,"85.1084805,-45.422533",Japanese
f2ff704d-ae65-4aa8-be77-cffa86ae89f9,Spend do term final thousand consider federal arm.,chang.net,Finance,9048,no,no,mobile,Safari,2025-01-06T05:21:43,393,"79.393390,-139.617419",French
b055e186-b3c8-49dd-b3fd-b28889b28d80,Phone fall above enough as he.,vargas.com,Sales,3861,no,yes,mobile,Firefox,2025-01-13T18:11:33,550,"30.5641865,144.070936",French
503f188d-d486-47e1-b89f-87f594c0b4d9,Art suggest option plan southern agency.,collins-smith.net,Marketing,3439,no,no,desktop,Firefox,2025-03-05T16:28:16,566,"88.499106,-97.381577",Spanish
bd84ebe7-80f2-48fb-8c42-ae8c9e24fd16,Ahead many someone partner arrive sort.,guerrero.com,Marketing,3446,no,yes,desktop,Firefox,2025-03-22T23:56:40,580,"43.089582,-126.944620",Japanese
d7703a7e-bb1d-42d9-a66a-0326a7395b80,Contain recognize prepare interesting than sister.,turner.biz,Finance,4785,no,no,mobile,Chrome,2025-02-28T16:33:01,302,"-49.4772055,-119.675429",English
92406014-d62b-422c-a730-50ce90555e53,Yard drive your.,thomas.com,Sales,5058,yes,no,desktop,Chrome,2025-02-25T23:35:01,174,"47.7431715,153.857664",Spanish
0bc31ebc-b0ab-46a6-ac11-8e6d50e4e987,Race likely or throw idea lose.,roberts-riley.org,HR,854,no,yes,mobile,Edge,2025-02-06T06:08:42,55,"-18.540394,68.274563",French
14479b25-bff0-4c73-ad9a-d6e204842e1e,Treatment full church stay contain if investment man.,lopez-sanchez.com,Finance,5365,yes,no,mobile,Firefox,2025-03-21T22:17:57,26,"21.867317,7.907560",Spanish
a733a1e1-ab7c-46a6-b7d9-8da2035372a1,Task glass large very.,prince.com,Operations,7156,no,no,desktop,Firefox,2025-03-04T06:27:16,125,"42.7004255,171.190879",Spanish
00bf1a32-32aa-486e-b11d-b6bc1f0e8c08,Majority instead all worry.,anderson-bennett.biz,HR,6499,no,no,mobile,Edge,2025-03-29T19:20:25,92,"-76.8952765,41.373533",French
c68e511d-be38-46ee-888a-71154f615691,Would author with.,salazar.biz,HR,3313,yes,no,desktop,Firefox,2025-03-14T22:35:19,169,"42.2117505,-32.572245",Spanish
72a243ed-f445-4eaf-a248-faf9d9d9422a,Foot they economy.,beard.biz,Sales,6595,yes,yes,mobile,Chrome,2025-02-17T05:40:37,410,"-11.1169295,-18.685755",Chinese
79113137-18ad-4829-8610-a9f0de0b1843,Consider song radio baby really bit glass throw.,cox.com,Sales,5979,no,yes,mobile,Edge,2025-01-11T00:13:21,406,"-5.340488,90.065133",French
e6b8e0bb-8651-4a3e-b9c8-f0b97bf85a57,Safe chance remain goal your work.,shelton.com,Finance,1422,no,yes,mobile,Edge,2025-03-12T15:39:27,79,"61.2647015,81.899552",German
12490908-e340-40e7-9b0f-e7f1d0aba30f,Successful century compare budget.,beltran-ferrell.com,Operations,4668,no,no,desktop,Firefox,2025-03-21T08:44:39,414,"-85.342806,101.057469",French
09e1b45f-1e1f-4a88-b1aa-c91d0d4158d1,Resource pressure lot grow.,glenn.com,IT,2343,no,no,desktop,Firefox,2025-03-31T04:26:03,452,"-11.499162,28.954583",Japanese
8513b1d3-7885-4b05-8eb1-c12896b083bd,Opportunity produce eight central under black agency second.,brooks.biz,Marketing,7927,no,no,desktop,Safari,2025-01-07T22:05:00,231,"36.284158,126.544704",Japanese
c4669b89-ff0a-4d16-af94-75a8e7cdeb4f,Job stage live get commercial.,holland-bradley.com,IT,7531,yes,yes,mobile,Chrome,2025-03-31T02:06:52,45,"58.3260765,-149.877945",German
2556725b-e3d6-43fa-b7de-4e0b9e5c2796,Employee section middle even.,clark-williams.com,Marketing,5476,no,no,desktop,Chrome,2025-01-10T03:06:52,242,"54.6532355,-124.816891",Spanish
c7c92fe5-431c-4b0a-ae2f-7048eaa9d07d,Room resource fast be need.,rivera.com,Marketing,4969,no,no,desktop,Edge,2025-03-03T05:32:19,138,"28.331011,-148.361961",Chinese
4fb8e1ed-e72c-4771-9606-9c8efef7560c,Capital animal party central hundred statement.,roberts-thompson.com,Marketing,899,yes,no,mobile,Chrome,2025-03-17T17:22:52,362,"-24.2975335,-71.880081",Japanese
96671e90-3fd4-43ec-aa55-ee93a93096c4,Which role nation few.,nelson-blake.com,Marketing,6389,no,no,desktop,Chrome,2025-03-17T02:29:18,314,"44.687048,-92.093555",German
cf5c1671-c03d-4a6e-9f99-bd43aaba862f,Today him weight drive behind worry network.,garcia.com,Operations,3390,no,yes,desktop,Edge,2025-01-05T02:46:44,58,"-74.5355415,88.207421",French
b3bee509-9a6a-42c6-bcf0-2cf0d3f1d3c9,Hold among program.,wiggins-weber.com,IT,4451,yes,yes,mobile,Edge,2025-02-15T01:29:16,422,"-6.670883,63.896456",English
346bd3ca-a19e-485a-ad22-7203b506d76b,Me beyond eye forward.,chambers-santos.net,IT,6200,no,yes,mobile,Firefox,2025-02-06T19:58:28,326,"-16.229067,24.863830",Japanese
6e1888cd-c046-4a63-87c7-2842157c175e,Middle actually billion trial easy dark already.,mcfarland.com,Operations,8652,no,yes,mobile,Chrome,2025-03-10T16:34:14,521,"-56.865173,-178.400468",English
ba467c4e-5a03-42ee-a1d2-3f6d0deb2e5d,Present child edge natural happen produce different.,chase.com,Finance,5402,yes,yes,desktop,Edge,2025-03-01T15:34:26,549,"41.0649025,19.510408",Spanish
6e42b691-b434-4ba4-bd97-8cd72dd988fa,Care stage eye political of.,hodges-reese.com,IT,6038,no,yes,desktop,Safari,2025-03-12T22:28:48,594,"1.0059405,31.313354",French
9c7396d9-0801-48c2-bf54-132327113c0d,One seem or board left would expert face.,woods.com,Operations,1168,yes,no,mobile,Firefox,2025-02-09T19:28:11,384,"-28.201126,110.601410",German
28b84340-f61b-4764-ae88-089002ba721a,Teacher talk miss audience vote.,martin.info,IT,1052,no,no,mobile,Safari,2025-02-04T18:47:58,516,"-53.5552465,113.719199",Chinese
32357fbd-992a-4a34-a2d7-0f63a5ca8d50,Car audience foreign father.,torres.com,IT,2130,no,yes,mobile,Edge,2025-03-05T15:39:39,555,"-34.839145,19.963655",German
3f4f4065-d45a-4a4b-a514-d3d77c2012b9,Good sell may material road carry.,cox-berry.com,Finance,4561,no,no,desktop,Opera,2025-01-30T19:45:44,296,"-58.1938195,-80.757519",French
cf336cca-c793-4953-8215-56e5a89b6a3b,Finish particularly world very born option.,soto.com,Sales,8096,no,yes,mobile,Opera,2025-03-01T18:17:16,112,"10.4687905,13.817285",French
c2b65bed-bbde-4fb4-9a3a-3f68a7967eda,Instead him laugh board model produce.,mueller-cox.com,Sales,1878,no,no,mobile,Firefox,2025-02-15T20:33:51,582,"-19.839927,88.844836",German
308ac561-5dd7-4c85-b102-46c07663708a,Fall our instead.,vega.info,Sales,9037,yes,yes,desktop,Edge,2025-01-27T07:37:01,421,"6.2362835,0.672639",French
4580fdf2-f74c-4ec2-a077-5efc1f057a2d,Interview age for very thousand pay stock.,meza.com,Finance,5126,no,yes,desktop,Firefox,2025-01-08T06:49:25,296,"49.5718845,136.601587",Japanese
f3162cd8-be8b-4dd5-92e6-8a2664dd4330,Dark finish subject sometimes find ever write.,watson.com,Marketing,6165,no,yes,desktop,Edge,2025-01-11T19:00:43,256,"28.550345,-42.753243",English
b147a990-b740-4a9b-8a47-13498cbc4427,Include cup nature chair son well.,bell.biz,HR,4891,yes,yes,mobile,Chrome,2025-01-20T04:23:13,188,"50.9415805,46.336646",Chinese
6ea96ad2-d535-4e07-9e53-7aa708307d86,Send consider piece nation note throughout wait.,clements.com,HR,9851,yes,yes,mobile,Safari,2025-01-30T15:16:50,247,"-3.573671,-8.502438",German
3a0ef72f-cf16-4348-be58-78b8bd5d4b4f,Knowledge soldier agency example structure nearly.,barber.com,Finance,7166,no,yes,desktop,Firefox,2025-02-11T10:24:40,349,"41.9175825,-41.769527",Japanese
60bb94e4-c807-418b-817d-5f09792b2537,International student yard news leave.,wiggins.com,Operations,925,no,yes,desktop,Firefox,2025-01-10T06:34:12,330,"-61.1519395,32.668022",German
9ec86f2e-ba9d-4227-acfe-16e2c797ac1d,Out significant public skill.,massey.com,IT,3609,yes,no,mobile,Chrome,2025-01-05T22:47:29,107,"70.1023805,-168.360054",Chinese
5299c95e-07e3-4c13-ae36-6924db1253e0,To already relationship across nation food.,hutchinson.com,Sales,2264,yes,yes,mobile,Safari,2025-01-09T13:54:21,210,"-44.9867975,-87.089695",Chinese
94c9bd3f-a774-4b61-875b-0f309d465e4b,Several see poor lead this.,drake.com,HR,3899,no,yes,desktop,Edge,2025-01-06T14:03:40,540,"-62.993503,-111.548164",German
41c737d2-16c4-49a1-84fc-60454f05a1d1,Pattern factor tough present.,johnson-brown.com,IT,5367,yes,no,desktop,Firefox,2025-03-02T03:08:17,483,"24.1175755,-118.077458",Japanese
b42257e9-df7c-458e-8c56-5acb3e5087a7,Go idea rate control claim.,warren.biz,Finance,7222,yes,no,mobile,Firefox,2025-01-01T06:48:56,246,"86.3117635,43.103897",French
d69e365a-311f-4b52-964e-38ffae9e48f0,Task hotel off strong try cover family.,watson.org,IT,6570,yes,yes,mobile,Edge,2025-02-08T18:17:32,394,"-58.3036505,151.835511",Chinese
2be0d025-7715-4132-b0db-02456512bbf5,Free social nice worker front.,barker-bailey.biz,Sales,7679,yes,no,mobile,Firefox,2025-03-13T16:58:50,321,"-81.3037005,0.495673",French
94e6c9f2-ccc6-4814-8f58-3a46b4f9a186,Could they while hold table car Mr.,ashley.biz,Operations,6561,yes,no,mobile,Safari,2025-03-30T02:18:09,221,"54.190794,173.239022",Chinese
b86d56c7-7ef2-49ba-8a0b-9d1c497df013,Drop put up third.,martinez.com,Finance,7594,yes,no,desktop,Safari,2025-03-16T08:36:28,187,"-40.449173,-88.133492",Spanish
e418adfb-6a7f-4ab2-b449-55b69c022f0f,Improve store high tough chair.,graham.biz,Finance,4814,no,yes,desktop,Chrome,2025-01-30T11:45:50,518,"74.4533115,158.334631",Spanish
3d7ae689-6073-4b0a-b302-c8a0683484d1,Mission still others wrong know just.,wright-coleman.com,Operations,5362,no,yes,mobile,Chrome,2025-03-27T16:53:11,21,"-11.0634725,109.004664",German
61a9e424-d12e-4562-b9d5-6b16e8531b17,Task when center defense party.,weiss.info,Sales,6009,no,no,mobile,Safari,2025-01-27T19:20:51,224,"36.7020435,3.002047",Chinese
c5a95410-9165-473f-99e6-4104ce2db7fd,Learn responsibility even only.,smith.org,Operations,1745,no,no,desktop,Opera,2025-03-14T10:29:56,493,"30.2831185,-141.710727",Japanese
74c7d951-5aea-4a92-b1e1-473481b62843,Same trade allow.,yang-montoya.com,IT,5680,yes,no,desktop,Edge,2025-03-06T18:37:17,493,"87.575961,-18.935252",Chinese
febcb588-5d44-4bc1-bc82-f2f659a6dbc1,Play seat head culture.,marks.com,HR,894,no,yes,mobile,Edge,2025-01-30T05:39:08,52,"29.4876795,-99.000877",Japanese
f5706529-f1dc-4826-9219-e28a0552ded7,Hospital man word nor material her leg.,wood.info,Operations,7484,yes,yes,mobile,Chrome,2025-02-22T15:54:23,226,"-70.0247495,-25.186709",Chinese
c23aa86d-2e88-4f10-b9cb-75043efc32d7,Congress way treatment leader customer detail.,ramirez.com,HR,8885,no,no,desktop,Firefox,2025-03-13T22:09:31,546,"27.350248,-111.431417",Spanish
c6eb0d15-d053-4233-93fe-4bac4d11bc89,Particular specific million.,anderson.com,Operations,9576,yes,no,desktop,Edge,2025-03-03T21:59:52,105,"89.9851835,-116.826086",French
266e6993-0f5c-476d-b4b4-db4941732edd,Contain front game show.,cochran.com,IT,7169,no,yes,desktop,Safari,2025-01-22T17:47:17,62,"87.0509315,-36.605584",German
d58aba11-d0ce-4e2b-94f7-c137e7d342fa,Really whether marriage almost admit make office.,tran-hamilton.com,Sales,9562,yes,no,mobile,Firefox,2025-04-01T14:47:29,288,"-7.974128,-8.963833",French
5aa78fbd-5fd6-4607-982c-27c3f289f043,Occur kid two tonight catch.,james-white.org,Sales,8842,yes,yes,desktop,Edge,2025-02-06T07:22:58,237,"78.2115305,-133.266300",Chinese
b275ed04-b50a-4d0b-abc4-3b89659d0d15,Institution wear onto walk most senior pretty identify.,garcia-giles.com,Finance,7320,yes,no,desktop,Firefox,2025-03-08T08:59:24,78,"19.3207155,118.371857",German
807c6209-06e1-4a3f-a98f-4b23e096e30f,Story fast piece goal respond.,barnett-roberts.biz,Finance,8419,no,yes,mobile,Edge,2025-01-13T19:10:41,390,"-66.323516,31.102217",Spanish
506aa795-1912-45a7-9eb3-0a5511a8b8e7,Carry positive base process adult accept.,johnson-fowler.com,Sales,5421,yes,no,mobile,Chrome,2025-02-18T19:19:18,239,"-56.9216425,-32.977163",English
bea26b89-4e19-4fb9-99a8-a6d51dc64369,Take education could themselves idea.,griffin.com,Operations,902,no,yes,desktop,Safari,2025-03-06T23:24:46,528,"-12.042137,133.808095",German
ffc5b846-6489-42c8-b1cb-989bb45a34d4,Whatever contain culture than white.,diaz-taylor.com,Operations,3491,no,yes,mobile,Edge,2025-03-27T21:42:52,528,"-33.0694735,-137.508976",French
da2b6d0c-a528-427e-a313-9759aa8e53c3,Bad beat maintain call every identify hot.,franco-moore.com,Sales,9206,no,no,mobile,Edge,2025-03-23T00:05:55,281,"51.8385505,103.131275",French
9a66914d-747f-4ea5-844d-47a8f032ea47,Hour child test bill ball summer her whom.,hernandez-collier.org,HR,5777,yes,no,mobile,Safari,2025-02-22T21:26:21,261,"-20.531334,115.883685",Spanish
936ba489-81a5-4cf1-a984-f03f8a69d15b,Six still often reason involve analysis kid career.,carlson.com,Sales,4418,yes,yes,desktop,Opera,2025-02-27T10:57:53,183,"79.276958,154.307826",Japanese
a3453b48-b36f-48b8-bfd5-121cc5e73436,Very learn never sure.,murray.com,Finance,7296,no,no,mobile,Firefox,2025-02-24T01:31:30,546,"66.7011545,0.885245",French
84cfc1ec-1f9a-4d1a-8998-eee9618b2e3f,Street heavy career many support religious ball.,moore-norris.info,Marketing,4349,no,yes,mobile,Edge,2025-01-10T09:59:39,507,"-11.510330,-22.409384",French
28814172-78cc-45d0-8ccb-386706588350,Force that measure word firm.,haas.com,HR,2794,yes,no,desktop,Firefox,2025-02-18T10:34:42,38,"-72.6257125,179.823553",French
ce89ee5c-3256-4375-8c5e-6758b8448f54,Final play simple.,davis-miranda.com,Marketing,4931,yes,no,desktop,Chrome,2025-03-16T16:24:19,352,"73.556582,175.616610",Spanish
adb733ec-3baa-4755-bbac-086af4ac0058,Drop office possible television method.,davila.net,Operations,9111,no,yes,desktop,Safari,2025-01-04T10:15:50,407,"-28.7070465,-83.623055",Chinese
e6293ab1-66f2-49ae-83e5-2da0f0787eec,Wish special our.,castillo.com,HR,2716,no,yes,mobile,Safari,2025-02-10T16:35:09,541,"-51.323139,112.207675",Chinese
6072d768-6c38-4199-a5e4-217b7641915b,Government per argue Congress.,matthews.com,Operations,9127,no,yes,desktop,Chrome,2025-02-17T20:35:34,275,"18.272769,-85.589455",Japanese
492ed7e7-3f4c-4354-9f59-ac225be623c1,Effect current finish near.,mccarthy.com,HR,5537,no,no,mobile,Firefox,2025-02-19T10:58:56,121,"37.426624,156.488301",English
a8a63fe7-44e9-4d80-9956-d4e2e28b51e6,Get paper scene interest discover sense.,davis-cervantes.org,IT,7913,yes,yes,mobile,Opera,2025-03-09T15:27:12,203,"65.308601,-46.799973",Japanese
cf7a1158-d416-4b66-8d41-e8df2f600bc8,Food face individual water friend direction.,johnston.biz,Operations,3866,no,no,mobile,Opera,2025-01-10T06:38:10,164,"-19.1422075,145.605185",Chinese
dfe85aca-e73f-451e-9e9c-f21264bc7534,Treat book his beyond.,davis-levine.org,Marketing,1692,no,no,mobile,Safari,2025-01-25T13:06:25,155,"-31.6595105,133.467345",French
97e3030d-57c1-481b-ad2a-b54e102d1677,Else energy hand leave chair despite.,wood-hughes.com,Finance,9974,no,no,mobile,Opera,2025-03-24T15:24:49,548,"-22.0580295,158.192719",Spanish
c398f932-7b1f-44da-8245-9d31fd476c61,Never politics increase spring a.,miranda.com,Operations,8350,yes,no,desktop,Chrome,2025-01-27T07:03:49,410,"-35.7499335,-125.856969",Spanish
c2943b00-e341-4b77-8313-05d34cc1ee3d,Trade president PM culture for shake from.,rodriguez-schneider.info,Operations,3026,no,yes,mobile,Edge,2025-01-27T14:29:34,139,"67.629865,-11.319688",Japanese
3c0b27bc-ff07-4ca7-be85-25cfd54113a0,Long short his wear a.,goodman.com,Finance,2407,no,no,mobile,Opera,2025-03-11T15:59:13,161,"-37.052637,-59.258141",French
5cb29703-2503-4af8-b214-2c737bd5accb,Wife kid finally very sea arm list page.,mack.net,Marketing,2661,no,no,desktop,Firefox,2025-02-03T02:19:15,198,"73.757426,-108.392389",Japanese
8618eba3-6d0d-4507-a6a0-60d4936a7b55,International heavy office method start.,donaldson.com,Sales,4230,no,no,desktop,Edge,2025-03-04T17:06:46,469,"-52.7884475,76.322485",English
e24597cf-fd9b-445c-9bb4-2a45f3c16e0a,Life hot western media.,velez-delgado.com,IT,2695,no,yes,mobile,Edge,2025-02-14T14:58:44,370,"-44.4325635,-56.371731",French
9c53187b-3d11-4798-a4c3-53af0d433e37,Read word beat future past chance professor.,nichols.com,IT,6344,no,no,desktop,Chrome,2025-02-25T01:52:31,282,"27.318158,-41.734208",French
aae3bfe9-029c-4f5b-ac9d-f2d08c4b6053,Wear pattern ok out try later again century.,montoya-smith.com,Sales,8465,no,yes,desktop,Safari,2025-01-10T01:37:09,128,"69.919255,-128.909413",German
630ead4e-db0b-4392-be71-e1b61cea1a17,Other wide a yard.,mckay.com,Sales,651,yes,yes,desktop,Opera,2025-01-31T03:59:21,90,"79.300120,112.490373",Chinese
d6f6ceae-ae8d-4a10-b31e-aa55965f4374,Participant majority just see win left.,palmer.com,Sales,8551,yes,no,desktop,Edge,2025-03-08T05:38:37,556,"3.3457865,-13.999688",Spanish
0dd20146-6a7d-44f6-a193-5d2a70218c71,Yard sense green give attention report population.,cannon.com,Finance,7341,yes,no,desktop,Safari,2025-02-14T17:37:36,590,"-18.427029,-149.123482",Spanish
d5bf6936-d54e-4409-b4a7-c96373b42a89,New than lead.,bruce.com,Operations,4847,yes,yes,desktop,Firefox,2025-01-17T11:47:23,64,"75.8634765,-136.438188",French
5c8f3e08-a12e-463a-9cf4-101c5b8b77d4,Special paper benefit provide author dream.,reynolds.com,Finance,2012,no,yes,mobile,Safari,2025-02-16T09:24:49,205,"60.008076,121.801353",Spanish
e9c520d9-78c1-4ad2-af51-844a33ade00b,Reason site type sign account stop name.,green.com,HR,2723,yes,yes,mobile,Firefox,2025-02-23T04:33:46,427,"-59.0422695,-84.406856",Chinese
f5eb8223-bbaf-494d-8696-4123a7efc0c3,Interview military commercial radio respond pick.,torres-hughes.com,Operations,2176,yes,yes,mobile,Chrome,2025-03-14T20:04:31,221,"64.025337,136.508616",Spanish
cfe5314c-e74f-4c67-81cb-b70dc9bdcfdb,Partner per Republican own like control.,brown.com,Marketing,3776,no,no,mobile,Firefox,2025-02-08T05:42:01,277,"0.9762475,-120.905977",Japanese
d03425b4-d9bf-4907-ac8e-18347a58c224,Fill gas trial interesting will control local develop.,burnett.org,Marketing,1728,yes,no,desktop,Opera,2025-01-15T21:12:11,515,"74.0391485,168.864505",English
14197cdb-98f7-479d-8512-5609a9104d52,Blood southern range certainly.,barron.com,Operations,2833,no,yes,desktop,Chrome,2025-01-23T00:27:16,465,"24.4299315,56.087363",Japanese
c51be88d-3399-431f-a14b-b934f166fc00,Thing reflect entire character expect total.,hampton-rowe.com,IT,2597,no,yes,desktop,Safari,2025-03-22T11:01:12,585,"33.2695065,-141.494057",French
8fabb346-973b-44ef-b02c-aff090553f91,Try take art relationship upon inside item.,king.com,Operations,1451,yes,yes,desktop,Safari,2025-02-04T07:04:32,378,"28.6875665,-141.470420",English
fec42132-8df8-4f81-8230-687f3e43d4fb,So strong back laugh day describe often.,brown.org,IT,1795,no,yes,mobile,Opera,2025-03-04T19:15:24,186,"56.198254,113.730903",German
c41840b9-a2a0-4388-9d1b-ec01fb654bba,Pressure several theory order guess.,wright.info,Marketing,9301,yes,yes,desktop,Firefox,2025-01-15T10:13:20,547,"43.1980235,29.687525",English
d2bf2d3d-b9d6-4c52-b6db-a64c63a95fa7,Population week catch approach film attention example.,conner-mueller.com,Finance,952,no,yes,desktop,Opera,2025-02-05T22:01:14,388,"34.835357,149.820035",German
2004ff06-3c37-402e-b840-55089d127de2,Them certainly doctor point probably.,moss.net,Sales,4681,yes,no,mobile,Chrome,2025-03-14T21:45:32,356,"-28.1833995,174.615820",French
0f17ddd8-f516-4831-b315-9172da44b2b2,House want discuss thing scientist bank.,williams-moore.com,HR,6102,yes,no,desktop,Firefox,2025-02-26T14:48:00,236,"51.235182,-49.141800",Chinese
dd1a3ffe-b101-4d0a-b5dc-9b8eef83443f,Recent ten term friend five human hard.,hernandez.com,Finance,8253,yes,yes,desktop,Firefox,2025-02-20T10:11:53,199,"-11.219664,76.815214",German
4cdf8443-1899-4f71-9959-a809c40c4505,Institution same yes dream nothing shoulder account.,kelley.com,IT,2897,yes,no,mobile,Edge,2025-01-25T16:46:45,240,"31.6964915,-155.401878",French
c023e09d-a793-4927-824a-7908fcacd733,Vote every take.,walker.com,Operations,7824,no,no,mobile,Edge,2025-02-25T09:17:02,243,"17.386504,-23.147153",French
c2be69c7-7719-446a-bc70-087341149bed,Few most prevent capital appear.,bradshaw.org,Finance,4301,yes,no,desktop,Firefox,2025-02-08T01:03:21,548,"20.1651765,-8.451029",Japanese
2039034e-6eef-45d8-a414-831aeb79ad16,Serve couple throw out later run.,smith-avila.com,IT,556,yes,no,desktop,Firefox,2025-01-09T17:39:42,87,"86.4012055,143.788954",Spanish
ad9864fc-3633-410f-9514-493dd8185694,Discover occur speech area second main.,pratt-ferguson.org,Marketing,6106,yes,no,desktop,Firefox,2025-03-15T10:04:23,151,"50.376850,169.918432",German
9d11e4d6-aab5-4316-b5cc-3f81d61238e0,Mean across face run source them fact.,house.com,Sales,3114,yes,no,desktop,Safari,2025-03-24T23:43:39,108,"54.485533,151.263234",French
53d5a5ab-90d4-46b4-9015-991379eb9c83,Performance son weight close drive drop.,liu-simmons.com,IT,4938,yes,no,desktop,Safari,2025-02-22T07:59:51,70,"52.4243575,140.333257",German
53f14074-4553-474c-ab9c-bcd66b0aa386,Here bad moment blood door land.,blackwell.biz,Finance,3175,no,no,desktop,Chrome,2025-03-25T15:14:42,556,"-3.6568015,-69.781142",English
481eb7f7-6611-46f7-a45e-76bd0728b9c1,Happen check culture theory.,wyatt.biz,Operations,7934,no,no,desktop,Opera,2025-03-06T12:21:15,97,"-44.3787995,-132.520011",French
a06b4945-8701-4939-b06e-576362c9af82,Third certain start audience newspaper action so democratic.,harris.net,Finance,8269,yes,no,desktop,Edge,2025-04-01T05:14:44,157,"31.5916835,-93.548068",English
fa3d1011-bc92-4a05-9b7d-91c4efc0f8a0,Own accept threat market force.,miller-ramirez.biz,Sales,7412,no,no,mobile,Safari,2025-01-19T15:28:23,238,"25.2220865,-106.707957",Chinese
c790a642-c143-46ad-826a-ff4218fc9d30,Write picture six prepare nice.,hill-holder.com,Marketing,6723,no,no,mobile,Firefox,2025-03-13T07:34:27,22,"-39.9629765,-32.587880",Chinese
f9cb04c0-3f38-4c77-be8c-4fed7d7ffda8,Never throw stay get.,lynch-berry.com,Sales,6448,yes,yes,mobile,Safari,2025-01-14T19:53:30,433,"45.5324985,116.525989",Spanish
3236b60c-4b4a-408c-bcc3-e62cdd27bdcb,Before picture surface.,herrera.com,Finance,6726,yes,yes,mobile,Safari,2025-04-02T02:06:19,275,"-68.2537325,73.302586",English
73d673e9-fd90-4d9f-bad9-db91513a06ec,Able serve suffer safe the they pass marriage.,romero-smith.com,Operations,2361,no,yes,mobile,Opera,2025-03-01T13:53:41,107,"-31.5132615,95.616007",French
943fe95e-e1d5-4a47-ad62-d342d4b40bae,Media piece debate lay behind.,villanueva-hammond.com,Finance,7713,no,yes,mobile,Edge,2025-01-29T04:38:17,83,"-76.7369285,-125.824465",Spanish
39b4841e-bf8a-4da4-b259-bbc768dd63e8,Purpose worker return message.,rich.info,Operations,8943,yes,yes,desktop,Edge,2025-01-23T04:41:16,132,"-2.5703295,35.794391",Spanish
a5513dc8-d506-423a-ad24-56f1c42867b2,Fine where during buy why everyone early.,lopez-woodard.com,Sales,8035,yes,yes,mobile,Edge,2025-01-12T12:53:19,47,"-6.1761495,-127.762649",Chinese
ba6c9023-facc-44cc-bca1-506ffe2d1729,Set sit once at eat reality tree.,allen.com,Operations,8960,yes,no,mobile,Safari,2025-03-05T22:37:32,516,"-7.596089,84.443510",French
d321cd63-e318-4b7a-b9d4-b90ff132c3ca,Manage everybody up human.,clements-branch.com,Marketing,9335,no,yes,desktop,Opera,2025-01-03T17:17:14,311,"-0.853898,173.213314",Japanese
586312e0-8421-472a-9802-fa10866e407c,Difficult test career wonder expert study.,guzman.com,Finance,8560,no,yes,mobile,Chrome,2025-01-31T12:22:31,154,"-54.1094365,112.952031",French
5aae3435-dbe4-4c6f-8695-6370e592c2c1,Today health staff degree color religious.,sellers-sandoval.com,IT,4800,no,yes,desktop,Edge,2025-01-16T20:10:37,216,"-11.3383515,153.569940",Japanese
f5b71064-bc12-49e1-b300-ceca08540588,Middle check first join rich candidate exist.,perez.com,Finance,8860,yes,no,mobile,Safari,2025-02-24T04:17:27,347,"-50.2698865,113.612718",English
3d3855b6-86ec-4f08-a315-031586e2f34c,Defense difficult more economy management child might.,gray-gray.com,Finance,2564,yes,yes,mobile,Edge,2025-01-16T00:03:46,146,"21.2014745,-22.134408",German
4850bf50-381a-4f2f-b1aa-fb15ba4275aa,Dog town help she.,santiago.com,Sales,2702,yes,no,mobile,Chrome,2025-02-27T13:15:05,551,"-65.393378,128.905132",English
de4bf089-46f1-4260-9b41-2293661f3002,Sit all laugh contain everyone hand.,herrera.com,HR,8493,no,no,mobile,Chrome,2025-03-23T11:29:29,46,"23.3038485,-22.181375",French
e701c49f-ef34-4e3d-8101-511bbbfea7b7,Election light eye speech form may meeting.,lopez.biz,Finance,9447,no,no,mobile,Safari,2025-03-07T11:09:12,570,"-42.675401,-179.866513",Japanese
16e214fd-a7ef-429b-ae3c-f07d2244539f,Score especially speech expert certain recently share.,rodriguez.org,IT,2726,no,yes,desktop,Firefox,2025-01-04T05:26:11,296,"7.1000305,-165.890427",French
10611689-00b6-4759-be98-398a53c019cd,Job information usually community.,cunningham.com,IT,9421,yes,no,mobile,Opera,2025-01-05T20:48:39,162,"77.5677685,111.671359",French
dcd39254-0da2-4838-a950-317962143274,His range ten loss old course course.,anderson.info,HR,3996,yes,yes,desktop,Firefox,2025-01-06T15:19:36,165,"-73.099268,-56.506793",Chinese
2cbb3576-ed8f-4c5f-a293-ce60d2bd57de,Movement door television sport because book.,carter-white.net,Operations,646,no,yes,desktop,Opera,2025-01-30T05:01:02,372,"-0.6848095,-105.854156",English
4cb90467-cc91-4faa-b292-d52e5abb0ffc,Yourself million PM listen.,torres-logan.com,HR,8738,no,yes,desktop,Edge,2025-01-15T21:48:08,369,"-61.5156005,132.093181",German
14e8b9f8-6f82-4a6c-a849-de801b39103d,Next sort notice agency enjoy.,rodriguez-walton.com,HR,3198,yes,yes,desktop,Edge,2025-03-07T10:41:11,513,"-72.4941965,-88.620666",English
7b80e9de-71df-4346-9d60-5f652f37a23a,Window sound suffer role mission.,lewis.org,Finance,4948,yes,no,mobile,Edge,2025-03-19T19:14:45,588,"-36.569911,-53.985624",Japanese
9e708efb-cb53-4fc4-a4bf-8bec1d81e21a,Light toward go recognize life.,fields-singh.biz,Sales,2687,yes,yes,desktop,Safari,2025-02-18T17:24:14,383,"56.735881,-82.156259",Japanese
7551a32a-affb-457c-97dc-6958bbafd1a3,Trip design goal these.,moss.net,Marketing,4606,yes,no,mobile,Firefox,2025-03-24T03:10:54,446,"70.953236,71.677522",English
129478b3-ac6b-4934-b7ec-3245f6d5afc3,Their catch without from factor world.,gray.info,IT,6190,no,no,mobile,Firefox,2025-03-21T10:13:29,561,"16.6759845,37.593754",Japanese
0fa17eba-1f73-42d3-b4eb-58bf313ea02d,Since man fear consumer bag send.,gonzalez.com,Sales,9734,yes,yes,desktop,Edge,2025-01-10T19:30:36,411,"-29.4029245,112.120079",Japanese
3c3c1f15-cff6-44d4-84ed-a0a2a8462d58,Laugh somebody she mission work pretty talk very.,clark.info,HR,4560,yes,no,mobile,Firefox,2025-01-05T04:14:19,486,"-16.7205555,138.940612",Chinese
170b5e9b-acdf-40a5-a9a7-d0036edb48c3,Population practice trade fact network nature.,peterson.org,IT,1006,no,yes,desktop,Opera,2025-01-25T16:46:46,575,"-81.323070,89.241363",Chinese
1a5de631-0b0d-46eb-aa9d-3342f74bfc92,Add wind western president region where gas interesting.,miller.com,Sales,2309,yes,yes,desktop,Chrome,2025-01-16T09:07:26,341,"-0.9351195,97.420974",German
f40f8831-9ad3-44eb-99d3-aadf2643f347,Note Democrat artist address bank.,nelson.com,Sales,7562,yes,yes,desktop,Chrome,2025-03-30T02:05:46,402,"86.804438,-29.726004",Japanese
42044819-f426-4f10-8b36-46bb76c788f5,Cover usually customer notice defense I once job.,lyons-medina.net,Sales,664,yes,no,desktop,Chrome,2025-01-02T19:34:02,133,"16.5591215,36.445423",German
b7564164-0d35-42f8-a274-c0590982d3d0,Stop attack conference read to role.,marshall.biz,Operations,8335,no,yes,desktop,Firefox,2025-03-30T09:34:09,120,"-22.664086,-178.458269",German
39e92e0c-4c62-472c-ba3a-fcc8ffdf64c3,Rule three analysis near him operation.,bautista.org,Finance,2182,yes,no,mobile,Edge,2025-02-26T06:39:15,563,"60.186932,-14.779141",Spanish
49f9cabc-1e2b-45ae-a8c6-678c3d077ca6,When music else increase size time book.,terrell.com,Operations,9896,yes,yes,desktop,Opera,2025-01-20T18:25:05,77,"79.006966,84.285874",German
afb92e0c-0a77-449e-8513-d3687f055385,Perhaps forget admit next reality mouth determine.,jenkins.com,Sales,8103,no,no,mobile,Safari,2025-03-24T08:49:47,312,"89.582396,-153.644853",Japanese
da2bbfbb-7261-4a3f-bfd5-791ba201765b,Miss data next many.,salazar-love.com,Sales,3330,no,no,mobile,Chrome,2025-01-25T11:40:10,73,"39.051652,6.576819",Japanese
ddc17043-2457-4ac7-b589-e900479bcf57,A surface miss behind state.,cruz.com,HR,9882,yes,yes,mobile,Opera,2025-03-19T00:03:43,423,"-86.1838675,0.660724",Japanese
dad0a9fc-3f6a-4b22-9539-c6740b209814,Bar doctor boy star.,weber-riley.com,IT,4049,no,yes,mobile,Opera,2025-01-26T21:45:38,412,"46.5203715,9.671217",Spanish
108ab2b8-8cf1-477c-a247-204bdd34e2d4,By character special hospital.,hughes.com,Marketing,5414,no,yes,mobile,Chrome,2025-03-31T08:52:54,407,"-20.199082,-164.202727",Japanese
dbaa7898-0e8d-4362-8a65-e728fb1bb4f4,Price add not sign want garden.,martinez.org,IT,7032,no,no,mobile,Edge,2025-03-20T04:13:18,388,"-50.6789355,133.172720",English
3b198ce8-eb4a-44d9-8229-426c2d8f9344,Out charge bill create glass out.,gates-white.com,Finance,2434,no,no,mobile,Safari,2025-02-10T06:08:16,136,"80.6987445,111.243351",English
f545fdb0-372f-441d-b33f-a12437aedf47,Pressure among bar might decade front tough where.,anderson.org,Operations,5061,no,yes,mobile,Safari,2025-03-14T18:31:26,145,"-77.0197085,-29.586239",German
8317e18a-cb4e-4b65-b4c9-350963dc8185,Despite mean option and serve determine.,watson.info,Operations,4041,yes,yes,mobile,Safari,2025-01-10T12:20:00,375,"43.5226745,-42.559927",German
aef24ef3-34b4-4818-9755-947c63d56409,Those produce join.,watkins.net,Finance,5348,no,yes,mobile,Safari,2025-03-03T04:51:40,361,"30.0460455,-2.970755",English
59f1d16f-59ba-4429-9aaf-0312756a31da,Rock school hit audience sell.,holland.org,Operations,2765,no,yes,desktop,Firefox,2025-01-25T16:26:04,120,"41.755552,177.345774",Chinese
